protein_id,position,residue,predicted_ss
4A47_A,1,T,E
4A47_A,2,I,E
4A47_A,3,Q,E
4A47_A,4,L,E
4A47_A,5,T,E
4A47_A,6,V,E
4A47_A,7,P,E
4A47_A,8,T,C
4A47_A,9,M,C
4A47_A,10,D,C
4A47_A,11,C,C
4A47_A,12,T,C
4A47_A,13,S,H
4A47_A,14,C,H
4A47_A,15,A,H
4A47_A,16,E,H
4A47_A,17,A,H
4A47_A,18,V,H
4A47_A,19,T,H
4A47_A,20,K,H
4A47_A,21,A,H
4A47_A,22,V,H
4A47_A,23,Q,H
4A47_A,24,N,C
4A47_A,25,E,C
4A47_A,26,D,C
4A47_A,27,A,C
4A47_A,28,Q,C
4A47_A,29,A,E
4A47_A,30,T,E
4A47_A,31,V,E
4A47_A,32,Q,E
4A47_A,33,V,E
4A47_A,34,D,E
4A47_A,35,L,C
4A47_A,36,T,C
4A47_A,37,S,C
4A47_A,38,K,C
4A47_A,39,K,E
4A47_A,40,V,E
4A47_A,41,T,E
4A47_A,42,I,E
4A47_A,43,T,E
4A47_A,44,S,C
4A47_A,45,A,C
4A47_A,46,L,C
4A47_A,47,G,C
4A47_A,48,E,H
4A47_A,49,E,H
4A47_A,50,Q,H
4A47_A,51,L,H
4A47_A,52,R,H
4A47_A,53,T,H
4A47_A,54,A,H
4A47_A,55,I,H
4A47_A,56,A,H
4A47_A,57,S,H
4A47_A,58,A,C
4A47_A,59,G,C
4A47_A,60,H,C
4A47_A,61,E,C
4A47_A,62,V,C
4A47_A,63,E,C
3RZO_L,1,M,C
3RZO_L,2,S,C
3RZO_L,3,R,C
3RZO_L,4,E,C
3RZO_L,5,G,C
3RZO_L,6,F,C
3RZO_L,7,Q,C
3RZO_L,8,I,C
3RZO_L,9,P,C
3RZO_L,10,T,C
3RZO_L,11,N,C
3RZO_L,12,L,C
3RZO_L,13,D,C
3RZO_L,14,A,C
3RZO_L,15,A,C
3RZO_L,16,A,C
3RZO_L,17,A,C
3RZO_L,18,G,C
3RZO_L,19,T,C
3RZO_L,20,S,C
3RZO_L,21,Q,C
3RZO_L,22,A,C
3RZO_L,23,R,C
3RZO_L,24,T,C
3RZO_L,25,A,C
3RZO_L,26,T,C
3RZO_L,27,L,C
3RZO_L,28,K,E
3RZO_L,29,Y,E
3RZO_L,30,I,E
3RZO_L,31,C,E
3RZO_L,32,A,E
3RZO_L,33,E,E
3RZO_L,34,C,C
3RZO_L,35,S,C
3RZO_L,36,S,C
3RZO_L,37,K,C
3RZO_L,38,L,C
3RZO_L,39,S,C
3RZO_L,40,L,C
3RZO_L,41,S,C
3RZO_L,42,R,C
3RZO_L,43,T,C
3RZO_L,44,D,C
3RZO_L,45,A,C
3RZO_L,46,V,C
3RZO_L,47,R,C
3RZO_L,48,C,C
3RZO_L,49,K,C
3RZO_L,50,D,C
3RZO_L,51,C,C
3RZO_L,52,G,C
3RZO_L,53,H,C
3RZO_L,54,R,C
3RZO_L,55,I,E
3RZO_L,56,L,E
3RZO_L,57,L,E
3RZO_L,58,K,E
3RZO_L,59,A,C
3RZO_L,60,R,C
3RZO_L,61,T,C
3RZO_L,62,K,C
3RZO_L,63,R,C
3RZO_L,64,L,C
3RZO_L,65,V,E
3RZO_L,66,Q,E
3RZO_L,67,F,E
3RZO_L,68,E,C
3RZO_L,69,A,C
3RZO_L,70,R,C
3AX3_G,1,G,C
3AX3_G,2,P,C
3AX3_G,3,L,C
3AX3_G,4,G,C
3AX3_G,5,S,C
3AX3_G,6,D,C
3AX3_G,7,L,C
3AX3_G,8,K,C
3AX3_G,9,D,H
3AX3_G,10,A,H
3AX3_G,11,E,H
3AX3_G,12,A,H
3AX3_G,13,V,H
3AX3_G,14,Q,H
3AX3_G,15,K,H
3AX3_G,16,F,H
3AX3_G,17,F,H
3AX3_G,18,L,H
3AX3_G,19,E,H
3AX3_G,20,E,H
3AX3_G,21,I,H
3AX3_G,22,Q,H
3AX3_G,23,L,H
3AX3_G,24,G,H
3AX3_G,25,E,H
3AX3_G,26,E,H
3AX3_G,27,L,H
3AX3_G,28,L,H
3AX3_G,29,A,H
3AX3_G,30,Q,C
3AX3_G,31,G,C
3AX3_G,32,D,C
3AX3_G,33,Y,H
3AX3_G,34,E,H
3AX3_G,35,K,H
3AX3_G,36,G,H
3AX3_G,37,V,H
3AX3_G,38,D,H
3AX3_G,39,H,H
3AX3_G,40,L,H
3AX3_G,41,T,H
3AX3_G,42,N,H
3AX3_G,43,A,H
3AX3_G,44,I,H
3AX3_G,45,A,H
3AX3_G,46,V,H
3AX3_G,47,S,C
3AX3_G,48,G,C
3AX3_G,49,Q,C
3AX3_G,50,P,H
3AX3_G,51,Q,H
3AX3_G,52,Q,H
3AX3_G,53,L,H
3AX3_G,54,L,H
3AX3_G,55,Q,H
3AX3_G,56,V,H
3AX3_G,57,L,H
3AX3_G,58,Q,H
3AX3_G,59,Q,H
3AX3_G,60,T,H
3AX3_G,61,L,C
3AX3_G,62,P,C
3AX3_G,63,P,C
3AX3_G,64,P,H
3AX3_G,65,V,H
3AX3_G,66,F,H
3AX3_G,67,Q,H
3AX3_G,68,M,H
3AX3_G,69,L,H
3AX3_G,70,L,H
3AX3_G,71,T,C
3AX3_G,72,K,C
3AX3_G,73,L,C
2C4F_T,1,T,C
2C4F_T,2,V,C
2C4F_T,3,A,C
2C4F_T,4,A,E
2C4F_T,5,Y,E
2C4F_T,6,N,E
2C4F_T,7,L,E
2C4F_T,8,T,E
2C4F_T,9,W,E
2C4F_T,10,K,E
2C4F_T,11,S,C
2C4F_T,12,T,C
2C4F_T,13,N,C
2C4F_T,14,F,C
2C4F_T,15,K,C
2C4F_T,16,T,E
2C4F_T,17,I,E
2C4F_T,18,L,E
2C4F_T,19,E,E
2C4F_T,20,W,E
2C4F_T,21,E,E
2C4F_T,22,P,C
2C4F_T,23,K,C
2C4F_T,24,P,C
2C4F_T,25,V,C
2C4F_T,26,N,C
2C4F_T,27,Q,E
2C4F_T,28,V,E
2C4F_T,29,Y,E
2C4F_T,30,T,E
2C4F_T,31,V,E
2C4F_T,32,Q,E
2C4F_T,33,I,E
2C4F_T,34,S,E
2C4F_T,35,T,E
2C4F_T,36,K,E
2C4F_T,37,S,C
2C4F_T,38,G,C
2C4F_T,39,D,C
2C4F_T,40,W,E
2C4F_T,41,K,E
2C4F_T,42,S,E
2C4F_T,43,K,E
2C4F_T,44,C,E
2C4F_T,45,F,E
2C4F_T,46,Y,E
2C4F_T,47,T,C
2C4F_T,48,T,C
2C4F_T,49,D,C
2C4F_T,50,T,C
2C4F_T,51,E,C
2C4F_T,52,C,C
2C4F_T,53,D,C
2C4F_T,54,L,C
2C4F_T,55,T,H
2C4F_T,56,D,H
2C4F_T,57,E,H
2C4F_T,58,I,H
2C4F_T,59,V,H
2C4F_T,60,K,H
2C4F_T,61,D,H
2C4F_T,62,V,H
2C4F_T,63,K,H
2C4F_T,64,Q,H
2C4F_T,65,T,H
2C4F_T,66,Y,H
2C4F_T,67,L,H
2C4F_T,68,A,H
2C4F_T,69,R,H
2C4F_T,70,V,H
2C4F_T,71,F,C
2C4F_T,72,S,C
2C4F_T,73,Y,C
2C4F_T,74,P,C
2C4F_T,75,A,C
2PNE_A,1,C,C
2PNE_A,2,K,C
2PNE_A,3,G,C
2PNE_A,4,A,C
2PNE_A,5,D,C
2PNE_A,6,G,C
2PNE_A,7,A,C
2PNE_A,8,H,C
2PNE_A,9,G,C
2PNE_A,10,V,C
2PNE_A,11,N,C
2PNE_A,12,G,C
2PNE_A,13,C,C
2PNE_A,14,P,C
2PNE_A,15,G,C
2PNE_A,16,T,C
2PNE_A,17,A,C
2PNE_A,18,G,C
2PNE_A,19,A,C
2PNE_A,20,A,C
2PNE_A,21,G,C
2PNE_A,22,S,C
2PNE_A,23,V,C
2PNE_A,24,G,C
2PNE_A,25,G,C
2PNE_A,26,P,C
2PNE_A,27,G,C
2PNE_A,28,C,C
2PNE_A,29,D,C
2PNE_A,30,G,C
2PNE_A,31,G,C
2PNE_A,32,H,C
2PNE_A,33,G,C
2PNE_A,34,G,C
2PNE_A,35,N,C
2PNE_A,36,G,C
2PNE_A,37,G,C
2PNE_A,38,N,C
2PNE_A,39,G,C
2PNE_A,40,N,C
2PNE_A,41,P,C
2PNE_A,42,G,C
2PNE_A,43,C,C
2PNE_A,44,A,C
2PNE_A,45,G,C
2PNE_A,46,G,C
2PNE_A,47,V,C
2PNE_A,48,G,C
2PNE_A,49,G,C
2PNE_A,50,A,C
2PNE_A,51,G,C
2PNE_A,52,G,C
2PNE_A,53,A,C
2PNE_A,54,S,C
2PNE_A,55,G,C
2PNE_A,56,G,C
2PNE_A,57,T,C
2PNE_A,58,G,C
2PNE_A,59,V,C
2PNE_A,60,G,C
2PNE_A,61,G,C
2PNE_A,62,R,C
2PNE_A,63,G,C
2PNE_A,64,G,C
2PNE_A,65,K,C
2PNE_A,66,G,C
2PNE_A,67,G,C
2PNE_A,68,S,C
2PNE_A,69,G,C
2PNE_A,70,T,C
2PNE_A,71,P,C
2PNE_A,72,K,C
2PNE_A,73,G,C
2PNE_A,74,A,C
2PNE_A,75,D,C
2PNE_A,76,G,C
2PNE_A,77,A,C
2PNE_A,78,P,C
2PNE_A,79,G,C
2PNE_A,80,A,C
2PNE_A,81,P,C
4HIL_A,1,D,C
4HIL_A,2,P,C
4HIL_A,3,A,C
4HIL_A,4,V,C
4HIL_A,5,T,C
4HIL_A,6,Y,C
4HIL_A,7,Y,C
4HIL_A,8,R,C
4HIL_A,9,L,H
4HIL_A,10,E,H
4HIL_A,11,E,H
4HIL_A,12,V,H
4HIL_A,13,A,H
4HIL_A,14,K,C
4HIL_A,15,R,C
4HIL_A,16,N,C
4HIL_A,17,T,C
4HIL_A,18,A,C
4HIL_A,19,E,C
4HIL_A,20,E,C
4HIL_A,21,T,E
4HIL_A,22,W,E
4HIL_A,23,M,E
4HIL_A,24,V,E
4HIL_A,25,I,E
4HIL_A,26,H,C
4HIL_A,27,G,C
4HIL_A,28,R,C
4HIL_A,29,V,C
4HIL_A,30,Y,C
4HIL_A,31,D,H
4HIL_A,32,I,H
4HIL_A,33,T,H
4HIL_A,34,R,H
4HIL_A,35,F,H
4HIL_A,36,L,H
4HIL_A,37,S,H
4HIL_A,38,E,H
4HIL_A,39,H,C
4HIL_A,40,P,C
4HIL_A,41,G,C
4HIL_A,42,G,C
4HIL_A,43,E,C
4HIL_A,44,E,H
4HIL_A,45,V,H
4HIL_A,46,L,H
4HIL_A,47,L,H
4HIL_A,48,E,H
4HIL_A,49,Q,H
4HIL_A,50,A,C
4HIL_A,51,G,C
4HIL_A,52,A,C
4HIL_A,53,D,C
4HIL_A,54,A,C
4HIL_A,55,T,C
4HIL_A,56,E,C
4HIL_A,57,S,C
4HIL_A,58,F,C
4HIL_A,59,E,C
4HIL_A,60,D,C
4HIL_A,61,V,C
4HIL_A,62,G,C
4HIL_A,63,H,C
4HIL_A,64,S,C
4HIL_A,65,P,H
4HIL_A,66,D,H
4HIL_A,67,A,H
4HIL_A,68,R,H
4HIL_A,69,E,H
4HIL_A,70,M,H
4HIL_A,71,L,H
4HIL_A,72,K,H
4HIL_A,73,Q,H
4HIL_A,74,Y,C
4HIL_A,75,Y,C
4HIL_A,76,I,C
4HIL_A,77,G,C
4HIL_A,78,D,C
4HIL_A,79,V,C
4HIL_A,80,H,C
4HIL_A,81,P,C
4HIL_A,82,N,C
4HIL_A,83,D,C
4HIL_A,84,L,C
4HIL_A,85,K,C
4HIL_A,86,P,C
4HIL_A,87,A,C
2M6Q_A,1,M,E
2M6Q_A,2,K,E
2M6Q_A,3,I,E
2M6Q_A,4,I,E
2M6Q_A,5,S,E
2M6Q_A,6,I,E
2M6Q_A,7,S,E
2M6Q_A,8,E,C
2M6Q_A,9,T,C
2M6Q_A,10,P,C
2M6Q_A,11,N,C
2M6Q_A,12,H,C
2M6Q_A,13,N,C
2M6Q_A,14,T,E
2M6Q_A,15,M,E
2M6Q_A,16,K,E
2M6Q_A,17,I,E
2M6Q_A,18,T,E
2M6Q_A,19,L,E
2M6Q_A,20,S,E
2M6Q_A,21,E,E
2M6Q_A,22,S,C
2M6Q_A,23,R,C
2M6Q_A,24,E,C
2M6Q_A,25,G,C
2M6Q_A,26,M,C
2M6Q_A,27,T,C
2M6Q_A,28,S,C
2M6Q_A,29,D,C
2M6Q_A,30,T,C
2M6Q_A,31,Y,C
2M6Q_A,32,T,C
2M6Q_A,33,K,C
2M6Q_A,34,V,C
2M6Q_A,35,D,C
2M6Q_A,36,D,C
2M6Q_A,37,S,C
2M6Q_A,38,Q,C
2M6Q_A,39,P,H
2M6Q_A,40,A,H
2M6Q_A,41,F,H
2M6Q_A,42,I,H
2M6Q_A,43,N,H
2M6Q_A,44,D,H
2M6Q_A,45,I,H
2M6Q_A,46,L,H
2M6Q_A,47,K,H
2M6Q_A,48,V,H
2M6Q_A,49,E,C
2M6Q_A,50,G,C
2M6Q_A,51,V,C
2M6Q_A,52,K,C
2M6Q_A,53,S,C
2M6Q_A,54,I,C
2M6Q_A,55,F,E
2M6Q_A,56,H,E
2M6Q_A,57,V,E
2M6Q_A,58,M,E
2M6Q_A,59,D,E
2M6Q_A,60,F,E
2M6Q_A,61,I,E
2M6Q_A,62,S,C
2M6Q_A,63,V,C
2M6Q_A,64,D,C
2M6Q_A,65,K,C
2M6Q_A,66,E,C
2M6Q_A,67,N,C
2M6Q_A,68,D,C
2M6Q_A,69,A,C
2M6Q_A,70,N,C
2M6Q_A,71,W,H
2M6Q_A,72,E,H
2M6Q_A,73,T,H
2M6Q_A,74,V,H
2M6Q_A,75,L,H
2M6Q_A,76,P,H
2M6Q_A,77,K,H
2M6Q_A,78,V,H
2M6Q_A,79,E,H
2M6Q_A,80,A,H
2M6Q_A,81,V,H
2M6Q_A,82,F,C
2M6Q_A,83,E,C
2M6Q_A,84,L,C
2M6Q_A,85,E,C
2M6Q_A,86,H,C
2M6Q_A,87,H,C
2M6Q_A,88,H,C
2M6Q_A,89,H,C
2M6Q_A,90,H,C
2M6Q_A,91,H,C
4HI1_C,1,M,C
4HI1_C,2,E,C
4HI1_C,3,K,C
4HI1_C,4,Q,C
4HI1_C,5,C,C
4HI1_C,6,S,C
4HI1_C,7,K,E
4HI1_C,8,F,E
4HI1_C,9,I,E
4HI1_C,10,V,E
4HI1_C,11,S,E
4HI1_C,12,G,E
4HI1_C,13,H,E
4HI1_C,14,V,E
4HI1_C,15,Q,E
4HI1_C,16,G,E
4HI1_C,17,V,E
4HI1_C,18,G,E
4HI1_C,19,F,E
4HI1_C,20,R,E
4HI1_C,21,Y,E
4HI1_C,22,H,C
4HI1_C,23,T,C
4HI1_C,24,S,C
4HI1_C,25,H,C
4HI1_C,26,Q,C
4HI1_C,27,G,C
4HI1_C,28,L,C
4HI1_C,29,K,E
4HI1_C,30,L,E
4HI1_C,31,G,E
4HI1_C,32,L,E
4HI1_C,33,T,E
4HI1_C,34,G,E
4HI1_C,35,Y,E
4HI1_C,36,A,E
4HI1_C,37,K,E
4HI1_C,38,N,E
4HI1_C,39,L,C
4HI1_C,40,N,C
4HI1_C,41,N,C
4HI1_C,42,G,C
4HI1_C,43,D,C
4HI1_C,44,V,E
4HI1_C,45,E,E
4HI1_C,46,V,E
4HI1_C,47,V,E
4HI1_C,48,A,E
4HI1_C,49,C,E
4HI1_C,50,G,E
4HI1_C,51,T,E
4HI1_C,52,P,H
4HI1_C,53,E,H
4HI1_C,54,R,H
4HI1_C,55,L,H
4HI1_C,56,E,H
4HI1_C,57,E,H
4HI1_C,58,L,H
4HI1_C,59,Y,H
4HI1_C,60,L,H
4HI1_C,61,W,H
4HI1_C,62,L,H
4HI1_C,63,Q,H
4HI1_C,64,E,C
4HI1_C,65,G,C
4HI1_C,66,P,C
4HI1_C,67,K,C
4HI1_C,68,T,C
4HI1_C,69,A,C
4HI1_C,70,S,C
4HI1_C,71,V,H
4HI1_C,72,R,H
4HI1_C,73,Q,H
4HI1_C,74,V,H
4HI1_C,75,R,H
4HI1_C,76,R,H
4HI1_C,77,L,H
4HI1_C,78,S,H
4HI1_C,79,S,H
4HI1_C,80,E,H
4HI1_C,81,L,H
4HI1_C,82,E,C
4HI1_C,83,H,C
4HI1_C,84,D,C
4HI1_C,85,Y,C
4HI1_C,86,Q,C
4HI1_C,87,G,C
4HI1_C,88,F,C
4HI1_C,89,E,C
4HI1_C,90,I,C
4HI1_C,91,L,C
1QVF_F,1,P,C
1QVF_F,2,V,C
1QVF_F,3,Y,C
1QVF_F,4,V,C
1QVF_F,5,D,C
1QVF_F,6,F,C
1QVF_F,7,D,C
1QVF_F,8,V,C
1QVF_F,9,P,C
1QVF_F,10,A,C
1QVF_F,11,D,C
1QVF_F,12,L,C
1QVF_F,13,E,H
1QVF_F,14,D,H
1QVF_F,15,D,H
1QVF_F,16,A,H
1QVF_F,17,L,H
1QVF_F,18,E,H
1QVF_F,19,A,H
1QVF_F,20,L,H
1QVF_F,21,E,H
1QVF_F,22,V,H
1QVF_F,23,A,H
1QVF_F,24,R,H
1QVF_F,25,D,C
1QVF_F,26,T,C
1QVF_F,27,G,C
1QVF_F,28,A,C
1QVF_F,29,V,C
1QVF_F,30,K,C
1QVF_F,31,K,C
1QVF_F,32,G,C
1QVF_F,33,T,C
1QVF_F,34,N,H
1QVF_F,35,E,H
1QVF_F,36,T,H
1QVF_F,37,T,H
1QVF_F,38,K,H
1QVF_F,39,S,H
1QVF_F,40,I,H
1QVF_F,41,E,H
1QVF_F,42,R,H
1QVF_F,43,G,H
1QVF_F,44,S,H
1QVF_F,45,A,E
1QVF_F,46,E,E
1QVF_F,47,L,E
1QVF_F,48,V,E
1QVF_F,49,F,E
1QVF_F,50,V,E
1QVF_F,51,A,E
1QVF_F,52,E,C
1QVF_F,53,D,C
1QVF_F,54,V,C
1QVF_F,55,Q,C
1QVF_F,56,P,H
1QVF_F,57,E,H
1QVF_F,58,E,H
1QVF_F,59,I,H
1QVF_F,60,V,H
1QVF_F,61,M,H
1QVF_F,62,H,H
1QVF_F,63,I,H
1QVF_F,64,P,H
1QVF_F,65,E,H
1QVF_F,66,L,H
1QVF_F,67,A,H
1QVF_F,68,D,H
1QVF_F,69,E,C
1QVF_F,70,K,C
1QVF_F,71,G,C
1QVF_F,72,V,C
1QVF_F,73,P,C
1QVF_F,74,F,E
1QVF_F,75,I,E
1QVF_F,76,F,E
1QVF_F,77,V,E
1QVF_F,78,E,E
1QVF_F,79,Q,C
1QVF_F,80,Q,C
1QVF_F,81,D,C
1QVF_F,82,D,H
1QVF_F,83,L,H
1QVF_F,84,G,H
1QVF_F,85,H,H
1QVF_F,86,A,H
1QVF_F,87,A,C
1QVF_F,88,G,C
1QVF_F,89,L,C
1QVF_F,90,E,C
1QVF_F,91,V,C
1QVF_F,92,G,C
1QVF_F,93,S,C
1QVF_F,94,A,H
1QVF_F,95,A,H
1QVF_F,96,A,H
1QVF_F,97,A,H
1QVF_F,98,V,H
1QVF_F,99,T,C
1QVF_F,100,D,C
1QVF_F,101,A,C
1QVF_F,102,G,C
1QVF_F,103,A,C
1QVF_F,104,A,H
1QVF_F,105,A,H
1QVF_F,106,T,H
1QVF_F,107,V,H
1QVF_F,108,L,H
1QVF_F,109,E,H
1QVF_F,110,E,H
1QVF_F,111,I,H
1QVF_F,112,A,H
1QVF_F,113,D,H
1QVF_F,114,K,H
1QVF_F,115,V,H
1QVF_F,116,E,H
1QVF_F,117,E,H
1QVF_F,118,L,H
1QVF_F,119,R,H
1NWM_X,1,G,C
1NWM_X,2,A,C
1NWM_X,3,M,C
1NWM_X,4,G,C
1NWM_X,5,S,C
1NWM_X,6,N,C
1NWM_X,7,V,E
1NWM_X,8,I,E
1NWM_X,9,F,E
1NWM_X,10,E,E
1NWM_X,11,D,E
1NWM_X,12,E,E
1NWM_X,13,E,H
1NWM_X,14,K,H
1NWM_X,15,S,H
1NWM_X,16,K,H
1NWM_X,17,M,H
1NWM_X,18,L,H
1NWM_X,19,A,H
1NWM_X,20,R,H
1NWM_X,21,L,H
1NWM_X,22,L,H
1NWM_X,23,K,H
1NWM_X,24,S,C
1NWM_X,25,S,C
1NWM_X,26,H,C
1NWM_X,27,P,H
1NWM_X,28,E,H
1NWM_X,29,D,H
1NWM_X,30,L,H
1NWM_X,31,R,H
1NWM_X,32,A,H
1NWM_X,33,A,H
1NWM_X,34,N,H
1NWM_X,35,K,H
1NWM_X,36,L,H
1NWM_X,37,I,H
1NWM_X,38,K,H
1NWM_X,39,E,H
1NWM_X,40,M,H
1NWM_X,41,V,H
1NWM_X,42,Q,H
1NWM_X,43,E,H
1NWM_X,44,D,H
1NWM_X,45,Q,H
1NWM_X,46,K,H
1NWM_X,47,R,H
1NWM_X,48,M,H
1NWM_X,49,E,H
1NWM_X,50,K,H
1NWM_X,51,I,H
1NWM_X,52,S,H
1NWM_X,53,K,H
1NWM_X,54,R,H
1NWM_X,55,V,H
1NWM_X,56,N,H
1NWM_X,57,A,H
1NWM_X,58,I,H
1NWM_X,59,E,H
1NWM_X,60,E,H
1NWM_X,61,V,H
1NWM_X,62,N,H
1NWM_X,63,N,H
1NWM_X,64,N,H
1NWM_X,65,V,H
1NWM_X,66,K,H
1NWM_X,67,L,H
1NWM_X,68,L,H
1NWM_X,69,T,H
1NWM_X,70,E,H
1NWM_X,71,M,H
1NWM_X,72,V,H
1NWM_X,73,M,H
1NWM_X,74,S,H
1NWM_X,75,H,C
1NWM_X,76,S,C
1NWM_X,77,Q,C
1NWM_X,78,G,C
1NWM_X,79,G,C
1NWM_X,80,A,C
1NWM_X,81,A,C
1NWM_X,82,A,C
1NWM_X,83,G,C
1NWM_X,84,S,C
1NWM_X,85,S,C
1NWM_X,86,E,H
1NWM_X,87,D,H
1NWM_X,88,L,H
1NWM_X,89,M,H
1NWM_X,90,K,H
1NWM_X,91,E,H
1NWM_X,92,L,H
1NWM_X,93,Y,H
1NWM_X,94,Q,H
1NWM_X,95,R,H
1NWM_X,96,C,H
1NWM_X,97,E,H
1NWM_X,98,R,H
1NWM_X,99,M,H
1NWM_X,100,R,H
1NWM_X,101,P,H
1NWM_X,102,T,H
1NWM_X,103,L,H
1NWM_X,104,F,H
1NWM_X,105,R,H
1NWM_X,106,L,H
1NWM_X,107,A,H
1NWM_X,108,S,C
1NWM_X,109,D,C
1NWM_X,110,T,C
1NWM_X,111,E,C
1NWM_X,112,D,C
1NWM_X,113,N,C
1NWM_X,114,D,H
1NWM_X,115,E,H
1NWM_X,116,A,H
1NWM_X,117,L,H
1NWM_X,118,A,H
1NWM_X,119,E,H
1NWM_X,120,I,H
1NWM_X,121,L,H
1NWM_X,122,Q,H
1NWM_X,123,A,H
1NWM_X,124,N,C
1NWM_X,125,D,C
1NWM_X,126,N,C
1NWM_X,127,L,H
1NWM_X,128,T,H
1NWM_X,129,Q,H
1NWM_X,130,V,H
1NWM_X,131,I,H
1NWM_X,132,N,H
1NWM_X,133,L,H
1NWM_X,134,Y,H
1NWM_X,135,K,H
1NWM_X,136,Q,H
1NWM_X,137,L,H
1NWM_X,138,V,H
1NWM_X,139,R,C
1NWM_X,140,G,C
1NWM_X,141,E,C
1NWM_X,142,E,C
5VXY_I,1,F,H
5VXY_I,2,T,H
5VXY_I,3,L,H
5VXY_I,4,I,H
5VXY_I,5,E,H
5VXY_I,6,L,H
5VXY_I,7,M,H
5VXY_I,8,I,H
5VXY_I,9,V,H
5VXY_I,10,V,H
5VXY_I,11,A,H
5VXY_I,12,I,H
5VXY_I,13,I,H
5VXY_I,14,G,H
5VXY_I,15,I,H
5VXY_I,16,L,H
5VXY_I,17,A,H
5VXY_I,18,A,H
5VXY_I,19,I,H
5VXY_I,20,A,H
5VXY_I,21,I,H
5VXY_I,22,P,H
5VXY_I,23,Q,H
5VXY_I,24,Y,H
5VXY_I,25,Q,H
5VXY_I,26,N,H
5VXY_I,27,Y,H
5VXY_I,28,V,H
5VXY_I,29,A,H
5VXY_I,30,R,H
5VXY_I,31,S,C
5VXY_I,32,E,C
5VXY_I,33,G,C
5VXY_I,34,A,C
5VXY_I,35,S,C
5VXY_I,36,A,H
5VXY_I,37,L,H
5VXY_I,38,A,H
5VXY_I,39,S,C
5VXY_I,40,V,C
5VXY_I,41,N,C
5VXY_I,42,P,C
5VXY_I,43,L,C
5VXY_I,44,K,C
5VXY_I,45,T,C
5VXY_I,46,T,C
5VXY_I,47,V,H
5VXY_I,48,E,H
5VXY_I,49,E,H
5VXY_I,50,A,H
5VXY_I,51,L,H
5VXY_I,52,S,H
5VXY_I,53,R,C
5VXY_I,54,G,C
5VXY_I,55,W,C
5VXY_I,56,S,E
5VXY_I,57,V,E
5VXY_I,58,K,E
5VXY_I,59,S,C
5VXY_I,60,G,C
5VXY_I,61,T,C
5VXY_I,62,G,C
5VXY_I,63,T,C
5VXY_I,64,E,C
5VXY_I,65,D,C
5VXY_I,66,A,C
5VXY_I,67,T,C
5VXY_I,68,K,C
5VXY_I,69,K,C
5VXY_I,70,E,C
5VXY_I,71,V,C
5VXY_I,72,P,C
5VXY_I,73,L,C
5VXY_I,74,G,C
5VXY_I,75,V,H
5VXY_I,76,A,H
5VXY_I,77,A,H
5VXY_I,78,D,H
5VXY_I,79,A,H
5VXY_I,80,N,H
5VXY_I,81,K,H
5VXY_I,82,L,C
5VXY_I,83,G,C
5VXY_I,84,T,C
5VXY_I,85,I,E
5VXY_I,86,A,E
5VXY_I,87,L,E
5VXY_I,88,K,E
5VXY_I,89,P,C
5VXY_I,90,D,C
5VXY_I,91,P,C
5VXY_I,92,A,C
5VXY_I,93,D,C
5VXY_I,94,G,C
5VXY_I,95,T,C
5VXY_I,96,A,C
5VXY_I,97,D,E
5VXY_I,98,I,E
5VXY_I,99,T,E
5VXY_I,100,L,E
5VXY_I,101,T,E
5VXY_I,102,F,E
5VXY_I,103,T,E
5VXY_I,104,M,E
5VXY_I,105,G,C
5VXY_I,106,G,C
5VXY_I,107,A,C
5VXY_I,108,G,C
5VXY_I,109,P,C
5VXY_I,110,K,C
5VXY_I,111,N,C
5VXY_I,112,K,C
5VXY_I,113,G,C
5VXY_I,114,K,C
5VXY_I,115,I,E
5VXY_I,116,I,E
5VXY_I,117,T,E
5VXY_I,118,L,E
5VXY_I,119,T,E
5VXY_I,120,R,E
5VXY_I,121,T,E
5VXY_I,122,A,C
5VXY_I,123,A,C
5VXY_I,124,D,C
5VXY_I,125,G,C
5VXY_I,126,L,E
5VXY_I,127,W,E
5VXY_I,128,K,E
5VXY_I,129,C,C
5VXY_I,130,T,C
5VXY_I,131,S,C
5VXY_I,132,D,C
5VXY_I,133,Q,C
5VXY_I,134,D,C
5VXY_I,135,E,C
5VXY_I,136,Q,C
5VXY_I,137,F,C
5VXY_I,138,I,C
5VXY_I,139,P,C
5VXY_I,140,K,C
5VXY_I,141,G,C
5VXY_I,142,C,C
5VXY_I,143,S,C
5VXY_I,144,R,C
1SFO_H,1,M,C
1SFO_H,2,S,C
1SFO_H,3,N,C
1SFO_H,4,T,C
1SFO_H,5,L,C
1SFO_H,6,F,C
1SFO_H,7,D,C
1SFO_H,8,D,C
1SFO_H,9,I,E
1SFO_H,10,F,E
1SFO_H,11,Q,E
1SFO_H,12,V,E
1SFO_H,13,S,E
1SFO_H,14,E,E
1SFO_H,15,V,E
1SFO_H,16,D,C
1SFO_H,17,P,C
1SFO_H,18,G,C
1SFO_H,19,R,C
1SFO_H,20,Y,C
1SFO_H,21,N,C
1SFO_H,22,K,E
1SFO_H,23,V,E
1SFO_H,24,C,E
1SFO_H,25,R,E
1SFO_H,26,I,E
1SFO_H,27,E,E
1SFO_H,28,A,E
1SFO_H,29,A,E
1SFO_H,30,S,E
1SFO_H,31,T,C
1SFO_H,32,T,C
1SFO_H,33,Q,C
1SFO_H,34,D,C
1SFO_H,35,Q,C
1SFO_H,36,C,C
1SFO_H,37,K,E
1SFO_H,38,L,E
1SFO_H,39,T,E
1SFO_H,40,L,E
1SFO_H,41,D,E
1SFO_H,42,I,E
1SFO_H,43,N,E
1SFO_H,44,V,E
1SFO_H,45,E,E
1SFO_H,46,L,E
1SFO_H,47,F,C
1SFO_H,48,P,C
1SFO_H,49,V,C
1SFO_H,50,A,C
1SFO_H,51,A,C
1SFO_H,52,Q,C
1SFO_H,53,D,C
1SFO_H,54,S,C
1SFO_H,55,L,E
1SFO_H,56,T,E
1SFO_H,57,V,E
1SFO_H,58,T,E
1SFO_H,59,I,E
1SFO_H,60,A,E
1SFO_H,61,S,E
1SFO_H,62,S,E
1SFO_H,63,L,C
1SFO_H,64,N,C
1SFO_H,65,L,C
1SFO_H,66,E,C
1SFO_H,67,D,C
1SFO_H,68,T,C
1SFO_H,69,P,C
1SFO_H,70,A,C
1SFO_H,71,N,C
1SFO_H,72,D,C
1SFO_H,73,S,C
1SFO_H,74,S,C
1SFO_H,75,A,C
1SFO_H,76,T,C
1SFO_H,77,R,C
1SFO_H,78,S,C
1SFO_H,79,W,C
1SFO_H,80,R,C
1SFO_H,81,P,C
1SFO_H,82,P,C
1SFO_H,83,Q,C
1SFO_H,84,A,C
1SFO_H,85,G,C
1SFO_H,86,D,C
1SFO_H,87,R,C
1SFO_H,88,S,C
1SFO_H,89,L,C
1SFO_H,90,A,C
1SFO_H,91,D,C
1SFO_H,92,D,C
1SFO_H,93,Y,C
1SFO_H,94,D,C
1SFO_H,95,Y,E
1SFO_H,96,V,E
1SFO_H,97,M,E
1SFO_H,98,Y,E
1SFO_H,99,G,E
1SFO_H,100,T,E
1SFO_H,101,A,E
1SFO_H,102,Y,E
1SFO_H,103,K,E
1SFO_H,104,F,E
1SFO_H,105,E,E
1SFO_H,106,E,E
1SFO_H,107,V,C
1SFO_H,108,S,C
1SFO_H,109,K,C
1SFO_H,110,D,C
1SFO_H,111,L,E
1SFO_H,112,I,E
1SFO_H,113,A,E
1SFO_H,114,V,E
1SFO_H,115,Y,E
1SFO_H,116,Y,E
1SFO_H,117,S,C
1SFO_H,118,F,C
1SFO_H,119,G,C
1SFO_H,120,G,C
1SFO_H,121,L,E
1SFO_H,122,L,E
1SFO_H,123,M,E
1SFO_H,124,R,E
1SFO_H,125,L,E
1SFO_H,126,E,E
1SFO_H,127,G,C
1SFO_H,128,N,C
1SFO_H,129,Y,C
1SFO_H,130,R,C
1SFO_H,131,N,C
1SFO_H,132,L,C
1SFO_H,133,N,C
1SFO_H,134,N,C
1SFO_H,135,L,C
1SFO_H,136,K,C
1SFO_H,137,Q,C
1SFO_H,138,E,C
1SFO_H,139,N,C
1SFO_H,140,A,E
1SFO_H,141,Y,E
1SFO_H,142,L,E
1SFO_H,143,L,E
1SFO_H,144,I,C
1SFO_H,145,R,C
1SFO_H,146,R,C
2G9T_U,1,A,C
2G9T_U,2,G,C
2G9T_U,3,N,C
2G9T_U,4,A,C
2G9T_U,5,T,C
2G9T_U,6,E,C
2G9T_U,7,V,C
2G9T_U,8,P,C
2G9T_U,9,A,C
2G9T_U,10,N,C
2G9T_U,11,S,C
2G9T_U,12,T,C
2G9T_U,13,V,C
2G9T_U,14,L,C
2G9T_U,15,S,E
2G9T_U,16,F,E
2G9T_U,17,C,E
2G9T_U,18,A,E
2G9T_U,19,F,E
2G9T_U,20,A,E
2G9T_U,21,V,E
2G9T_U,22,D,E
2G9T_U,23,P,H
2G9T_U,24,A,H
2G9T_U,25,K,H
2G9T_U,26,A,H
2G9T_U,27,Y,H
2G9T_U,28,K,H
2G9T_U,29,D,H
2G9T_U,30,Y,H
2G9T_U,31,L,H
2G9T_U,32,A,H
2G9T_U,33,S,H
2G9T_U,34,G,C
2G9T_U,35,G,C
2G9T_U,36,Q,C
2G9T_U,37,P,C
2G9T_U,38,I,H
2G9T_U,39,T,H
2G9T_U,40,N,H
2G9T_U,41,C,H
2G9T_U,42,V,E
2G9T_U,43,K,E
2G9T_U,44,M,E
2G9T_U,45,L,E
2G9T_U,46,C,E
2G9T_U,47,T,E
2G9T_U,48,H,E
2G9T_U,49,T,E
2G9T_U,50,G,C
2G9T_U,51,T,C
2G9T_U,52,G,C
2G9T_U,53,Q,E
2G9T_U,54,A,E
2G9T_U,55,I,E
2G9T_U,56,T,E
2G9T_U,57,V,E
2G9T_U,58,T,C
2G9T_U,59,P,C
2G9T_U,60,E,C
2G9T_U,61,A,C
2G9T_U,62,N,C
2G9T_U,63,M,C
2G9T_U,64,D,C
2G9T_U,65,Q,C
2G9T_U,66,E,C
2G9T_U,67,S,C
2G9T_U,68,F,C
2G9T_U,69,G,C
2G9T_U,70,G,C
2G9T_U,71,A,E
2G9T_U,72,S,E
2G9T_U,73,C,E
2G9T_U,74,C,E
2G9T_U,75,L,E
2G9T_U,76,Y,E
2G9T_U,77,C,E
2G9T_U,78,R,E
2G9T_U,79,C,E
2G9T_U,80,H,E
2G9T_U,81,I,C
2G9T_U,82,D,C
2G9T_U,83,H,C
2G9T_U,84,P,C
2G9T_U,85,N,C
2G9T_U,86,P,C
2G9T_U,87,K,C
2G9T_U,88,G,C
2G9T_U,89,F,C
2G9T_U,90,C,C
2G9T_U,91,D,C
2G9T_U,92,L,C
2G9T_U,93,K,C
2G9T_U,94,G,C
2G9T_U,95,K,C
2G9T_U,96,Y,E
2G9T_U,97,V,E
2G9T_U,98,Q,E
2G9T_U,99,I,E
2G9T_U,100,P,C
2G9T_U,101,T,C
2G9T_U,102,T,C
2G9T_U,103,C,C
2G9T_U,104,A,C
2G9T_U,105,N,C
2G9T_U,106,D,C
2G9T_U,107,P,C
2G9T_U,108,V,C
2G9T_U,109,G,H
2G9T_U,110,F,H
2G9T_U,111,T,H
2G9T_U,112,L,H
2G9T_U,113,R,H
2G9T_U,114,N,H
2G9T_U,115,T,H
2G9T_U,116,V,H
2G9T_U,117,C,H
2G9T_U,118,T,H
2G9T_U,119,V,H
2G9T_U,120,C,H
2G9T_U,121,G,H
2G9T_U,122,M,C
2G9T_U,123,W,C
2G9T_U,124,K,C
2G9T_U,125,G,C
2G9T_U,126,Y,C
2G9T_U,127,G,C
2G9T_U,128,C,C
2G9T_U,129,S,C
2G9T_U,130,C,H
2G9T_U,131,D,H
2G9T_U,132,Q,H
2G9T_U,133,L,H
2G9T_U,134,R,H
2G9T_U,135,E,H
2G9T_U,136,P,H
2G9T_U,137,L,H
2G9T_U,138,M,H
2G9T_U,139,Q,H
2G9T_U,140,S,H
2G9T_U,141,A,H
2G9T_U,142,D,H
2G9T_U,143,A,H
2G9T_U,144,S,H
2G9T_U,145,T,H
2G9T_U,146,F,H
2G9T_U,147,L,H
2G9T_U,148,N,C
2G9T_U,149,G,C
2G9T_U,150,F,C
2G9T_U,151,A,C
2G9T_U,152,V,C
4NFX_D,1,M,C
4NFX_D,2,F,C
4NFX_D,3,K,C
4NFX_D,4,P,C
4NFX_D,5,H,C
4NFX_D,6,V,E
4NFX_D,7,T,E
4NFX_D,8,V,E
4NFX_D,9,A,E
4NFX_D,10,C,E
4NFX_D,11,V,E
4NFX_D,12,V,E
4NFX_D,13,H,E
4NFX_D,14,A,E
4NFX_D,15,E,C
4NFX_D,16,G,C
4NFX_D,17,K,C
4NFX_D,18,F,E
4NFX_D,19,L,E
4NFX_D,20,V,E
4NFX_D,21,V,E
4NFX_D,22,E,E
4NFX_D,23,E,E
4NFX_D,24,T,E
4NFX_D,25,I,E
4NFX_D,26,N,E
4NFX_D,27,G,E
4NFX_D,28,K,E
4NFX_D,29,A,E
4NFX_D,30,L,E
4NFX_D,31,W,E
4NFX_D,32,N,C
4NFX_D,33,Q,C
4NFX_D,34,P,C
4NFX_D,35,A,C
4NFX_D,36,G,C
4NFX_D,37,H,C
4NFX_D,38,L,C
4NFX_D,39,E,C
4NFX_D,40,A,H
4NFX_D,41,D,H
4NFX_D,42,E,H
4NFX_D,43,T,H
4NFX_D,44,L,H
4NFX_D,45,V,H
4NFX_D,46,E,H
4NFX_D,47,A,H
4NFX_D,48,A,H
4NFX_D,49,A,H
4NFX_D,50,R,H
4NFX_D,51,E,H
4NFX_D,52,L,H
4NFX_D,53,W,H
4NFX_D,54,E,H
4NFX_D,55,E,H
4NFX_D,56,T,C
4NFX_D,57,G,C
4NFX_D,58,I,C
4NFX_D,59,S,C
4NFX_D,60,A,C
4NFX_D,61,Q,C
4NFX_D,62,P,C
4NFX_D,63,Q,H
4NFX_D,64,H,H
4NFX_D,65,F,H
4NFX_D,66,I,H
4NFX_D,67,R,H
4NFX_D,68,M,H
4NFX_D,69,H,H
4NFX_D,70,Q,H
4NFX_D,71,W,H
4NFX_D,72,I,H
4NFX_D,73,A,C
4NFX_D,74,P,C
4NFX_D,75,D,C
4NFX_D,76,K,C
4NFX_D,77,T,C
4NFX_D,78,P,H
4NFX_D,79,F,H
4NFX_D,80,L,H
4NFX_D,81,R,H
4NFX_D,82,F,H
4NFX_D,83,L,H
4NFX_D,84,F,H
4NFX_D,85,A,H
4NFX_D,86,I,H
4NFX_D,87,E,H
4NFX_D,88,L,H
4NFX_D,89,E,H
4NFX_D,90,Q,H
4NFX_D,91,I,C
4NFX_D,92,C,C
4NFX_D,93,P,C
4NFX_D,94,T,C
4NFX_D,95,Q,C
4NFX_D,96,P,C
4NFX_D,97,H,C
4NFX_D,98,D,C
4NFX_D,99,S,C
4NFX_D,100,D,C
4NFX_D,101,I,C
4NFX_D,102,D,C
4NFX_D,103,C,C
4NFX_D,104,C,C
4NFX_D,105,R,C
4NFX_D,106,W,C
4NFX_D,107,V,C
4NFX_D,108,S,C
4NFX_D,109,A,H
4NFX_D,110,E,H
4NFX_D,111,E,H
4NFX_D,112,I,H
4NFX_D,113,L,H
4NFX_D,114,Q,H
4NFX_D,115,A,H
4NFX_D,116,S,C
4NFX_D,117,N,C
4NFX_D,118,L,C
4NFX_D,119,R,C
4NFX_D,120,S,C
4NFX_D,121,P,C
4NFX_D,122,L,C
4NFX_D,123,V,H
4NFX_D,124,A,H
4NFX_D,125,E,H
4NFX_D,126,S,H
4NFX_D,127,I,H
4NFX_D,128,R,H
4NFX_D,129,C,H
4NFX_D,130,Y,H
4NFX_D,131,Q,H
4NFX_D,132,S,C
4NFX_D,133,G,C
4NFX_D,134,Q,C
4NFX_D,135,R,C
4NFX_D,136,Y,C
4NFX_D,137,P,C
4NFX_D,138,L,H
4NFX_D,139,E,H
4NFX_D,140,M,H
4NFX_D,141,I,H
4NFX_D,142,G,C
4NFX_D,143,D,C
4NFX_D,144,F,C
4NFX_D,145,N,C
4NFX_D,146,W,C
4NFX_D,147,P,C
4NFX_D,148,F,C
4NFX_D,149,T,C
4NFX_D,150,K,C
4NFX_D,151,G,C
4NFX_D,152,V,C
4NFX_D,153,I,C
5VAU_C,1,G,C
5VAU_C,2,S,C
5VAU_C,3,M,C
5VAU_C,4,A,C
5VAU_C,5,H,C
5VAU_C,6,A,C
5VAU_C,7,G,C
5VAU_C,8,R,C
5VAU_C,9,T,C
5VAU_C,10,G,C
5VAU_C,11,Y,C
5VAU_C,12,D,C
5VAU_C,13,N,H
5VAU_C,14,R,H
5VAU_C,15,E,H
5VAU_C,16,I,H
5VAU_C,17,V,H
5VAU_C,18,M,H
5VAU_C,19,K,H
5VAU_C,20,Y,H
5VAU_C,21,I,H
5VAU_C,22,H,H
5VAU_C,23,Y,H
5VAU_C,24,K,H
5VAU_C,25,L,H
5VAU_C,26,S,H
5VAU_C,27,Q,H
5VAU_C,28,R,C
5VAU_C,29,G,C
5VAU_C,30,Y,C
5VAU_C,31,E,C
5VAU_C,32,W,C
5VAU_C,33,D,C
5VAU_C,34,A,C
5VAU_C,35,G,C
5VAU_C,36,D,C
5VAU_C,37,D,C
5VAU_C,38,V,C
5VAU_C,39,E,C
5VAU_C,40,E,C
5VAU_C,41,N,C
5VAU_C,42,R,C
5VAU_C,43,T,C
5VAU_C,44,E,C
5VAU_C,45,A,C
5VAU_C,46,P,C
5VAU_C,47,E,C
5VAU_C,48,G,C
5VAU_C,49,T,C
5VAU_C,50,E,C
5VAU_C,51,S,C
5VAU_C,52,E,H
5VAU_C,53,V,H
5VAU_C,54,V,H
5VAU_C,55,H,H
5VAU_C,56,L,H
5VAU_C,57,T,H
5VAU_C,58,L,H
5VAU_C,59,R,H
5VAU_C,60,Q,H
5VAU_C,61,A,H
5VAU_C,62,G,H
5VAU_C,63,D,H
5VAU_C,64,D,H
5VAU_C,65,F,H
5VAU_C,66,S,H
5VAU_C,67,R,H
5VAU_C,68,R,H
5VAU_C,69,Y,H
5VAU_C,70,R,H
5VAU_C,71,R,H
5VAU_C,72,D,H
5VAU_C,73,F,H
5VAU_C,74,A,H
5VAU_C,75,E,H
5VAU_C,76,M,H
5VAU_C,77,S,H
5VAU_C,78,S,H
5VAU_C,79,Q,H
5VAU_C,80,L,C
5VAU_C,81,H,C
5VAU_C,82,L,C
5VAU_C,83,T,C
5VAU_C,84,P,C
5VAU_C,85,F,C
5VAU_C,86,T,C
5VAU_C,87,A,C
5VAU_C,88,R,C
5VAU_C,89,G,H
5VAU_C,90,R,H
5VAU_C,91,F,H
5VAU_C,92,A,H
5VAU_C,93,T,H
5VAU_C,94,V,H
5VAU_C,95,V,H
5VAU_C,96,E,H
5VAU_C,97,E,H
5VAU_C,98,L,H
5VAU_C,99,F,H
5VAU_C,100,R,H
5VAU_C,101,D,C
5VAU_C,102,G,C
5VAU_C,103,V,C
5VAU_C,104,N,C
5VAU_C,105,W,H
5VAU_C,106,G,H
5VAU_C,107,R,H
5VAU_C,108,I,H
5VAU_C,109,V,H
5VAU_C,110,A,H
5VAU_C,111,F,H
5VAU_C,112,F,H
5VAU_C,113,E,H
5VAU_C,114,F,H
5VAU_C,115,G,H
5VAU_C,116,G,H
5VAU_C,117,V,H
5VAU_C,118,M,H
5VAU_C,119,C,H
5VAU_C,120,V,H
5VAU_C,121,E,H
5VAU_C,122,S,H
5VAU_C,123,V,H
5VAU_C,124,N,H
5VAU_C,125,R,H
5VAU_C,126,E,H
5VAU_C,127,M,C
5VAU_C,128,S,C
5VAU_C,129,P,C
5VAU_C,130,L,C
5VAU_C,131,V,H
5VAU_C,132,D,H
5VAU_C,133,N,H
5VAU_C,134,I,H
5VAU_C,135,A,H
5VAU_C,136,L,H
5VAU_C,137,W,H
5VAU_C,138,M,H
5VAU_C,139,T,H
5VAU_C,140,E,H
5VAU_C,141,Y,H
5VAU_C,142,L,H
5VAU_C,143,N,H
5VAU_C,144,R,H
5VAU_C,145,H,H
5VAU_C,146,L,H
5VAU_C,147,H,H
5VAU_C,148,T,H
5VAU_C,149,W,H
5VAU_C,150,I,H
5VAU_C,151,Q,H
5VAU_C,152,D,H
5VAU_C,153,N,C
5VAU_C,154,G,C
5VAU_C,155,G,C
5VAU_C,156,W,H
5VAU_C,157,D,H
5VAU_C,158,A,H
5VAU_C,159,F,H
5VAU_C,160,V,H
5VAU_C,161,E,H
5VAU_C,162,L,H
5VAU_C,163,Y,C
5VAU_C,164,G,C
5VAU_C,165,P,C
5VAU_C,166,S,C
5VAU_C,167,M,C
5VAU_C,168,R,C
3BRJ_D,1,S,C
3BRJ_D,2,N,C
3BRJ_D,3,A,C
3BRJ_D,4,M,C
3BRJ_D,5,A,C
3BRJ_D,6,D,C
3BRJ_D,7,N,C
3BRJ_D,8,I,C
3BRJ_D,9,N,C
3BRJ_D,10,E,H
3BRJ_D,11,S,H
3BRJ_D,12,E,H
3BRJ_D,13,I,H
3BRJ_D,14,I,H
3BRJ_D,15,E,H
3BRJ_D,16,R,H
3BRJ_D,17,L,H
3BRJ_D,18,N,H
3BRJ_D,19,S,C
3BRJ_D,20,A,C
3BRJ_D,21,P,C
3BRJ_D,22,S,C
3BRJ_D,23,V,C
3BRJ_D,24,R,C
3BRJ_D,25,G,E
3BRJ_D,26,F,E
3BRJ_D,27,F,E
3BRJ_D,28,I,E
3BRJ_D,29,A,E
3BRJ_D,30,T,E
3BRJ_D,31,V,H
3BRJ_D,32,D,H
3BRJ_D,33,V,H
3BRJ_D,34,F,H
3BRJ_D,35,N,H
3BRJ_D,36,E,H
3BRJ_D,37,S,H
3BRJ_D,38,I,H
3BRJ_D,39,D,H
3BRJ_D,40,G,H
3BRJ_D,41,L,H
3BRJ_D,42,I,H
3BRJ_D,43,Q,H
3BRJ_D,44,R,H
3BRJ_D,45,I,H
3BRJ_D,46,F,H
3BRJ_D,47,R,H
3BRJ_D,48,K,C
3BRJ_D,49,D,C
3BRJ_D,50,N,C
3BRJ_D,51,F,E
3BRJ_D,52,A,E
3BRJ_D,53,V,E
3BRJ_D,54,Q,E
3BRJ_D,55,S,E
3BRJ_D,56,V,E
3BRJ_D,57,V,E
3BRJ_D,58,G,E
3BRJ_D,59,P,E
3BRJ_D,60,L,E
3BRJ_D,61,L,E
3BRJ_D,62,Q,C
3BRJ_D,63,D,C
3BRJ_D,64,S,C
3BRJ_D,65,G,C
3BRJ_D,66,P,C
3BRJ_D,67,L,C
3BRJ_D,68,G,C
3BRJ_D,69,D,C
3BRJ_D,70,L,H
3BRJ_D,71,S,H
3BRJ_D,72,V,H
3BRJ_D,73,R,H
3BRJ_D,74,L,H
3BRJ_D,75,K,H
3BRJ_D,76,L,H
3BRJ_D,77,L,H
3BRJ_D,78,F,H
3BRJ_D,79,G,C
3BRJ_D,80,L,C
3BRJ_D,81,G,C
3BRJ_D,82,V,C
3BRJ_D,83,L,C
3BRJ_D,84,P,C
3BRJ_D,85,D,H
3BRJ_D,86,D,H
3BRJ_D,87,I,H
3BRJ_D,88,Y,H
3BRJ_D,89,H,H
3BRJ_D,90,D,H
3BRJ_D,91,I,H
3BRJ_D,92,E,H
3BRJ_D,93,D,H
3BRJ_D,94,I,H
3BRJ_D,95,I,H
3BRJ_D,96,K,H
3BRJ_D,97,L,H
3BRJ_D,98,K,H
3BRJ_D,99,N,H
3BRJ_D,100,H,H
3BRJ_D,101,L,C
3BRJ_D,102,N,C
3BRJ_D,103,S,C
3BRJ_D,104,D,C
3BRJ_D,105,A,C
3BRJ_D,106,S,C
3BRJ_D,107,D,C
3BRJ_D,108,Y,C
3BRJ_D,109,E,C
3BRJ_D,110,F,C
3BRJ_D,111,T,C
3BRJ_D,112,D,C
3BRJ_D,113,P,H
3BRJ_D,114,N,H
3BRJ_D,115,I,H
3BRJ_D,116,L,H
3BRJ_D,117,E,H
3BRJ_D,118,P,H
3BRJ_D,119,I,H
3BRJ_D,120,K,H
3BRJ_D,121,K,H
3BRJ_D,122,L,H
3BRJ_D,123,H,H
3BRJ_D,124,L,H
3BRJ_D,125,V,H
3BRJ_D,126,K,H
3BRJ_D,127,K,H
3BRJ_D,128,M,C
3BRJ_D,129,G,C
3BRJ_D,130,M,C
3BRJ_D,131,V,E
3BRJ_D,132,Q,E
3BRJ_D,133,L,E
3BRJ_D,134,E,E
3BRJ_D,135,V,C
3BRJ_D,136,N,C
3BRJ_D,137,E,C
3BRJ_D,138,P,C
3BRJ_D,139,D,C
3BRJ_D,140,D,C
3BRJ_D,141,D,C
3BRJ_D,142,I,C
3BRJ_D,143,D,C
3BRJ_D,144,L,C
3BRJ_D,145,E,C
3BRJ_D,146,F,H
3BRJ_D,147,Y,H
3BRJ_D,148,Q,H
3BRJ_D,149,L,H
3BRJ_D,150,Q,H
3BRJ_D,151,L,H
3BRJ_D,152,Q,H
3BRJ_D,153,R,H
3BRJ_D,154,Q,H
3BRJ_D,155,Q,H
3BRJ_D,156,Q,H
3BRJ_D,157,I,H
3BRJ_D,158,I,H
3BRJ_D,159,K,H
3BRJ_D,160,S,C
3BRJ_D,161,G,C
3BRJ_D,162,L,C
3BRJ_D,163,S,H
3BRJ_D,164,L,H
3BRJ_D,165,A,H
3BRJ_D,166,I,H
3BRJ_D,167,V,H
3BRJ_D,168,E,H
3BRJ_D,169,I,H
3BRJ_D,170,C,H
3BRJ_D,171,N,H
3BRJ_D,172,E,H
3BRJ_D,173,L,C
3BRJ_D,174,G,C
3BRJ_D,175,K,C
1O4V_A,1,M,C
1O4V_A,2,G,C
1O4V_A,3,S,C
1O4V_A,4,D,C
1O4V_A,5,K,C
1O4V_A,6,I,C
1O4V_A,7,H,C
1O4V_A,8,H,C
1O4V_A,9,H,C
1O4V_A,10,H,C
1O4V_A,11,H,C
1O4V_A,12,H,C
1O4V_A,13,V,C
1O4V_A,14,P,C
1O4V_A,15,R,C
1O4V_A,16,V,E
1O4V_A,17,G,E
1O4V_A,18,I,E
1O4V_A,19,I,E
1O4V_A,20,M,E
1O4V_A,21,G,E
1O4V_A,22,S,C
1O4V_A,23,D,C
1O4V_A,24,S,C
1O4V_A,25,D,C
1O4V_A,26,L,H
1O4V_A,27,P,H
1O4V_A,28,V,H
1O4V_A,29,M,H
1O4V_A,30,K,H
1O4V_A,31,Q,H
1O4V_A,32,A,H
1O4V_A,33,A,H
1O4V_A,34,E,H
1O4V_A,35,I,H
1O4V_A,36,L,H
1O4V_A,37,E,H
1O4V_A,38,E,H
1O4V_A,39,F,C
1O4V_A,40,G,C
1O4V_A,41,I,C
1O4V_A,42,D,C
1O4V_A,43,Y,E
1O4V_A,44,E,E
1O4V_A,45,I,E
1O4V_A,46,T,E
1O4V_A,47,I,E
1O4V_A,48,V,E
1O4V_A,49,S,E
1O4V_A,50,A,C
1O4V_A,51,H,C
1O4V_A,52,R,C
1O4V_A,53,T,C
1O4V_A,54,P,C
1O4V_A,55,D,H
1O4V_A,56,R,H
1O4V_A,57,M,H
1O4V_A,58,F,H
1O4V_A,59,E,H
1O4V_A,60,Y,H
1O4V_A,61,A,H
1O4V_A,62,K,H
1O4V_A,63,N,H
1O4V_A,64,A,H
1O4V_A,65,E,H
1O4V_A,66,E,H
1O4V_A,67,R,C
1O4V_A,68,G,C
1O4V_A,69,I,C
1O4V_A,70,E,E
1O4V_A,71,V,E
1O4V_A,72,I,E
1O4V_A,73,I,E
1O4V_A,74,A,E
1O4V_A,75,G,C
1O4V_A,76,A,C
1O4V_A,77,G,C
1O4V_A,78,G,C
1O4V_A,79,A,C
1O4V_A,80,A,C
1O4V_A,81,H,C
1O4V_A,82,L,C
1O4V_A,83,P,C
1O4V_A,84,G,C
1O4V_A,85,M,E
1O4V_A,86,V,E
1O4V_A,87,A,E
1O4V_A,88,S,E
1O4V_A,89,I,E
1O4V_A,90,T,E
1O4V_A,91,H,C
1O4V_A,92,L,C
1O4V_A,93,P,C
1O4V_A,94,V,C
1O4V_A,95,I,C
1O4V_A,96,G,C
1O4V_A,97,V,C
1O4V_A,98,P,C
1O4V_A,99,V,C
1O4V_A,100,K,C
1O4V_A,101,T,C
1O4V_A,102,S,C
1O4V_A,103,T,C
1O4V_A,104,L,C
1O4V_A,105,N,C
1O4V_A,106,G,H
1O4V_A,107,L,H
1O4V_A,108,D,H
1O4V_A,109,S,H
1O4V_A,110,L,H
1O4V_A,111,F,E
1O4V_A,112,S,E
1O4V_A,113,I,E
1O4V_A,114,V,E
1O4V_A,115,Q,E
1O4V_A,116,M,C
1O4V_A,117,P,C
1O4V_A,118,G,C
1O4V_A,119,G,C
1O4V_A,120,V,C
1O4V_A,121,P,E
1O4V_A,122,V,E
1O4V_A,123,A,E
1O4V_A,124,T,E
1O4V_A,125,V,E
1O4V_A,126,A,E
1O4V_A,127,I,E
1O4V_A,128,N,E
1O4V_A,129,N,H
1O4V_A,130,A,H
1O4V_A,131,K,H
1O4V_A,132,N,H
1O4V_A,133,A,H
1O4V_A,134,G,H
1O4V_A,135,I,H
1O4V_A,136,L,H
1O4V_A,137,A,H
1O4V_A,138,A,H
1O4V_A,139,S,H
1O4V_A,140,I,H
1O4V_A,141,L,H
1O4V_A,142,G,C
1O4V_A,143,I,C
1O4V_A,144,K,C
1O4V_A,145,Y,C
1O4V_A,146,P,H
1O4V_A,147,E,H
1O4V_A,148,I,H
1O4V_A,149,A,H
1O4V_A,150,R,H
1O4V_A,151,K,H
1O4V_A,152,V,H
1O4V_A,153,K,H
1O4V_A,154,E,H
1O4V_A,155,Y,H
1O4V_A,156,K,H
1O4V_A,157,E,H
1O4V_A,158,R,H
1O4V_A,159,M,H
1O4V_A,160,K,H
1O4V_A,161,R,H
1O4V_A,162,E,H
1O4V_A,163,V,H
1O4V_A,164,L,H
1O4V_A,165,E,H
1O4V_A,166,K,H
1O4V_A,167,A,H
1O4V_A,168,Q,H
1O4V_A,169,R,H
1O4V_A,170,L,H
1O4V_A,171,E,H
1O4V_A,172,Q,H
1O4V_A,173,I,C
1O4V_A,174,G,C
1O4V_A,175,Y,C
1O4V_A,176,K,C
1O4V_A,177,E,C
1O4V_A,178,Y,C
1O4V_A,179,L,C
1O4V_A,180,N,C
1O4V_A,181,Q,C
1O4V_A,182,K,C
1O4V_A,183,E,C
6BLX_A,1,D,C
6BLX_A,2,I,C
6BLX_A,3,E,C
6BLX_A,4,A,C
6BLX_A,5,D,C
6BLX_A,6,H,C
6BLX_A,7,V,C
6BLX_A,8,G,C
6BLX_A,9,F,E
6BLX_A,10,Y,E
6BLX_A,11,G,E
6BLX_A,12,T,E
6BLX_A,13,T,E
6BLX_A,14,V,E
6BLX_A,15,Y,E
6BLX_A,16,Q,C
6BLX_A,17,S,C
6BLX_A,18,P,C
6BLX_A,19,G,C
6BLX_A,20,D,C
6BLX_A,21,I,H
6BLX_A,22,G,H
6BLX_A,23,Q,H
6BLX_A,24,Y,H
6BLX_A,25,T,E
6BLX_A,26,H,E
6BLX_A,27,E,E
6BLX_A,28,F,E
6BLX_A,29,D,C
6BLX_A,30,G,C
6BLX_A,31,D,C
6BLX_A,32,E,E
6BLX_A,33,L,E
6BLX_A,34,F,E
6BLX_A,35,Y,E
6BLX_A,36,V,E
6BLX_A,37,D,E
6BLX_A,38,L,C
6BLX_A,39,D,C
6BLX_A,40,K,C
6BLX_A,41,K,C
6BLX_A,42,K,C
6BLX_A,43,T,C
6BLX_A,44,V,C
6BLX_A,45,W,C
6BLX_A,46,R,C
6BLX_A,47,L,C
6BLX_A,48,P,C
6BLX_A,49,E,C
6BLX_A,50,F,C
6BLX_A,51,G,C
6BLX_A,52,Q,E
6BLX_A,53,L,E
6BLX_A,54,I,E
6BLX_A,55,L,E
6BLX_A,56,F,E
6BLX_A,57,E,E
6BLX_A,58,P,C
6BLX_A,59,Q,C
6BLX_A,60,G,C
6BLX_A,61,G,C
6BLX_A,62,L,C
6BLX_A,63,Q,C
6BLX_A,64,N,C
6BLX_A,65,I,C
6BLX_A,66,A,C
6BLX_A,67,A,H
6BLX_A,68,E,H
6BLX_A,69,K,H
6BLX_A,70,H,H
6BLX_A,71,N,H
6BLX_A,72,L,H
6BLX_A,73,G,H
6BLX_A,74,I,H
6BLX_A,75,L,H
6BLX_A,76,T,H
6BLX_A,77,K,C
6BLX_A,78,R,C
6BLX_A,79,S,C
6BLX_A,80,N,C
6BLX_A,81,F,C
6BLX_A,82,T,C
6BLX_A,83,P,C
6BLX_A,84,A,C
6BLX_A,85,T,C
6BLX_A,86,N,C
6BLX_A,87,E,C
6BLX_A,88,A,C
6BLX_A,89,P,C
6BLX_A,90,Q,C
6BLX_A,91,A,C
6BLX_A,92,T,C
6BLX_A,93,V,C
6BLX_A,94,F,C
6BLX_A,95,P,C
6BLX_A,96,K,C
6BLX_A,97,S,C
6BLX_A,98,P,H
6BLX_A,99,V,H
6BLX_A,100,L,H
6BLX_A,101,L,C
6BLX_A,102,G,C
6BLX_A,103,Q,C
6BLX_A,104,P,C
6BLX_A,105,N,C
6BLX_A,106,T,E
6BLX_A,107,L,E
6BLX_A,108,I,E
6BLX_A,109,C,E
6BLX_A,110,F,E
6BLX_A,111,V,E
6BLX_A,112,D,C
6BLX_A,113,N,C
6BLX_A,114,I,C
6BLX_A,115,F,C
6BLX_A,116,P,C
6BLX_A,117,P,C
6BLX_A,118,V,C
6BLX_A,119,I,E
6BLX_A,120,N,E
6BLX_A,121,I,E
6BLX_A,122,T,E
6BLX_A,123,W,E
6BLX_A,124,L,E
6BLX_A,125,R,E
6BLX_A,126,N,C
6BLX_A,127,S,C
6BLX_A,128,K,C
6BLX_A,129,S,C
6BLX_A,130,V,C
6BLX_A,131,T,C
6BLX_A,132,D,C
6BLX_A,133,G,C
6BLX_A,134,V,E
6BLX_A,135,Y,E
6BLX_A,136,E,E
6BLX_A,137,T,E
6BLX_A,138,S,E
6BLX_A,139,F,E
6BLX_A,140,L,E
6BLX_A,141,V,E
6BLX_A,142,N,C
6BLX_A,143,R,C
6BLX_A,144,D,C
6BLX_A,145,H,C
6BLX_A,146,S,C
6BLX_A,147,F,H
6BLX_A,148,H,H
6BLX_A,149,K,H
6BLX_A,150,L,E
6BLX_A,151,S,E
6BLX_A,152,Y,E
6BLX_A,153,L,E
6BLX_A,154,T,E
6BLX_A,155,F,E
6BLX_A,156,I,E
6BLX_A,157,P,C
6BLX_A,158,S,C
6BLX_A,159,D,C
6BLX_A,160,D,C
6BLX_A,161,D,C
6BLX_A,162,I,C
6BLX_A,163,Y,E
6BLX_A,164,D,E
6BLX_A,165,C,E
6BLX_A,166,K,E
6BLX_A,167,V,E
6BLX_A,168,E,E
6BLX_A,169,H,C
6BLX_A,170,W,C
6BLX_A,171,G,C
6BLX_A,172,L,C
6BLX_A,173,E,C
6BLX_A,174,E,C
6BLX_A,175,P,H
6BLX_A,176,V,H
6BLX_A,177,L,H
6BLX_A,178,K,H
6BLX_A,179,H,C
6BLX_A,180,W,C
6BLX_A,181,E,C
6BLX_A,182,P,C
6BLX_A,183,E,C
3CCS_N,1,M,C
3CCS_N,2,A,C
3CCS_N,3,T,C
3CCS_N,4,G,C
3CCS_N,5,P,C
3CCS_N,6,R,C
3CCS_N,7,Y,C
3CCS_N,8,K,C
3CCS_N,9,V,C
3CCS_N,10,P,C
3CCS_N,11,M,C
3CCS_N,12,R,C
3CCS_N,13,R,C
3CCS_N,14,R,C
3CCS_N,15,R,C
3CCS_N,16,E,C
3CCS_N,17,A,C
3CCS_N,18,R,C
3CCS_N,19,T,H
3CCS_N,20,D,H
3CCS_N,21,Y,H
3CCS_N,22,H,H
3CCS_N,23,Q,H
3CCS_N,24,R,H
3CCS_N,25,L,H
3CCS_N,26,R,H
3CCS_N,27,L,H
3CCS_N,28,L,H
3CCS_N,29,K,H
3CCS_N,30,S,C
3CCS_N,31,G,C
3CCS_N,32,K,C
3CCS_N,33,P,C
3CCS_N,34,R,E
3CCS_N,35,L,E
3CCS_N,36,V,E
3CCS_N,37,A,E
3CCS_N,38,R,C
3CCS_N,39,K,C
3CCS_N,40,S,C
3CCS_N,41,N,C
3CCS_N,42,K,C
3CCS_N,43,H,E
3CCS_N,44,V,E
3CCS_N,45,R,E
3CCS_N,46,A,E
3CCS_N,47,Q,E
3CCS_N,48,L,E
3CCS_N,49,V,E
3CCS_N,50,T,E
3CCS_N,51,L,E
3CCS_N,52,G,E
3CCS_N,53,P,C
3CCS_N,54,N,C
3CCS_N,55,G,C
3CCS_N,56,D,C
3CCS_N,57,D,C
3CCS_N,58,T,C
3CCS_N,59,L,C
3CCS_N,60,A,C
3CCS_N,61,S,C
3CCS_N,62,A,C
3CCS_N,63,H,C
3CCS_N,64,S,H
3CCS_N,65,S,H
3CCS_N,66,D,H
3CCS_N,67,L,H
3CCS_N,68,A,H
3CCS_N,69,E,C
3CCS_N,70,Y,C
3CCS_N,71,G,C
3CCS_N,72,W,C
3CCS_N,73,E,C
3CCS_N,74,A,C
3CCS_N,75,P,C
3CCS_N,76,T,C
3CCS_N,77,G,C
3CCS_N,78,N,C
3CCS_N,79,M,C
3CCS_N,80,P,C
3CCS_N,81,S,H
3CCS_N,82,A,H
3CCS_N,83,Y,H
3CCS_N,84,L,H
3CCS_N,85,T,H
3CCS_N,86,G,H
3CCS_N,87,L,H
3CCS_N,88,L,H
3CCS_N,89,A,H
3CCS_N,90,G,H
3CCS_N,91,L,H
3CCS_N,92,R,H
3CCS_N,93,A,H
3CCS_N,94,Q,H
3CCS_N,95,E,H
3CCS_N,96,A,C
3CCS_N,97,G,C
3CCS_N,98,V,C
3CCS_N,99,E,H
3CCS_N,100,E,H
3CCS_N,101,A,H
3CCS_N,102,V,E
3CCS_N,103,L,E
3CCS_N,104,D,E
3CCS_N,105,I,E
3CCS_N,106,G,E
3CCS_N,107,L,C
3CCS_N,108,N,C
3CCS_N,109,S,C
3CCS_N,110,P,C
3CCS_N,111,T,C
3CCS_N,112,P,C
3CCS_N,113,G,C
3CCS_N,114,S,C
3CCS_N,115,K,E
3CCS_N,116,V,E
3CCS_N,117,F,E
3CCS_N,118,A,E
3CCS_N,119,I,E
3CCS_N,120,Q,E
3CCS_N,121,E,C
3CCS_N,122,G,C
3CCS_N,123,A,C
3CCS_N,124,I,C
3CCS_N,125,D,C
3CCS_N,126,A,C
3CCS_N,127,G,C
3CCS_N,128,L,C
3CCS_N,129,D,C
3CCS_N,130,I,C
3CCS_N,131,P,C
3CCS_N,132,H,C
3CCS_N,133,N,C
3CCS_N,134,D,C
3CCS_N,135,D,C
3CCS_N,136,V,H
3CCS_N,137,L,H
3CCS_N,138,A,H
3CCS_N,139,D,H
3CCS_N,140,W,H
3CCS_N,141,Q,H
3CCS_N,142,R,H
3CCS_N,143,T,C
3CCS_N,144,R,C
3CCS_N,145,G,C
3CCS_N,146,A,C
3CCS_N,147,H,C
3CCS_N,148,I,C
3CCS_N,149,A,C
3CCS_N,150,E,C
3CCS_N,151,Y,C
3CCS_N,152,D,C
3CCS_N,153,E,C
3CCS_N,154,Q,C
3CCS_N,155,L,C
3CCS_N,156,E,C
3CCS_N,157,E,C
3CCS_N,158,P,C
3CCS_N,159,L,C
3CCS_N,160,Y,C
3CCS_N,161,S,C
3CCS_N,162,G,C
3CCS_N,163,D,C
3CCS_N,164,F,C
3CCS_N,165,D,C
3CCS_N,166,A,H
3CCS_N,167,A,H
3CCS_N,168,D,H
3CCS_N,169,L,H
3CCS_N,170,P,H
3CCS_N,171,E,H
3CCS_N,172,H,H
3CCS_N,173,F,H
3CCS_N,174,D,H
3CCS_N,175,E,H
3CCS_N,176,L,H
3CCS_N,177,R,H
3CCS_N,178,E,H
3CCS_N,179,T,H
3CCS_N,180,L,H
3CCS_N,181,L,H
3CCS_N,182,D,C
3CCS_N,183,G,C
3CCS_N,184,D,C
3CCS_N,185,I,C
3CCS_N,186,E,C
3CCS_N,187,L,C
2YWD_A,1,M,C
2YWD_A,2,R,C
2YWD_A,3,G,C
2YWD_A,4,V,C
2YWD_A,5,V,C
2YWD_A,6,G,H
2YWD_A,7,V,H
2YWD_A,8,L,H
2YWD_A,9,A,H
2YWD_A,10,L,H
2YWD_A,11,Q,C
2YWD_A,12,G,C
2YWD_A,13,D,C
2YWD_A,14,F,H
2YWD_A,15,R,H
2YWD_A,16,E,H
2YWD_A,17,H,H
2YWD_A,18,K,H
2YWD_A,19,E,H
2YWD_A,20,A,H
2YWD_A,21,L,H
2YWD_A,22,K,H
2YWD_A,23,R,H
2YWD_A,24,L,H
2YWD_A,25,G,C
2YWD_A,26,I,C
2YWD_A,27,E,C
2YWD_A,28,A,C
2YWD_A,29,K,C
2YWD_A,30,E,C
2YWD_A,31,V,C
2YWD_A,32,R,C
2YWD_A,33,K,C
2YWD_A,34,K,H
2YWD_A,35,E,H
2YWD_A,36,H,H
2YWD_A,37,L,H
2YWD_A,38,E,H
2YWD_A,39,G,H
2YWD_A,40,L,H
2YWD_A,41,K,E
2YWD_A,42,A,E
2YWD_A,43,L,E
2YWD_A,44,I,E
2YWD_A,45,V,E
2YWD_A,46,P,E
2YWD_A,47,G,C
2YWD_A,48,G,C
2YWD_A,49,E,C
2YWD_A,50,S,H
2YWD_A,51,T,H
2YWD_A,52,T,H
2YWD_A,53,I,H
2YWD_A,54,G,H
2YWD_A,55,K,H
2YWD_A,56,L,H
2YWD_A,57,A,H
2YWD_A,58,R,H
2YWD_A,59,E,H
2YWD_A,60,Y,C
2YWD_A,61,G,C
2YWD_A,62,I,C
2YWD_A,63,E,H
2YWD_A,64,D,H
2YWD_A,65,E,H
2YWD_A,66,V,H
2YWD_A,67,R,H
2YWD_A,68,K,H
2YWD_A,69,R,H
2YWD_A,70,V,H
2YWD_A,71,E,H
2YWD_A,72,E,H
2YWD_A,73,G,C
2YWD_A,74,S,C
2YWD_A,75,L,C
2YWD_A,76,A,H
2YWD_A,77,L,H
2YWD_A,78,F,H
2YWD_A,79,G,H
2YWD_A,80,T,H
2YWD_A,81,C,H
2YWD_A,82,A,H
2YWD_A,83,G,H
2YWD_A,84,A,H
2YWD_A,85,I,H
2YWD_A,86,W,H
2YWD_A,87,L,H
2YWD_A,88,A,H
2YWD_A,89,K,H
2YWD_A,90,E,H
2YWD_A,91,I,H
2YWD_A,92,V,H
2YWD_A,93,G,H
2YWD_A,94,Y,C
2YWD_A,95,P,C
2YWD_A,96,E,C
2YWD_A,97,Q,C
2YWD_A,98,P,C
2YWD_A,99,R,C
2YWD_A,100,L,C
2YWD_A,101,G,E
2YWD_A,102,V,E
2YWD_A,103,L,E
2YWD_A,104,E,E
2YWD_A,105,A,E
2YWD_A,106,W,E
2YWD_A,107,V,H
2YWD_A,108,E,H
2YWD_A,109,R,H
2YWD_A,110,N,C
2YWD_A,111,A,C
2YWD_A,112,F,C
2YWD_A,113,G,C
2YWD_A,114,R,C
2YWD_A,115,Q,C
2YWD_A,116,V,C
2YWD_A,117,E,C
2YWD_A,118,S,C
2YWD_A,119,F,H
2YWD_A,120,E,H
2YWD_A,121,E,H
2YWD_A,122,D,C
2YWD_A,123,L,C
2YWD_A,124,E,C
2YWD_A,125,V,C
2YWD_A,126,E,C
2YWD_A,127,G,C
2YWD_A,128,L,C
2YWD_A,129,G,C
2YWD_A,130,S,E
2YWD_A,131,F,E
2YWD_A,132,H,E
2YWD_A,133,G,E
2YWD_A,134,V,E
2YWD_A,135,F,E
2YWD_A,136,I,E
2YWD_A,137,R,E
2YWD_A,138,A,E
2YWD_A,139,P,H
2YWD_A,140,V,H
2YWD_A,141,F,H
2YWD_A,142,R,H
2YWD_A,143,R,H
2YWD_A,144,L,C
2YWD_A,145,G,C
2YWD_A,146,E,C
2YWD_A,147,G,C
2YWD_A,148,V,E
2YWD_A,149,E,E
2YWD_A,150,V,E
2YWD_A,151,L,E
2YWD_A,152,A,E
2YWD_A,153,R,E
2YWD_A,154,L,C
2YWD_A,155,G,C
2YWD_A,156,D,C
2YWD_A,157,L,C
2YWD_A,158,P,C
2YWD_A,159,V,C
2YWD_A,160,L,C
2YWD_A,161,V,C
2YWD_A,162,R,C
2YWD_A,163,Q,C
2YWD_A,164,G,C
2YWD_A,165,K,C
2YWD_A,166,V,E
2YWD_A,167,L,E
2YWD_A,168,A,E
2YWD_A,169,S,E
2YWD_A,170,S,E
2YWD_A,171,F,C
2YWD_A,172,H,C
2YWD_A,173,P,C
2YWD_A,174,E,C
2YWD_A,175,L,C
2YWD_A,176,T,C
2YWD_A,177,E,C
2YWD_A,178,D,C
2YWD_A,179,P,H
2YWD_A,180,R,H
2YWD_A,181,L,H
2YWD_A,182,H,H
2YWD_A,183,R,H
2YWD_A,184,Y,H
2YWD_A,185,F,H
2YWD_A,186,L,H
2YWD_A,187,E,H
2YWD_A,188,L,H
2YWD_A,189,A,C
2YWD_A,190,G,C
2YWD_A,191,V,C
5CRB_B,1,M,C
5CRB_B,2,P,C
5CRB_B,3,K,C
5CRB_B,4,Y,C
5CRB_B,5,V,E
5CRB_B,6,E,E
5CRB_B,7,G,E
5CRB_B,8,V,E
5CRB_B,9,E,E
5CRB_B,10,L,E
5CRB_B,11,T,E
5CRB_B,12,Q,H
5CRB_B,13,E,H
5CRB_B,14,G,H
5CRB_B,15,M,H
5CRB_B,16,H,H
5CRB_B,17,A,H
5CRB_B,18,I,H
5CRB_B,19,F,H
5CRB_B,20,A,H
5CRB_B,21,R,H
5CRB_B,22,M,C
5CRB_B,23,G,C
5CRB_B,24,Y,C
5CRB_B,25,G,C
5CRB_B,26,D,C
5CRB_B,27,I,C
5CRB_B,28,T,C
5CRB_B,29,S,C
5CRB_B,30,G,C
5CRB_B,31,S,E
5CRB_B,32,I,E
5CRB_B,33,Y,E
5CRB_B,34,N,C
5CRB_B,35,G,C
5CRB_B,36,V,C
5CRB_B,37,P,C
5CRB_B,38,T,C
5CRB_B,39,I,C
5CRB_B,40,D,C
5CRB_B,41,T,C
5CRB_B,42,G,C
5CRB_B,43,A,C
5CRB_B,44,L,C
5CRB_B,45,N,C
5CRB_B,46,R,C
5CRB_B,47,Q,C
5CRB_B,48,G,C
5CRB_B,49,F,C
5CRB_B,50,M,C
5CRB_B,51,P,E
5CRB_B,52,V,E
5CRB_B,53,L,E
5CRB_B,54,T,E
5CRB_B,55,G,C
5CRB_B,56,V,C
5CRB_B,57,G,C
5CRB_B,58,P,C
5CRB_B,59,H,C
5CRB_B,60,R,C
5CRB_B,61,D,C
5CRB_B,62,S,C
5CRB_B,63,G,C
5CRB_B,64,H,E
5CRB_B,65,W,E
5CRB_B,66,I,E
5CRB_B,67,M,E
5CRB_B,68,L,E
5CRB_B,69,I,E
5CRB_B,70,K,E
5CRB_B,71,G,C
5CRB_B,72,P,C
5CRB_B,73,G,C
5CRB_B,74,N,C
5CRB_B,75,Q,C
5CRB_B,76,Y,E
5CRB_B,77,Y,E
5CRB_B,78,L,E
5CRB_B,79,F,E
5CRB_B,80,D,C
5CRB_B,81,P,C
5CRB_B,82,L,C
5CRB_B,83,G,C
5CRB_B,84,K,C
5CRB_B,85,T,C
5CRB_B,86,S,C
5CRB_B,87,G,C
5CRB_B,88,E,C
5CRB_B,89,G,H
5CRB_B,90,Y,H
5CRB_B,91,Q,H
5CRB_B,92,N,H
5CRB_B,93,I,E
5CRB_B,94,L,E
5CRB_B,95,A,E
5CRB_B,96,A,E
5CRB_B,97,Q,E
5CRB_B,98,L,C
5CRB_B,99,P,C
5CRB_B,100,M,C
5CRB_B,101,G,C
5CRB_B,102,S,C
5CRB_B,103,T,E
5CRB_B,104,L,E
5CRB_B,105,S,E
5CRB_B,106,V,E
5CRB_B,107,I,E
5CRB_B,108,P,E
5CRB_B,109,N,C
5CRB_B,110,G,C
5CRB_B,111,S,C
5CRB_B,112,G,C
5CRB_B,113,L,C
5CRB_B,114,N,C
5CRB_B,115,M,E
5CRB_B,116,G,E
5CRB_B,117,L,E
5CRB_B,118,C,H
5CRB_B,119,G,H
5CRB_B,120,Y,H
5CRB_B,121,W,H
5CRB_B,122,V,H
5CRB_B,123,A,H
5CRB_B,124,S,H
5CRB_B,125,A,H
5CRB_B,126,G,H
5CRB_B,127,L,H
5CRB_B,128,R,H
5CRB_B,129,A,H
5CRB_B,130,H,H
5CRB_B,131,Q,H
5CRB_B,132,A,H
5CRB_B,133,L,H
5CRB_B,134,N,H
5CRB_B,135,Q,H
5CRB_B,136,H,C
5CRB_B,137,N,C
5CRB_B,138,P,C
5CRB_B,139,P,C
5CRB_B,140,T,C
5CRB_B,141,L,C
5CRB_B,142,L,C
5CRB_B,143,N,C
5CRB_B,144,V,C
5CRB_B,145,G,H
5CRB_B,146,Q,H
5CRB_B,147,T,H
5CRB_B,148,I,H
5CRB_B,149,T,H
5CRB_B,150,N,H
5CRB_B,151,E,H
5CRB_B,152,M,H
5CRB_B,153,R,H
5CRB_B,154,N,C
5CRB_B,155,E,C
5CRB_B,156,L,C
5CRB_B,157,D,C
5CRB_B,158,H,C
5CRB_B,159,D,C
5CRB_B,160,G,C
5CRB_B,161,Y,C
5CRB_B,162,R,H
5CRB_B,163,K,H
5CRB_B,164,I,H
5CRB_B,165,T,H
5CRB_B,166,G,H
5CRB_B,167,W,H
5CRB_B,168,L,H
5CRB_B,169,R,H
5CRB_B,170,A,H
5CRB_B,171,V,H
5CRB_B,172,A,H
5CRB_B,173,D,H
5CRB_B,174,E,H
5CRB_B,175,F,C
5CRB_B,176,P,C
5CRB_B,177,E,C
5CRB_B,178,G,C
5CRB_B,179,D,C
5CRB_B,180,P,C
5CRB_B,181,Q,C
5CRB_B,182,L,C
5CRB_B,183,D,C
5CRB_B,184,G,C
5CRB_B,185,K,C
5CRB_B,186,A,C
5CRB_B,187,L,C
5CRB_B,188,R,C
5CRB_B,189,E,C
5CRB_B,190,N,C
5CRB_B,191,T,C
5CRB_B,192,E,C
5CRB_B,193,K,C
4KZY_H,1,M,C
4KZY_H,2,F,C
4KZY_H,3,S,C
4KZY_H,4,S,C
4KZY_H,5,S,C
4KZY_H,6,A,E
4KZY_H,7,K,E
4KZY_H,8,I,E
4KZY_H,9,V,E
4KZY_H,10,K,C
4KZY_H,11,P,C
4KZY_H,12,N,C
4KZY_H,13,G,C
4KZY_H,14,E,C
4KZY_H,15,K,C
4KZY_H,16,P,C
4KZY_H,17,D,H
4KZY_H,18,E,H
4KZY_H,19,F,H
4KZY_H,20,E,H
4KZY_H,21,S,H
4KZY_H,22,G,H
4KZY_H,23,I,H
4KZY_H,24,S,H
4KZY_H,25,Q,H
4KZY_H,26,A,H
4KZY_H,27,L,H
4KZY_H,28,L,H
4KZY_H,29,E,H
4KZY_H,30,L,H
4KZY_H,31,E,H
4KZY_H,32,M,H
4KZY_H,33,N,C
4KZY_H,34,S,C
4KZY_H,35,D,C
4KZY_H,36,L,H
4KZY_H,37,K,H
4KZY_H,38,A,H
4KZY_H,39,Q,H
4KZY_H,40,L,H
4KZY_H,41,R,H
4KZY_H,42,E,H
4KZY_H,43,L,H
4KZY_H,44,N,H
4KZY_H,45,I,H
4KZY_H,46,T,H
4KZY_H,47,A,H
4KZY_H,48,A,H
4KZY_H,49,K,H
4KZY_H,50,E,E
4KZY_H,51,I,E
4KZY_H,52,E,E
4KZY_H,53,V,E
4KZY_H,54,G,C
4KZY_H,55,G,C
4KZY_H,56,G,C
4KZY_H,57,R,C
4KZY_H,58,K,C
4KZY_H,59,A,E
4KZY_H,60,I,E
4KZY_H,61,I,E
4KZY_H,62,I,E
4KZY_H,63,F,E
4KZY_H,64,V,E
4KZY_H,65,P,E
4KZY_H,66,V,E
4KZY_H,67,P,E
4KZY_H,68,Q,E
4KZY_H,69,L,C
4KZY_H,70,K,C
4KZY_H,71,S,C
4KZY_H,72,F,C
4KZY_H,73,Q,C
4KZY_H,74,K,H
4KZY_H,75,I,H
4KZY_H,76,Q,H
4KZY_H,77,V,H
4KZY_H,78,R,H
4KZY_H,79,L,H
4KZY_H,80,V,H
4KZY_H,81,R,H
4KZY_H,82,E,H
4KZY_H,83,L,H
4KZY_H,84,E,H
4KZY_H,85,K,H
4KZY_H,86,K,H
4KZY_H,87,F,H
4KZY_H,88,S,C
4KZY_H,89,G,C
4KZY_H,90,K,C
4KZY_H,91,H,E
4KZY_H,92,V,E
4KZY_H,93,V,E
4KZY_H,94,F,E
4KZY_H,95,I,E
4KZY_H,96,A,E
4KZY_H,97,Q,E
4KZY_H,98,R,E
4KZY_H,99,R,E
4KZY_H,100,I,E
4KZY_H,101,L,C
4KZY_H,102,P,C
4KZY_H,103,K,C
4KZY_H,104,P,C
4KZY_H,105,T,C
4KZY_H,106,R,C
4KZY_H,107,K,C
4KZY_H,108,S,C
4KZY_H,109,R,C
4KZY_H,110,T,C
4KZY_H,111,K,C
4KZY_H,112,N,C
4KZY_H,113,K,C
4KZY_H,114,Q,C
4KZY_H,115,K,C
4KZY_H,116,R,C
4KZY_H,117,P,C
4KZY_H,118,R,C
4KZY_H,119,S,C
4KZY_H,120,R,C
4KZY_H,121,T,H
4KZY_H,122,L,H
4KZY_H,123,T,H
4KZY_H,124,A,H
4KZY_H,125,V,H
4KZY_H,126,H,H
4KZY_H,127,D,H
4KZY_H,128,A,H
4KZY_H,129,I,H
4KZY_H,130,L,H
4KZY_H,131,E,C
4KZY_H,132,D,C
4KZY_H,133,L,C
4KZY_H,134,V,C
4KZY_H,135,F,C
4KZY_H,136,P,C
4KZY_H,137,S,H
4KZY_H,138,E,H
4KZY_H,139,I,H
4KZY_H,140,V,H
4KZY_H,141,G,H
4KZY_H,142,K,E
4KZY_H,143,R,E
4KZY_H,144,I,E
4KZY_H,145,R,E
4KZY_H,146,V,E
4KZY_H,147,K,E
4KZY_H,148,L,E
4KZY_H,149,D,E
4KZY_H,150,G,E
4KZY_H,151,S,E
4KZY_H,152,R,E
4KZY_H,153,L,E
4KZY_H,154,I,E
4KZY_H,155,K,E
4KZY_H,156,V,E
4KZY_H,157,H,H
4KZY_H,158,L,H
4KZY_H,159,D,H
4KZY_H,160,K,H
4KZY_H,161,A,H
4KZY_H,162,Q,H
4KZY_H,163,Q,H
4KZY_H,164,N,C
4KZY_H,165,N,C
4KZY_H,166,V,C
4KZY_H,167,E,C
4KZY_H,168,H,E
4KZY_H,169,K,E
4KZY_H,170,V,E
4KZY_H,171,E,E
4KZY_H,172,T,E
4KZY_H,173,F,E
4KZY_H,174,S,E
4KZY_H,175,G,E
4KZY_H,176,V,E
4KZY_H,177,Y,E
4KZY_H,178,K,E
4KZY_H,179,K,E
4KZY_H,180,L,E
4KZY_H,181,T,C
4KZY_H,182,G,C
4KZY_H,183,K,C
4KZY_H,184,D,C
4KZY_H,185,V,C
4KZY_H,186,N,C
4KZY_H,187,F,C
4KZY_H,188,E,C
4KZY_H,189,F,C
4KZY_H,190,P,C
4KZY_H,191,E,C
4KZY_H,192,F,C
4KZY_H,193,Q,C
4KZY_H,194,L,C
2CUT_A,1,L,C
2CUT_A,2,G,C
2CUT_A,3,R,C
2CUT_A,4,T,C
2CUT_A,5,T,C
2CUT_A,6,R,H
2CUT_A,7,D,H
2CUT_A,8,D,H
2CUT_A,9,L,H
2CUT_A,10,I,H
2CUT_A,11,N,C
2CUT_A,12,G,C
2CUT_A,13,N,C
2CUT_A,14,S,C
2CUT_A,15,A,C
2CUT_A,16,S,C
2CUT_A,17,C,C
2CUT_A,18,A,C
2CUT_A,19,D,E
2CUT_A,20,V,E
2CUT_A,21,I,E
2CUT_A,22,F,E
2CUT_A,23,I,E
2CUT_A,24,Y,E
2CUT_A,25,A,E
2CUT_A,26,R,C
2CUT_A,27,G,C
2CUT_A,28,S,C
2CUT_A,29,T,C
2CUT_A,30,E,C
2CUT_A,31,T,C
2CUT_A,32,G,C
2CUT_A,33,N,C
2CUT_A,34,L,H
2CUT_A,35,G,H
2CUT_A,36,T,H
2CUT_A,37,L,H
2CUT_A,38,G,H
2CUT_A,39,P,H
2CUT_A,40,S,H
2CUT_A,41,I,H
2CUT_A,42,A,H
2CUT_A,43,S,H
2CUT_A,44,N,H
2CUT_A,45,L,H
2CUT_A,46,E,H
2CUT_A,47,S,H
2CUT_A,48,A,H
2CUT_A,49,F,H
2CUT_A,50,G,C
2CUT_A,51,K,C
2CUT_A,52,D,C
2CUT_A,53,G,E
2CUT_A,54,V,E
2CUT_A,55,W,E
2CUT_A,56,I,E
2CUT_A,57,Q,E
2CUT_A,58,G,E
2CUT_A,59,V,C
2CUT_A,60,G,C
2CUT_A,61,G,C
2CUT_A,62,A,E
2CUT_A,63,Y,E
2CUT_A,64,R,E
2CUT_A,65,A,E
2CUT_A,66,T,C
2CUT_A,67,L,C
2CUT_A,68,G,C
2CUT_A,69,D,C
2CUT_A,70,N,C
2CUT_A,71,A,C
2CUT_A,72,L,C
2CUT_A,73,P,C
2CUT_A,74,R,C
2CUT_A,75,G,C
2CUT_A,76,T,C
2CUT_A,77,S,C
2CUT_A,78,S,H
2CUT_A,79,A,H
2CUT_A,80,A,H
2CUT_A,81,I,H
2CUT_A,82,R,H
2CUT_A,83,E,H
2CUT_A,84,M,H
2CUT_A,85,L,H
2CUT_A,86,G,H
2CUT_A,87,L,H
2CUT_A,88,F,H
2CUT_A,89,Q,H
2CUT_A,90,Q,H
2CUT_A,91,A,H
2CUT_A,92,N,C
2CUT_A,93,T,C
2CUT_A,94,K,C
2CUT_A,95,C,C
2CUT_A,96,P,C
2CUT_A,97,D,C
2CUT_A,98,A,E
2CUT_A,99,T,E
2CUT_A,100,L,E
2CUT_A,101,I,E
2CUT_A,102,A,E
2CUT_A,103,G,E
2CUT_A,104,G,E
2CUT_A,105,Y,E
2CUT_A,106,S,H
2CUT_A,107,Q,H
2CUT_A,108,G,H
2CUT_A,109,A,H
2CUT_A,110,A,H
2CUT_A,111,L,H
2CUT_A,112,A,H
2CUT_A,113,A,H
2CUT_A,114,A,H
2CUT_A,115,S,H
2CUT_A,116,I,H
2CUT_A,117,E,H
2CUT_A,118,D,H
2CUT_A,119,L,H
2CUT_A,120,D,H
2CUT_A,121,S,H
2CUT_A,122,A,H
2CUT_A,123,I,H
2CUT_A,124,R,H
2CUT_A,125,D,H
2CUT_A,126,K,H
2CUT_A,127,I,H
2CUT_A,128,A,H
2CUT_A,129,G,H
2CUT_A,130,T,H
2CUT_A,131,V,H
2CUT_A,132,L,H
2CUT_A,133,F,H
2CUT_A,134,G,H
2CUT_A,135,Y,H
2CUT_A,136,T,H
2CUT_A,137,K,C
2CUT_A,138,N,C
2CUT_A,139,L,C
2CUT_A,140,Q,C
2CUT_A,141,N,C
2CUT_A,142,R,C
2CUT_A,143,G,C
2CUT_A,144,R,C
2CUT_A,145,I,C
2CUT_A,146,P,C
2CUT_A,147,N,C
2CUT_A,148,Y,C
2CUT_A,149,P,C
2CUT_A,150,A,C
2CUT_A,151,D,C
2CUT_A,152,R,C
2CUT_A,153,T,E
2CUT_A,154,K,E
2CUT_A,155,V,E
2CUT_A,156,F,E
2CUT_A,157,C,C
2CUT_A,158,N,C
2CUT_A,159,T,C
2CUT_A,160,G,C
2CUT_A,161,D,C
2CUT_A,162,L,E
2CUT_A,163,V,E
2CUT_A,164,C,E
2CUT_A,165,T,E
2CUT_A,166,G,E
2CUT_A,167,S,E
2CUT_A,168,L,E
2CUT_A,169,I,E
2CUT_A,170,V,E
2CUT_A,171,A,E
2CUT_A,172,A,E
2CUT_A,173,P,H
2CUT_A,174,H,H
2CUT_A,175,L,H
2CUT_A,176,A,H
2CUT_A,177,Y,C
2CUT_A,178,G,C
2CUT_A,179,P,C
2CUT_A,180,D,C
2CUT_A,181,A,C
2CUT_A,182,R,C
2CUT_A,183,G,C
2CUT_A,184,P,C
2CUT_A,185,A,C
2CUT_A,186,P,C
2CUT_A,187,E,C
2CUT_A,188,F,H
2CUT_A,189,L,H
2CUT_A,190,I,H
2CUT_A,191,E,H
2CUT_A,192,K,H
2CUT_A,193,V,H
2CUT_A,194,R,C
2CUT_A,195,A,C
2CUT_A,196,V,C
2CUT_A,197,R,C
2CUT_A,198,G,C
5FDK_A,1,M,C
5FDK_A,2,I,C
5FDK_A,3,R,C
5FDK_A,4,Y,C
5FDK_A,5,P,C
5FDK_A,6,N,C
5FDK_A,7,G,C
5FDK_A,8,K,C
5FDK_A,9,T,C
5FDK_A,10,F,C
5FDK_A,11,Q,C
5FDK_A,12,P,C
5FDK_A,13,K,C
5FDK_A,14,H,C
5FDK_A,15,S,C
5FDK_A,16,V,C
5FDK_A,17,S,C
5FDK_A,18,S,C
5FDK_A,19,Q,C
5FDK_A,20,N,C
5FDK_A,21,S,C
5FDK_A,22,Q,C
5FDK_A,23,K,C
5FDK_A,24,R,C
5FDK_A,25,A,C
5FDK_A,26,P,C
5FDK_A,27,S,C
5FDK_A,28,Y,C
5FDK_A,29,S,C
5FDK_A,30,N,C
5FDK_A,31,R,C
5FDK_A,32,G,C
5FDK_A,33,M,C
5FDK_A,34,T,C
5FDK_A,35,L,H
5FDK_A,36,E,H
5FDK_A,37,D,H
5FDK_A,38,D,H
5FDK_A,39,L,H
5FDK_A,40,N,H
5FDK_A,41,E,H
5FDK_A,42,T,H
5FDK_A,43,N,H
5FDK_A,44,K,H
5FDK_A,45,Y,H
5FDK_A,46,Y,H
5FDK_A,47,L,H
5FDK_A,48,T,E
5FDK_A,49,N,E
5FDK_A,50,Q,E
5FDK_A,51,I,E
5FDK_A,52,A,E
5FDK_A,53,V,E
5FDK_A,54,I,E
5FDK_A,55,H,E
5FDK_A,56,K,E
5FDK_A,57,K,C
5FDK_A,58,P,C
5FDK_A,59,T,C
5FDK_A,60,P,C
5FDK_A,61,V,E
5FDK_A,62,Q,E
5FDK_A,63,I,E
5FDK_A,64,V,E
5FDK_A,65,N,E
5FDK_A,66,V,E
5FDK_A,67,H,C
5FDK_A,68,Y,C
5FDK_A,69,P,C
5FDK_A,70,K,C
5FDK_A,71,R,C
5FDK_A,72,S,C
5FDK_A,73,A,H
5FDK_A,74,A,H
5FDK_A,75,V,H
5FDK_A,76,I,E
5FDK_A,77,K,E
5FDK_A,78,E,E
5FDK_A,79,A,E
5FDK_A,80,Y,E
5FDK_A,81,F,H
5FDK_A,82,K,H
5FDK_A,83,Q,H
5FDK_A,84,S,H
5FDK_A,85,S,C
5FDK_A,86,T,C
5FDK_A,87,T,C
5FDK_A,88,N,C
5FDK_A,89,Y,C
5FDK_A,90,N,C
5FDK_A,91,G,C
5FDK_A,92,I,E
5FDK_A,93,Y,E
5FDK_A,94,K,E
5FDK_A,95,G,E
5FDK_A,96,R,E
5FDK_A,97,Y,E
5FDK_A,98,I,E
5FDK_A,99,D,E
5FDK_A,100,F,E
5FDK_A,101,E,E
5FDK_A,102,A,E
5FDK_A,103,K,E
5FDK_A,104,E,C
5FDK_A,105,T,C
5FDK_A,106,K,C
5FDK_A,107,N,C
5FDK_A,108,K,C
5FDK_A,109,T,C
5FDK_A,110,S,C
5FDK_A,111,F,C
5FDK_A,112,P,C
5FDK_A,113,L,C
5FDK_A,114,Q,C
5FDK_A,115,N,C
5FDK_A,116,F,C
5FDK_A,117,H,H
5FDK_A,118,D,H
5FDK_A,119,H,H
5FDK_A,120,Q,H
5FDK_A,121,I,H
5FDK_A,122,E,H
5FDK_A,123,H,H
5FDK_A,124,M,H
5FDK_A,125,K,H
5FDK_A,126,Q,H
5FDK_A,127,V,H
5FDK_A,128,K,H
5FDK_A,129,A,H
5FDK_A,130,Q,C
5FDK_A,131,D,C
5FDK_A,132,G,C
5FDK_A,133,I,C
5FDK_A,134,C,E
5FDK_A,135,F,E
5FDK_A,136,V,E
5FDK_A,137,I,E
5FDK_A,138,I,E
5FDK_A,139,S,E
5FDK_A,140,A,C
5FDK_A,141,F,C
5FDK_A,142,D,C
5FDK_A,143,Q,H
5FDK_A,144,V,H
5FDK_A,145,Y,H
5FDK_A,146,F,H
5FDK_A,147,L,H
5FDK_A,148,E,C
5FDK_A,149,A,C
5FDK_A,150,D,C
5FDK_A,151,K,E
5FDK_A,152,L,E
5FDK_A,153,F,E
5FDK_A,154,Y,E
5FDK_A,155,F,E
5FDK_A,156,W,E
5FDK_A,157,D,E
5FDK_A,158,R,C
5FDK_A,159,K,C
5FDK_A,160,E,C
5FDK_A,161,K,C
5FDK_A,162,N,C
5FDK_A,163,G,C
5FDK_A,164,R,C
5FDK_A,165,K,C
5FDK_A,166,S,C
5FDK_A,167,I,C
5FDK_A,168,R,C
5FDK_A,169,K,H
5FDK_A,170,D,H
5FDK_A,171,E,H
5FDK_A,172,L,H
5FDK_A,173,E,H
5FDK_A,174,E,H
5FDK_A,175,T,C
5FDK_A,176,A,C
5FDK_A,177,Y,C
5FDK_A,178,P,C
5FDK_A,179,I,C
5FDK_A,180,S,C
5FDK_A,181,L,C
5FDK_A,182,G,C
5FDK_A,183,Y,C
5FDK_A,184,A,C
5FDK_A,185,P,C
5FDK_A,186,R,C
5FDK_A,187,I,C
5FDK_A,188,D,C
5FDK_A,189,Y,H
5FDK_A,190,I,H
5FDK_A,191,S,H
5FDK_A,192,I,H
5FDK_A,193,I,H
5FDK_A,194,E,H
5FDK_A,195,Q,H
5FDK_A,196,L,C
5FDK_A,197,Y,C
5FDK_A,198,F,C
5FDK_A,199,S,C
2WRL_E,1,M,C
2WRL_E,2,K,C
2WRL_E,3,G,C
2WRL_E,4,I,C
2WRL_E,5,L,C
2WRL_E,6,G,C
2WRL_E,7,V,C
2WRL_E,8,K,E
2WRL_E,9,V,E
2WRL_E,10,G,E
2WRL_E,11,M,H
2WRL_E,12,T,H
2WRL_E,13,R,H
2WRL_E,14,I,H
2WRL_E,15,F,C
2WRL_E,16,R,C
2WRL_E,17,D,C
2WRL_E,18,D,C
2WRL_E,19,R,C
2WRL_E,20,A,C
2WRL_E,21,V,E
2WRL_E,22,P,E
2WRL_E,23,V,E
2WRL_E,24,T,E
2WRL_E,25,V,E
2WRL_E,26,I,E
2WRL_E,27,L,E
2WRL_E,28,A,C
2WRL_E,29,G,C
2WRL_E,30,P,C
2WRL_E,31,C,C
2WRL_E,32,P,C
2WRL_E,33,V,C
2WRL_E,34,V,C
2WRL_E,35,Q,C
2WRL_E,36,R,C
2WRL_E,37,R,C
2WRL_E,38,T,C
2WRL_E,39,P,C
2WRL_E,40,E,C
2WRL_E,41,K,C
2WRL_E,42,D,C
2WRL_E,43,G,C
2WRL_E,44,Y,C
2WRL_E,45,T,C
2WRL_E,46,A,C
2WRL_E,47,V,H
2WRL_E,48,Q,H
2WRL_E,49,L,H
2WRL_E,50,G,C
2WRL_E,51,F,C
2WRL_E,52,L,C
2WRL_E,53,P,C
2WRL_E,54,Q,C
2WRL_E,55,N,C
2WRL_E,56,P,C
2WRL_E,57,K,C
2WRL_E,58,R,C
2WRL_E,59,V,C
2WRL_E,60,N,C
2WRL_E,61,R,C
2WRL_E,62,P,C
2WRL_E,63,L,C
2WRL_E,64,K,C
2WRL_E,65,G,C
2WRL_E,66,H,C
2WRL_E,67,F,H
2WRL_E,68,A,H
2WRL_E,69,K,H
2WRL_E,70,A,C
2WRL_E,71,G,C
2WRL_E,72,V,C
2WRL_E,73,E,C
2WRL_E,74,P,H
2WRL_E,75,V,H
2WRL_E,76,R,H
2WRL_E,77,I,H
2WRL_E,78,L,H
2WRL_E,79,R,H
2WRL_E,80,E,H
2WRL_E,81,I,H
2WRL_E,82,R,H
2WRL_E,83,D,H
2WRL_E,84,F,H
2WRL_E,85,N,C
2WRL_E,86,P,C
2WRL_E,87,E,C
2WRL_E,88,G,C
2WRL_E,89,D,C
2WRL_E,90,T,E
2WRL_E,91,V,E
2WRL_E,92,T,E
2WRL_E,93,V,E
2WRL_E,94,E,E
2WRL_E,95,I,E
2WRL_E,96,F,E
2WRL_E,97,K,C
2WRL_E,98,P,C
2WRL_E,99,G,C
2WRL_E,100,E,C
2WRL_E,101,R,E
2WRL_E,102,V,E
2WRL_E,103,D,E
2WRL_E,104,V,E
2WRL_E,105,T,E
2WRL_E,106,G,E
2WRL_E,107,T,C
2WRL_E,108,S,C
2WRL_E,109,K,C
2WRL_E,110,G,C
2WRL_E,111,R,C
2WRL_E,112,G,C
2WRL_E,113,F,C
2WRL_E,114,A,C
2WRL_E,115,G,C
2WRL_E,116,V,C
2WRL_E,117,M,C
2WRL_E,118,K,C
2WRL_E,119,R,C
2WRL_E,120,W,C
2WRL_E,121,N,C
2WRL_E,122,F,C
2WRL_E,123,A,C
2WRL_E,124,G,C
2WRL_E,125,G,C
2WRL_E,126,P,C
2WRL_E,127,D,C
2WRL_E,128,S,C
2WRL_E,129,H,C
2WRL_E,130,G,C
2WRL_E,131,A,C
2WRL_E,132,H,C
2WRL_E,133,K,C
2WRL_E,134,I,C
2WRL_E,135,H,C
2WRL_E,136,R,C
2WRL_E,137,H,C
2WRL_E,138,P,C
2WRL_E,139,G,C
2WRL_E,140,S,C
2WRL_E,141,I,C
2WRL_E,142,G,C
2WRL_E,143,N,C
2WRL_E,144,R,C
2WRL_E,145,K,C
2WRL_E,146,T,C
2WRL_E,147,P,C
2WRL_E,148,G,C
2WRL_E,149,R,C
2WRL_E,150,V,C
2WRL_E,151,Y,C
2WRL_E,152,K,C
2WRL_E,153,G,C
2WRL_E,154,K,C
2WRL_E,155,K,C
2WRL_E,156,M,C
2WRL_E,157,A,C
2WRL_E,158,G,C
2WRL_E,159,H,C
2WRL_E,160,Y,C
2WRL_E,161,G,C
2WRL_E,162,A,C
2WRL_E,163,E,C
2WRL_E,164,R,E
2WRL_E,165,V,E
2WRL_E,166,T,E
2WRL_E,167,V,E
2WRL_E,168,M,E
2WRL_E,169,N,E
2WRL_E,170,L,E
2WRL_E,171,E,E
2WRL_E,172,V,E
2WRL_E,173,V,C
2WRL_E,174,D,C
2WRL_E,175,V,C
2WRL_E,176,I,C
2WRL_E,177,P,C
2WRL_E,178,E,C
2WRL_E,179,E,C
2WRL_E,180,N,C
2WRL_E,181,L,E
2WRL_E,182,L,E
2WRL_E,183,L,E
2WRL_E,184,V,E
2WRL_E,185,K,E
2WRL_E,186,G,E
2WRL_E,187,A,E
2WRL_E,188,V,E
2WRL_E,189,P,C
2WRL_E,190,G,C
2WRL_E,191,P,C
2WRL_E,192,N,C
2WRL_E,193,G,C
2WRL_E,194,G,C
2WRL_E,195,L,E
2WRL_E,196,V,E
2WRL_E,197,I,E
2WRL_E,198,V,E
2WRL_E,199,R,E
2WRL_E,200,E,E
2WRL_E,201,T,C
2WRL_E,202,K,C
2WRL_E,203,K,C
2WRL_E,204,A,C
2WRL_E,205,A,C
2WRL_E,206,K,C
3UYG_E,1,M,C
3UYG_E,2,K,C
3UYG_E,3,G,C
3UYG_E,4,I,C
3UYG_E,5,L,C
3UYG_E,6,G,C
3UYG_E,7,V,C
3UYG_E,8,K,E
3UYG_E,9,V,E
3UYG_E,10,G,E
3UYG_E,11,M,H
3UYG_E,12,T,H
3UYG_E,13,R,H
3UYG_E,14,I,H
3UYG_E,15,F,C
3UYG_E,16,R,C
3UYG_E,17,D,C
3UYG_E,18,D,C
3UYG_E,19,R,C
3UYG_E,20,A,C
3UYG_E,21,V,E
3UYG_E,22,P,E
3UYG_E,23,V,E
3UYG_E,24,T,E
3UYG_E,25,V,E
3UYG_E,26,I,E
3UYG_E,27,L,E
3UYG_E,28,A,C
3UYG_E,29,G,C
3UYG_E,30,P,C
3UYG_E,31,C,C
3UYG_E,32,P,C
3UYG_E,33,V,C
3UYG_E,34,V,C
3UYG_E,35,Q,C
3UYG_E,36,R,C
3UYG_E,37,R,C
3UYG_E,38,T,C
3UYG_E,39,P,C
3UYG_E,40,E,C
3UYG_E,41,K,C
3UYG_E,42,D,C
3UYG_E,43,G,C
3UYG_E,44,Y,C
3UYG_E,45,T,C
3UYG_E,46,A,C
3UYG_E,47,V,H
3UYG_E,48,Q,H
3UYG_E,49,L,H
3UYG_E,50,G,C
3UYG_E,51,F,C
3UYG_E,52,L,C
3UYG_E,53,P,C
3UYG_E,54,Q,C
3UYG_E,55,N,C
3UYG_E,56,P,C
3UYG_E,57,K,C
3UYG_E,58,R,C
3UYG_E,59,V,C
3UYG_E,60,N,C
3UYG_E,61,R,C
3UYG_E,62,P,C
3UYG_E,63,L,C
3UYG_E,64,K,C
3UYG_E,65,G,C
3UYG_E,66,H,C
3UYG_E,67,F,H
3UYG_E,68,A,H
3UYG_E,69,K,H
3UYG_E,70,A,C
3UYG_E,71,G,C
3UYG_E,72,V,C
3UYG_E,73,E,C
3UYG_E,74,P,H
3UYG_E,75,V,H
3UYG_E,76,R,H
3UYG_E,77,I,H
3UYG_E,78,L,H
3UYG_E,79,R,H
3UYG_E,80,E,H
3UYG_E,81,I,H
3UYG_E,82,R,H
3UYG_E,83,D,H
3UYG_E,84,F,H
3UYG_E,85,N,C
3UYG_E,86,P,C
3UYG_E,87,E,C
3UYG_E,88,G,C
3UYG_E,89,D,C
3UYG_E,90,T,E
3UYG_E,91,V,E
3UYG_E,92,T,E
3UYG_E,93,V,E
3UYG_E,94,E,E
3UYG_E,95,I,E
3UYG_E,96,F,E
3UYG_E,97,K,C
3UYG_E,98,P,C
3UYG_E,99,G,C
3UYG_E,100,E,C
3UYG_E,101,R,E
3UYG_E,102,V,E
3UYG_E,103,D,E
3UYG_E,104,V,E
3UYG_E,105,T,E
3UYG_E,106,G,E
3UYG_E,107,T,C
3UYG_E,108,S,C
3UYG_E,109,K,C
3UYG_E,110,G,C
3UYG_E,111,R,C
3UYG_E,112,G,C
3UYG_E,113,F,C
3UYG_E,114,A,C
3UYG_E,115,G,C
3UYG_E,116,V,C
3UYG_E,117,M,C
3UYG_E,118,K,C
3UYG_E,119,R,C
3UYG_E,120,W,C
3UYG_E,121,N,C
3UYG_E,122,F,C
3UYG_E,123,A,C
3UYG_E,124,G,C
3UYG_E,125,G,C
3UYG_E,126,P,C
3UYG_E,127,D,C
3UYG_E,128,S,C
3UYG_E,129,H,C
3UYG_E,130,G,C
3UYG_E,131,A,C
3UYG_E,132,H,C
3UYG_E,133,K,C
3UYG_E,134,I,C
3UYG_E,135,H,C
3UYG_E,136,R,C
3UYG_E,137,H,C
3UYG_E,138,P,C
3UYG_E,139,G,C
3UYG_E,140,S,C
3UYG_E,141,I,C
3UYG_E,142,G,C
3UYG_E,143,N,C
3UYG_E,144,R,C
3UYG_E,145,K,C
3UYG_E,146,T,C
3UYG_E,147,P,C
3UYG_E,148,G,C
3UYG_E,149,R,C
3UYG_E,150,V,C
3UYG_E,151,Y,C
3UYG_E,152,K,C
3UYG_E,153,G,C
3UYG_E,154,K,C
3UYG_E,155,K,C
3UYG_E,156,M,C
3UYG_E,157,A,C
3UYG_E,158,G,C
3UYG_E,159,H,C
3UYG_E,160,Y,C
3UYG_E,161,G,C
3UYG_E,162,A,C
3UYG_E,163,E,C
3UYG_E,164,R,E
3UYG_E,165,V,E
3UYG_E,166,T,E
3UYG_E,167,V,E
3UYG_E,168,M,E
3UYG_E,169,N,E
3UYG_E,170,L,E
3UYG_E,171,E,E
3UYG_E,172,V,E
3UYG_E,173,V,C
3UYG_E,174,D,C
3UYG_E,175,V,C
3UYG_E,176,I,C
3UYG_E,177,P,C
3UYG_E,178,E,C
3UYG_E,179,E,C
3UYG_E,180,N,C
3UYG_E,181,L,E
3UYG_E,182,L,E
3UYG_E,183,L,E
3UYG_E,184,V,E
3UYG_E,185,K,E
3UYG_E,186,G,E
3UYG_E,187,A,E
3UYG_E,188,V,E
3UYG_E,189,P,C
3UYG_E,190,G,C
3UYG_E,191,P,C
3UYG_E,192,N,C
3UYG_E,193,G,C
3UYG_E,194,G,C
3UYG_E,195,L,E
3UYG_E,196,V,E
3UYG_E,197,I,E
3UYG_E,198,V,E
3UYG_E,199,R,E
3UYG_E,200,E,E
3UYG_E,201,T,C
3UYG_E,202,K,C
3UYG_E,203,K,C
3UYG_E,204,A,C
3UYG_E,205,A,C
3UYG_E,206,K,C
2A2S_A,1,M,C
2A2S_A,2,P,C
2A2S_A,3,P,C
2A2S_A,4,Y,C
2A2S_A,5,T,E
2A2S_A,6,V,E
2A2S_A,7,V,E
2A2S_A,8,Y,E
2A2S_A,9,F,C
2A2S_A,10,P,C
2A2S_A,11,V,C
2A2S_A,12,R,C
2A2S_A,13,G,C
2A2S_A,14,R,H
2A2S_A,15,C,H
2A2S_A,16,A,H
2A2S_A,17,A,H
2A2S_A,18,L,H
2A2S_A,19,R,H
2A2S_A,20,M,H
2A2S_A,21,L,H
2A2S_A,22,L,H
2A2S_A,23,A,H
2A2S_A,24,D,H
2A2S_A,25,Q,C
2A2S_A,26,G,C
2A2S_A,27,Q,C
2A2S_A,28,S,C
2A2S_A,29,W,E
2A2S_A,30,K,E
2A2S_A,31,E,E
2A2S_A,32,E,E
2A2S_A,33,V,E
2A2S_A,34,V,E
2A2S_A,35,T,E
2A2S_A,36,V,E
2A2S_A,37,E,E
2A2S_A,38,T,E
2A2S_A,39,W,E
2A2S_A,40,Q,C
2A2S_A,41,E,C
2A2S_A,42,G,C
2A2S_A,43,S,C
2A2S_A,44,L,E
2A2S_A,45,K,E
2A2S_A,46,A,E
2A2S_A,47,S,E
2A2S_A,48,C,E
2A2S_A,49,L,E
2A2S_A,50,Y,C
2A2S_A,51,G,C
2A2S_A,52,Q,C
2A2S_A,53,L,C
2A2S_A,54,P,C
2A2S_A,55,K,C
2A2S_A,56,F,C
2A2S_A,57,Q,C
2A2S_A,58,D,C
2A2S_A,59,G,C
2A2S_A,60,D,C
2A2S_A,61,L,E
2A2S_A,62,T,E
2A2S_A,63,L,E
2A2S_A,64,Y,E
2A2S_A,65,Q,E
2A2S_A,66,S,H
2A2S_A,67,N,H
2A2S_A,68,T,H
2A2S_A,69,I,H
2A2S_A,70,L,H
2A2S_A,71,R,H
2A2S_A,72,H,H
2A2S_A,73,L,H
2A2S_A,74,G,H
2A2S_A,75,R,H
2A2S_A,76,T,H
2A2S_A,77,L,H
2A2S_A,78,G,C
2A2S_A,79,L,C
2A2S_A,80,Y,C
2A2S_A,81,G,C
2A2S_A,82,K,C
2A2S_A,83,D,C
2A2S_A,84,Q,H
2A2S_A,85,Q,H
2A2S_A,86,E,H
2A2S_A,87,A,H
2A2S_A,88,A,H
2A2S_A,89,L,H
2A2S_A,90,V,H
2A2S_A,91,D,H
2A2S_A,92,M,H
2A2S_A,93,V,H
2A2S_A,94,N,H
2A2S_A,95,D,H
2A2S_A,96,G,H
2A2S_A,97,V,H
2A2S_A,98,E,H
2A2S_A,99,D,H
2A2S_A,100,L,H
2A2S_A,101,R,H
2A2S_A,102,C,H
2A2S_A,103,K,H
2A2S_A,104,Y,H
2A2S_A,105,I,H
2A2S_A,106,S,H
2A2S_A,107,L,H
2A2S_A,108,I,H
2A2S_A,109,Y,H
2A2S_A,110,T,H
2A2S_A,111,N,C
2A2S_A,112,Y,C
2A2S_A,113,E,C
2A2S_A,114,A,C
2A2S_A,115,G,C
2A2S_A,116,K,H
2A2S_A,117,D,H
2A2S_A,118,D,H
2A2S_A,119,Y,H
2A2S_A,120,V,H
2A2S_A,121,K,H
2A2S_A,122,A,H
2A2S_A,123,L,H
2A2S_A,124,P,H
2A2S_A,125,G,H
2A2S_A,126,Q,H
2A2S_A,127,L,H
2A2S_A,128,K,H
2A2S_A,129,P,H
2A2S_A,130,F,H
2A2S_A,131,E,H
2A2S_A,132,T,H
2A2S_A,133,L,H
2A2S_A,134,L,H
2A2S_A,135,S,H
2A2S_A,136,Q,H
2A2S_A,137,N,C
2A2S_A,138,Q,C
2A2S_A,139,G,C
2A2S_A,140,G,C
2A2S_A,141,K,C
2A2S_A,142,T,C
2A2S_A,143,F,E
2A2S_A,144,I,E
2A2S_A,145,V,E
2A2S_A,146,G,C
2A2S_A,147,D,C
2A2S_A,148,Q,C
2A2S_A,149,I,C
2A2S_A,150,S,C
2A2S_A,151,F,H
2A2S_A,152,A,H
2A2S_A,153,D,H
2A2S_A,154,Y,H
2A2S_A,155,N,H
2A2S_A,156,L,H
2A2S_A,157,L,H
2A2S_A,158,D,H
2A2S_A,159,L,H
2A2S_A,160,L,H
2A2S_A,161,L,H
2A2S_A,162,I,H
2A2S_A,163,H,H
2A2S_A,164,E,H
2A2S_A,165,V,H
2A2S_A,166,L,H
2A2S_A,167,A,C
2A2S_A,168,P,C
2A2S_A,169,G,C
2A2S_A,170,C,C
2A2S_A,171,L,C
2A2S_A,172,D,C
2A2S_A,173,A,C
2A2S_A,174,F,C
2A2S_A,175,P,H
2A2S_A,176,L,H
2A2S_A,177,L,H
2A2S_A,178,S,H
2A2S_A,179,A,H
2A2S_A,180,Y,H
2A2S_A,181,V,H
2A2S_A,182,G,H
2A2S_A,183,R,H
2A2S_A,184,L,H
2A2S_A,185,S,H
2A2S_A,186,A,H
2A2S_A,187,R,H
2A2S_A,188,P,H
2A2S_A,189,K,H
2A2S_A,190,L,H
2A2S_A,191,K,H
2A2S_A,192,A,H
2A2S_A,193,F,H
2A2S_A,194,L,H
2A2S_A,195,A,H
2A2S_A,196,S,H
2A2S_A,197,P,H
2A2S_A,198,E,H
2A2S_A,199,Y,H
2A2S_A,200,V,H
2A2S_A,201,N,C
2A2S_A,202,L,C
2A2S_A,203,P,C
2A2S_A,204,I,C
2A2S_A,205,N,C
2A2S_A,206,G,C
2A2S_A,207,N,C
2A2S_A,208,G,C
2A2S_A,209,K,C
2A2S_A,210,Q,C
3J3S_6,1,M,E
3J3S_6,2,E,E
3J3S_6,3,I,E
3J3S_6,4,E,E
3J3S_6,5,R,H
3J3S_6,6,I,H
3J3S_6,7,N,H
3J3S_6,8,E,H
3J3S_6,9,H,H
3J3S_6,10,T,H
3J3S_6,11,V,H
3J3S_6,12,K,E
3J3S_6,13,F,E
3J3S_6,14,Y,E
3J3S_6,15,M,E
3J3S_6,16,S,E
3J3S_6,17,Y,E
3J3S_6,18,G,E
3J3S_6,19,D,E
3J3S_6,20,I,E
3J3S_6,21,E,E
3J3S_6,22,D,C
3J3S_6,23,R,C
3J3S_6,24,G,C
3J3S_6,25,F,C
3J3S_6,26,D,C
3J3S_6,27,R,C
3J3S_6,28,E,C
3J3S_6,29,E,C
3J3S_6,30,I,E
3J3S_6,31,W,E
3J3S_6,32,Y,E
3J3S_6,33,N,E
3J3S_6,34,R,H
3J3S_6,35,E,H
3J3S_6,36,R,H
3J3S_6,37,S,H
3J3S_6,38,E,H
3J3S_6,39,E,H
3J3S_6,40,L,H
3J3S_6,41,F,H
3J3S_6,42,W,H
3J3S_6,43,E,H
3J3S_6,44,V,H
3J3S_6,45,M,H
3J3S_6,46,D,H
3J3S_6,47,E,H
3J3S_6,48,V,H
3J3S_6,49,H,C
3J3S_6,50,E,C
3J3S_6,51,E,C
3J3S_6,52,E,C
3J3S_6,53,E,C
3J3S_6,54,F,C
3J3S_6,55,A,C
3J3S_6,56,V,C
3J3S_6,57,E,C
3J3S_6,58,G,C
3J3S_6,59,P,C
3J3S_6,60,L,E
3J3S_6,61,W,E
3J3S_6,62,I,E
3J3S_6,63,Q,E
3J3S_6,64,V,E
3J3S_6,65,Q,H
3J3S_6,66,A,H
3J3S_6,67,L,H
3J3S_6,68,D,H
3J3S_6,69,K,H
3J3S_6,70,G,H
3J3S_6,71,L,H
3J3S_6,72,E,E
3J3S_6,73,I,E
3J3S_6,74,I,E
3J3S_6,75,V,E
3J3S_6,76,T,E
3J3S_6,77,K,E
3J3S_6,78,A,C
3J3S_6,79,Q,C
3J3S_6,80,L,C
3J3S_6,81,S,C
3J3S_6,82,K,C
3J3S_6,83,D,C
3J3S_6,84,G,C
3J3S_6,85,Q,C
3J3S_6,86,K,E
3J3S_6,87,L,E
3J3S_6,88,E,E
3J3S_6,89,L,C
3J3S_6,90,P,C
3J3S_6,91,I,C
3J3S_6,92,P,C
3J3S_6,93,E,C
3J3S_6,94,D,C
3J3S_6,95,K,C
3J3S_6,96,K,C
3J3S_6,97,Q,C
3J3S_6,98,E,C
3J3S_6,99,P,C
3J3S_6,100,A,C
3J3S_6,101,S,C
3J3S_6,102,E,H
3J3S_6,103,D,H
3J3S_6,104,L,H
3J3S_6,105,D,H
3J3S_6,106,A,H
3J3S_6,107,L,H
3J3S_6,108,L,H
3J3S_6,109,D,H
3J3S_6,110,D,H
3J3S_6,111,F,H
3J3S_6,112,Q,H
3J3S_6,113,K,H
3J3S_6,114,E,H
3J3S_6,115,E,H
3J3S_6,116,Q,H
3J3S_6,117,A,H
3J3S_6,118,V,C
3J3S_6,119,N,C
3J3S_6,120,Q,C
3J3S_6,121,E,C
3J3S_6,122,E,H
3J3S_6,123,K,H
3J3S_6,124,E,H
3J3S_6,125,Q,H
3J3S_6,126,K,H
3J3S_6,127,L,H
3J3S_6,128,Q,E
3J3S_6,129,F,E
3J3S_6,130,V,E
3J3S_6,131,L,E
3J3S_6,132,R,E
3J3S_6,133,F,E
3J3S_6,134,G,E
3J3S_6,135,D,E
3J3S_6,136,F,H
3J3S_6,137,E,H
3J3S_6,138,D,H
3J3S_6,139,V,H
3J3S_6,140,I,H
3J3S_6,141,S,H
3J3S_6,142,L,H
3J3S_6,143,S,C
3J3S_6,144,K,C
3J3S_6,145,L,C
3J3S_6,146,N,C
3J3S_6,147,V,C
3J3S_6,148,N,C
3J3S_6,149,G,C
3J3S_6,150,S,C
3J3S_6,151,K,C
3J3S_6,152,T,E
3J3S_6,153,T,E
3J3S_6,154,L,E
3J3S_6,155,Y,E
3J3S_6,156,S,E
3J3S_6,157,F,E
3J3S_6,158,E,C
3J3S_6,159,N,C
3J3S_6,160,R,C
3J3S_6,161,Y,E
3J3S_6,162,Y,E
3J3S_6,163,L,E
3J3S_6,164,Y,E
3J3S_6,165,V,E
3J3S_6,166,D,E
3J3S_6,167,F,C
3J3S_6,168,C,C
3J3S_6,169,N,C
3J3S_6,170,M,C
3J3S_6,171,T,C
3J3S_6,172,D,H
3J3S_6,173,E,H
3J3S_6,174,E,H
3J3S_6,175,V,H
3J3S_6,176,E,H
3J3S_6,177,N,H
3J3S_6,178,Q,H
3J3S_6,179,L,H
3J3S_6,180,S,H
3J3S_6,181,I,H
3J3S_6,182,L,H
3J3S_6,183,L,H
3J3S_6,184,E,H
3J3S_6,185,Y,H
3J3S_6,186,A,C
3J3S_6,187,T,C
3J3S_6,188,E,C
3J3S_6,189,S,C
3J3S_6,190,S,C
3J3S_6,191,I,H
3J3S_6,192,S,H
3J3S_6,193,I,H
3J3S_6,194,H,H
3J3S_6,195,R,H
3J3S_6,196,L,H
3J3S_6,197,E,H
3J3S_6,198,E,H
3J3S_6,199,Y,H
3J3S_6,200,G,H
3J3S_6,201,K,H
3J3S_6,202,L,H
3J3S_6,203,I,H
3J3S_6,204,I,H
3J3S_6,205,S,H
3J3S_6,206,E,H
3J3S_6,207,H,H
3J3S_6,208,A,H
3J3S_6,209,L,H
3J3S_6,210,E,H
3J3S_6,211,T,H
3J3S_6,212,I,H
3J3S_6,213,K,H
3J3S_6,214,K,H
3J3S_6,215,H,H
3J3S_6,216,F,C
3J3S_6,217,A,C
3J3S_6,218,S,C
6DCW_L,1,D,C
6DCW_L,2,I,C
6DCW_L,3,Q,C
6DCW_L,4,L,E
6DCW_L,5,T,E
6DCW_L,6,Q,E
6DCW_L,7,S,C
6DCW_L,8,P,C
6DCW_L,9,D,C
6DCW_L,10,S,E
6DCW_L,11,L,E
6DCW_L,12,A,E
6DCW_L,13,V,E
6DCW_L,14,S,E
6DCW_L,15,L,E
6DCW_L,16,G,C
6DCW_L,17,E,C
6DCW_L,18,R,C
6DCW_L,19,A,E
6DCW_L,20,T,E
6DCW_L,21,I,E
6DCW_L,22,N,E
6DCW_L,23,C,E
6DCW_L,24,K,E
6DCW_L,25,S,C
6DCW_L,26,S,C
6DCW_L,27,Q,C
6DCW_L,28,S,C
6DCW_L,29,V,E
6DCW_L,30,F,E
6DCW_L,31,S,E
6DCW_L,32,R,E
6DCW_L,33,D,C
6DCW_L,34,N,C
6DCW_L,35,N,C
6DCW_L,36,K,C
6DCW_L,37,N,C
6DCW_L,38,Y,E
6DCW_L,39,L,E
6DCW_L,40,A,E
6DCW_L,41,W,E
6DCW_L,42,Y,E
6DCW_L,43,Q,E
6DCW_L,44,H,C
6DCW_L,45,K,C
6DCW_L,46,S,C
6DCW_L,47,G,C
6DCW_L,48,Q,C
6DCW_L,49,P,C
6DCW_L,50,P,C
6DCW_L,51,K,E
6DCW_L,52,L,E
6DCW_L,53,L,E
6DCW_L,54,F,E
6DCW_L,55,F,E
6DCW_L,56,W,E
6DCW_L,57,A,E
6DCW_L,58,S,E
6DCW_L,59,S,E
6DCW_L,60,R,C
6DCW_L,61,E,C
6DCW_L,62,S,C
6DCW_L,63,G,C
6DCW_L,64,V,C
6DCW_L,65,S,C
6DCW_L,66,D,C
6DCW_L,67,R,C
6DCW_L,68,F,E
6DCW_L,69,S,E
6DCW_L,70,G,E
6DCW_L,71,S,E
6DCW_L,72,G,E
6DCW_L,73,S,E
6DCW_L,74,G,E
6DCW_L,75,T,E
6DCW_L,76,D,E
6DCW_L,77,F,E
6DCW_L,78,T,E
6DCW_L,79,L,E
6DCW_L,80,T,E
6DCW_L,81,I,E
6DCW_L,82,D,C
6DCW_L,83,N,C
6DCW_L,84,L,C
6DCW_L,85,Q,C
6DCW_L,86,A,H
6DCW_L,87,E,H
6DCW_L,88,D,H
6DCW_L,89,V,H
6DCW_L,90,A,E
6DCW_L,91,L,E
6DCW_L,92,Y,E
6DCW_L,93,Y,E
6DCW_L,94,C,E
6DCW_L,95,Q,E
6DCW_L,96,H,E
6DCW_L,97,Y,E
6DCW_L,98,F,E
6DCW_L,99,N,C
6DCW_L,100,T,C
6DCW_L,101,P,C
6DCW_L,102,H,C
6DCW_L,103,N,C
6DCW_L,104,F,C
6DCW_L,105,G,C
6DCW_L,106,Q,C
6DCW_L,107,G,C
6DCW_L,108,T,E
6DCW_L,109,K,E
6DCW_L,110,L,E
6DCW_L,111,E,E
6DCW_L,112,I,E
6DCW_L,113,K,C
6DCW_L,114,R,C
6DCW_L,115,T,C
6DCW_L,116,V,C
6DCW_L,117,A,C
6DCW_L,118,A,C
6DCW_L,119,P,C
6DCW_L,120,S,E
6DCW_L,121,V,E
6DCW_L,122,F,E
6DCW_L,123,I,E
6DCW_L,124,F,E
6DCW_L,125,P,C
6DCW_L,126,P,C
6DCW_L,127,S,C
6DCW_L,128,D,H
6DCW_L,129,E,H
6DCW_L,130,Q,H
6DCW_L,131,L,H
6DCW_L,132,K,H
6DCW_L,133,S,H
6DCW_L,134,G,H
6DCW_L,135,T,E
6DCW_L,136,A,E
6DCW_L,137,S,E
6DCW_L,138,V,E
6DCW_L,139,V,E
6DCW_L,140,C,E
6DCW_L,141,L,E
6DCW_L,142,L,E
6DCW_L,143,N,E
6DCW_L,144,N,E
6DCW_L,145,F,E
6DCW_L,146,Y,E
6DCW_L,147,P,C
6DCW_L,148,R,C
6DCW_L,149,E,C
6DCW_L,150,A,C
6DCW_L,151,K,E
6DCW_L,152,V,E
6DCW_L,153,Q,E
6DCW_L,154,W,E
6DCW_L,155,K,E
6DCW_L,156,V,E
6DCW_L,157,D,E
6DCW_L,158,N,E
6DCW_L,159,A,E
6DCW_L,160,L,E
6DCW_L,161,Q,E
6DCW_L,162,S,C
6DCW_L,163,G,C
6DCW_L,164,N,C
6DCW_L,165,S,E
6DCW_L,166,Q,E
6DCW_L,167,E,E
6DCW_L,168,S,E
6DCW_L,169,V,E
6DCW_L,170,T,C
6DCW_L,171,E,C
6DCW_L,172,Q,C
6DCW_L,173,D,C
6DCW_L,174,S,C
6DCW_L,175,K,C
6DCW_L,176,D,C
6DCW_L,177,S,C
6DCW_L,178,T,C
6DCW_L,179,Y,E
6DCW_L,180,S,E
6DCW_L,181,L,E
6DCW_L,182,S,E
6DCW_L,183,S,E
6DCW_L,184,T,E
6DCW_L,185,L,E
6DCW_L,186,T,E
6DCW_L,187,L,E
6DCW_L,188,S,E
6DCW_L,189,K,H
6DCW_L,190,A,H
6DCW_L,191,D,H
6DCW_L,192,Y,H
6DCW_L,193,E,H
6DCW_L,194,K,C
6DCW_L,195,H,C
6DCW_L,196,K,C
6DCW_L,197,V,E
6DCW_L,198,Y,E
6DCW_L,199,A,E
6DCW_L,200,C,E
6DCW_L,201,E,E
6DCW_L,202,V,E
6DCW_L,203,T,E
6DCW_L,204,H,C
6DCW_L,205,Q,C
6DCW_L,206,G,C
6DCW_L,207,L,C
6DCW_L,208,S,C
6DCW_L,209,S,C
6DCW_L,210,P,C
6DCW_L,211,V,E
6DCW_L,212,T,E
6DCW_L,213,K,E
6DCW_L,214,S,E
6DCW_L,215,F,E
6DCW_L,216,N,E
6DCW_L,217,R,C
6DCW_L,218,G,C
6DCW_L,219,E,C
6DCW_L,220,C,C
5GRJ_A,1,A,E
5GRJ_A,2,F,E
5GRJ_A,3,T,E
5GRJ_A,4,V,E
5GRJ_A,5,T,E
5GRJ_A,6,V,C
5GRJ_A,7,P,C
5GRJ_A,8,K,C
5GRJ_A,9,D,C
5GRJ_A,10,L,C
5GRJ_A,11,Y,E
5GRJ_A,12,V,E
5GRJ_A,13,V,E
5GRJ_A,14,E,E
5GRJ_A,15,Y,E
5GRJ_A,16,G,C
5GRJ_A,17,S,C
5GRJ_A,18,N,C
5GRJ_A,19,M,E
5GRJ_A,20,T,E
5GRJ_A,21,I,E
5GRJ_A,22,E,E
5GRJ_A,23,C,E
5GRJ_A,24,K,E
5GRJ_A,25,F,E
5GRJ_A,26,P,E
5GRJ_A,27,V,H
5GRJ_A,28,E,H
5GRJ_A,29,K,H
5GRJ_A,30,Q,H
5GRJ_A,31,L,H
5GRJ_A,32,D,H
5GRJ_A,33,L,H
5GRJ_A,34,A,H
5GRJ_A,35,A,H
5GRJ_A,36,L,H
5GRJ_A,37,I,H
5GRJ_A,38,V,H
5GRJ_A,39,Y,H
5GRJ_A,40,W,H
5GRJ_A,41,E,H
5GRJ_A,42,M,C
5GRJ_A,43,E,C
5GRJ_A,44,D,C
5GRJ_A,45,K,C
5GRJ_A,46,N,C
5GRJ_A,47,I,C
5GRJ_A,48,I,C
5GRJ_A,49,Q,C
5GRJ_A,50,F,C
5GRJ_A,51,V,C
5GRJ_A,52,H,C
5GRJ_A,53,G,C
5GRJ_A,54,E,C
5GRJ_A,55,E,C
5GRJ_A,56,D,C
5GRJ_A,57,L,C
5GRJ_A,58,K,H
5GRJ_A,59,V,H
5GRJ_A,60,Q,H
5GRJ_A,61,H,H
5GRJ_A,62,S,H
5GRJ_A,63,S,H
5GRJ_A,64,Y,H
5GRJ_A,65,R,H
5GRJ_A,66,Q,H
5GRJ_A,67,R,H
5GRJ_A,68,A,H
5GRJ_A,69,R,H
5GRJ_A,70,L,H
5GRJ_A,71,L,H
5GRJ_A,72,K,H
5GRJ_A,73,D,H
5GRJ_A,74,Q,H
5GRJ_A,75,L,C
5GRJ_A,76,S,C
5GRJ_A,77,L,C
5GRJ_A,78,G,C
5GRJ_A,79,N,C
5GRJ_A,80,A,H
5GRJ_A,81,A,H
5GRJ_A,82,L,H
5GRJ_A,83,Q,H
5GRJ_A,84,I,H
5GRJ_A,85,T,H
5GRJ_A,86,D,E
5GRJ_A,87,V,E
5GRJ_A,88,K,E
5GRJ_A,89,L,E
5GRJ_A,90,Q,C
5GRJ_A,91,D,C
5GRJ_A,92,A,C
5GRJ_A,93,G,C
5GRJ_A,94,V,E
5GRJ_A,95,Y,E
5GRJ_A,96,R,E
5GRJ_A,97,C,E
5GRJ_A,98,M,E
5GRJ_A,99,I,E
5GRJ_A,100,S,E
5GRJ_A,101,Y,E
5GRJ_A,102,G,E
5GRJ_A,103,G,E
5GRJ_A,104,A,H
5GRJ_A,105,D,H
5GRJ_A,106,Y,H
5GRJ_A,107,K,E
5GRJ_A,108,R,E
5GRJ_A,109,I,E
5GRJ_A,110,T,E
5GRJ_A,111,V,E
5GRJ_A,112,K,E
5GRJ_A,113,V,E
5GRJ_A,114,N,E
5GRJ_A,115,A,C
5GRJ_A,116,P,C
5GRJ_A,117,Y,C
5GRJ_A,118,N,C
5GRJ_A,119,K,C
5GRJ_A,120,I,C
5GRJ_A,121,N,C
5GRJ_A,122,Q,E
5GRJ_A,123,R,E
5GRJ_A,124,I,E
5GRJ_A,125,L,E
5GRJ_A,126,V,E
5GRJ_A,127,V,E
5GRJ_A,128,D,C
5GRJ_A,129,P,C
5GRJ_A,130,V,C
5GRJ_A,131,T,C
5GRJ_A,132,S,C
5GRJ_A,133,E,C
5GRJ_A,134,H,E
5GRJ_A,135,E,E
5GRJ_A,136,L,E
5GRJ_A,137,T,E
5GRJ_A,138,C,E
5GRJ_A,139,Q,E
5GRJ_A,140,A,E
5GRJ_A,141,E,C
5GRJ_A,142,G,C
5GRJ_A,143,Y,C
5GRJ_A,144,P,C
5GRJ_A,145,K,C
5GRJ_A,146,A,E
5GRJ_A,147,E,E
5GRJ_A,148,V,E
5GRJ_A,149,I,E
5GRJ_A,150,W,E
5GRJ_A,151,T,E
5GRJ_A,152,S,C
5GRJ_A,153,S,C
5GRJ_A,154,D,C
5GRJ_A,155,H,H
5GRJ_A,156,Q,H
5GRJ_A,157,V,H
5GRJ_A,158,L,H
5GRJ_A,159,S,H
5GRJ_A,160,G,H
5GRJ_A,161,K,E
5GRJ_A,162,T,E
5GRJ_A,163,T,E
5GRJ_A,164,T,E
5GRJ_A,165,T,C
5GRJ_A,166,N,C
5GRJ_A,167,S,C
5GRJ_A,168,K,C
5GRJ_A,169,R,C
5GRJ_A,170,E,C
5GRJ_A,171,E,H
5GRJ_A,172,K,H
5GRJ_A,173,L,H
5GRJ_A,174,F,H
5GRJ_A,175,N,H
5GRJ_A,176,V,H
5GRJ_A,177,T,H
5GRJ_A,178,S,H
5GRJ_A,179,T,E
5GRJ_A,180,L,E
5GRJ_A,181,R,E
5GRJ_A,182,I,E
5GRJ_A,183,N,E
5GRJ_A,184,T,C
5GRJ_A,185,T,C
5GRJ_A,186,T,C
5GRJ_A,187,N,C
5GRJ_A,188,E,C
5GRJ_A,189,I,E
5GRJ_A,190,F,E
5GRJ_A,191,Y,E
5GRJ_A,192,C,E
5GRJ_A,193,T,E
5GRJ_A,194,F,E
5GRJ_A,195,R,E
5GRJ_A,196,R,C
5GRJ_A,197,L,C
5GRJ_A,198,D,C
5GRJ_A,199,P,C
5GRJ_A,200,E,C
5GRJ_A,201,E,C
5GRJ_A,202,N,C
5GRJ_A,203,H,C
5GRJ_A,204,T,C
5GRJ_A,205,A,C
5GRJ_A,206,E,E
5GRJ_A,207,L,E
5GRJ_A,208,V,E
5GRJ_A,209,I,C
5GRJ_A,210,P,C
5GRJ_A,211,E,C
5GRJ_A,212,L,C
5GRJ_A,213,P,C
5GRJ_A,214,L,C
5GRJ_A,215,A,C
5GRJ_A,216,H,C
5GRJ_A,217,P,C
5GRJ_A,218,P,C
5GRJ_A,219,N,C
5GRJ_A,220,E,C
5GRJ_A,221,R,C
5YGV_A,1,M,C
5YGV_A,2,G,C
5YGV_A,3,S,C
5YGV_A,4,S,C
5YGV_A,5,H,C
5YGV_A,6,H,C
5YGV_A,7,H,C
5YGV_A,8,H,C
5YGV_A,9,H,C
5YGV_A,10,H,C
5YGV_A,11,S,C
5YGV_A,12,S,C
5YGV_A,13,G,C
5YGV_A,14,L,C
5YGV_A,15,V,C
5YGV_A,16,P,C
5YGV_A,17,R,C
5YGV_A,18,G,C
5YGV_A,19,S,C
5YGV_A,20,H,C
5YGV_A,21,M,C
5YGV_A,22,A,C
5YGV_A,23,S,C
5YGV_A,24,M,C
5YGV_A,25,T,C
5YGV_A,26,G,C
5YGV_A,27,G,C
5YGV_A,28,Q,C
5YGV_A,29,Q,C
5YGV_A,30,M,C
5YGV_A,31,G,C
5YGV_A,32,R,C
5YGV_A,33,G,C
5YGV_A,34,S,C
5YGV_A,35,E,C
5YGV_A,36,F,C
5YGV_A,37,M,C
5YGV_A,38,P,C
5YGV_A,39,S,C
5YGV_A,40,E,C
5YGV_A,41,L,C
5YGV_A,42,T,C
5YGV_A,43,P,H
5YGV_A,44,E,H
5YGV_A,45,E,H
5YGV_A,46,R,H
5YGV_A,47,S,H
5YGV_A,48,E,H
5YGV_A,49,L,H
5YGV_A,50,K,H
5YGV_A,51,N,H
5YGV_A,52,S,H
5YGV_A,53,I,H
5YGV_A,54,A,H
5YGV_A,55,E,H
5YGV_A,56,F,E
5YGV_A,57,H,E
5YGV_A,58,T,E
5YGV_A,59,Y,E
5YGV_A,60,Q,E
5YGV_A,61,L,C
5YGV_A,62,D,C
5YGV_A,63,P,C
5YGV_A,64,G,C
5YGV_A,65,S,C
5YGV_A,66,C,C
5YGV_A,67,S,C
5YGV_A,68,S,C
5YGV_A,69,L,C
5YGV_A,70,H,C
5YGV_A,71,A,C
5YGV_A,72,Q,C
5YGV_A,73,R,C
5YGV_A,74,I,C
5YGV_A,75,H,C
5YGV_A,76,A,C
5YGV_A,77,P,C
5YGV_A,78,P,H
5YGV_A,79,E,H
5YGV_A,80,L,H
5YGV_A,81,V,H
5YGV_A,82,W,H
5YGV_A,83,S,H
5YGV_A,84,I,H
5YGV_A,85,V,H
5YGV_A,86,R,H
5YGV_A,87,R,H
5YGV_A,88,F,H
5YGV_A,89,D,C
5YGV_A,90,K,C
5YGV_A,91,P,C
5YGV_A,92,Q,C
5YGV_A,93,T,H
5YGV_A,94,Y,H
5YGV_A,95,K,H
5YGV_A,96,H,H
5YGV_A,97,F,H
5YGV_A,98,I,E
5YGV_A,99,K,E
5YGV_A,100,S,E
5YGV_A,101,C,E
5YGV_A,102,S,E
5YGV_A,103,V,E
5YGV_A,104,E,E
5YGV_A,105,Q,E
5YGV_A,106,N,E
5YGV_A,107,F,E
5YGV_A,108,E,E
5YGV_A,109,M,E
5YGV_A,110,R,C
5YGV_A,111,V,C
5YGV_A,112,G,C
5YGV_A,113,C,C
5YGV_A,114,T,C
5YGV_A,115,R,C
5YGV_A,116,D,C
5YGV_A,117,V,E
5YGV_A,118,I,E
5YGV_A,119,V,E
5YGV_A,120,I,E
5YGV_A,121,S,E
5YGV_A,122,G,C
5YGV_A,123,L,C
5YGV_A,124,P,C
5YGV_A,125,A,C
5YGV_A,126,N,C
5YGV_A,127,T,C
5YGV_A,128,S,C
5YGV_A,129,T,C
5YGV_A,130,E,E
5YGV_A,131,R,E
5YGV_A,132,L,E
5YGV_A,133,D,E
5YGV_A,134,I,E
5YGV_A,135,L,C
5YGV_A,136,D,C
5YGV_A,137,D,C
5YGV_A,138,E,C
5YGV_A,139,R,C
5YGV_A,140,R,E
5YGV_A,141,V,E
5YGV_A,142,T,E
5YGV_A,143,G,E
5YGV_A,144,F,E
5YGV_A,145,S,E
5YGV_A,146,I,E
5YGV_A,147,I,E
5YGV_A,148,G,E
5YGV_A,149,G,C
5YGV_A,150,E,C
5YGV_A,151,H,C
5YGV_A,152,R,C
5YGV_A,153,L,C
5YGV_A,154,T,C
5YGV_A,155,N,C
5YGV_A,156,Y,C
5YGV_A,157,K,C
5YGV_A,158,S,E
5YGV_A,159,V,E
5YGV_A,160,T,E
5YGV_A,161,T,E
5YGV_A,162,V,E
5YGV_A,163,H,E
5YGV_A,164,R,E
5YGV_A,165,F,E
5YGV_A,166,E,E
5YGV_A,167,K,C
5YGV_A,168,E,C
5YGV_A,169,N,C
5YGV_A,170,R,C
5YGV_A,171,I,E
5YGV_A,172,W,E
5YGV_A,173,T,E
5YGV_A,174,V,E
5YGV_A,175,V,E
5YGV_A,176,L,E
5YGV_A,177,E,E
5YGV_A,178,S,E
5YGV_A,179,Y,E
5YGV_A,180,V,E
5YGV_A,181,V,E
5YGV_A,182,D,E
5YGV_A,183,M,C
5YGV_A,184,P,C
5YGV_A,185,E,C
5YGV_A,186,G,C
5YGV_A,187,N,C
5YGV_A,188,S,C
5YGV_A,189,E,C
5YGV_A,190,D,C
5YGV_A,191,D,C
5YGV_A,192,T,C
5YGV_A,193,R,C
5YGV_A,194,M,C
5YGV_A,195,F,H
5YGV_A,196,A,H
5YGV_A,197,D,H
5YGV_A,198,T,H
5YGV_A,199,V,H
5YGV_A,200,V,H
5YGV_A,201,K,H
5YGV_A,202,L,H
5YGV_A,203,N,H
5YGV_A,204,L,H
5YGV_A,205,Q,H
5YGV_A,206,K,H
5YGV_A,207,L,H
5YGV_A,208,A,H
5YGV_A,209,T,H
5YGV_A,210,V,H
5YGV_A,211,A,H
5YGV_A,212,E,H
5YGV_A,213,A,H
5YGV_A,214,M,H
5YGV_A,215,A,H
5YGV_A,216,R,H
5YGV_A,217,N,C
5YGV_A,218,S,C
5YGV_A,219,G,C
5YGV_A,220,D,C
5YGV_A,221,G,C
5YGV_A,222,S,C
5YGV_A,223,G,C
5YGV_A,224,S,C
5YGV_A,225,Q,E
5YGV_A,226,V,E
5YGV_A,227,T,E
1VUK_B,1,P,E
1VUK_B,2,I,E
1VUK_B,3,V,E
1VUK_B,4,Q,C
1VUK_B,5,N,C
1VUK_B,6,L,C
1VUK_B,7,Q,C
1VUK_B,8,G,C
1VUK_B,9,Q,C
1VUK_B,10,M,C
1VUK_B,11,V,C
1VUK_B,12,H,C
1VUK_B,13,Q,C
1VUK_B,14,A,C
1VUK_B,15,I,C
1VUK_B,16,S,C
1VUK_B,17,P,H
1VUK_B,18,R,H
1VUK_B,19,T,H
1VUK_B,20,L,H
1VUK_B,21,N,H
1VUK_B,22,A,H
1VUK_B,23,W,H
1VUK_B,24,V,H
1VUK_B,25,K,H
1VUK_B,26,V,H
1VUK_B,27,V,H
1VUK_B,28,E,H
1VUK_B,29,E,H
1VUK_B,30,K,H
1VUK_B,31,A,C
1VUK_B,32,F,C
1VUK_B,33,S,C
1VUK_B,34,P,C
1VUK_B,35,E,C
1VUK_B,36,V,H
1VUK_B,37,I,H
1VUK_B,38,P,H
1VUK_B,39,M,H
1VUK_B,40,F,H
1VUK_B,41,S,H
1VUK_B,42,A,H
1VUK_B,43,L,H
1VUK_B,44,S,C
1VUK_B,45,E,C
1VUK_B,46,G,C
1VUK_B,47,A,C
1VUK_B,48,T,C
1VUK_B,49,P,H
1VUK_B,50,Q,H
1VUK_B,51,D,H
1VUK_B,52,L,H
1VUK_B,53,N,H
1VUK_B,54,T,H
1VUK_B,55,M,H
1VUK_B,56,L,H
1VUK_B,57,N,H
1VUK_B,58,T,H
1VUK_B,59,V,C
1VUK_B,60,G,C
1VUK_B,61,G,C
1VUK_B,62,H,C
1VUK_B,63,Q,H
1VUK_B,64,A,H
1VUK_B,65,A,H
1VUK_B,66,M,H
1VUK_B,67,Q,H
1VUK_B,68,M,H
1VUK_B,69,L,H
1VUK_B,70,K,H
1VUK_B,71,E,H
1VUK_B,72,T,H
1VUK_B,73,I,H
1VUK_B,74,N,H
1VUK_B,75,E,H
1VUK_B,76,E,H
1VUK_B,77,A,H
1VUK_B,78,A,H
1VUK_B,79,E,H
1VUK_B,80,W,H
1VUK_B,81,D,H
1VUK_B,82,R,H
1VUK_B,83,L,H
1VUK_B,84,H,C
1VUK_B,85,P,C
1VUK_B,86,V,C
1VUK_B,87,H,C
1VUK_B,88,A,C
1VUK_B,89,G,C
1VUK_B,90,P,C
1VUK_B,91,I,C
1VUK_B,92,E,C
1VUK_B,93,P,C
1VUK_B,94,G,C
1VUK_B,95,Q,C
1VUK_B,96,M,C
1VUK_B,97,R,C
1VUK_B,98,E,C
1VUK_B,99,P,C
1VUK_B,100,R,C
1VUK_B,101,G,H
1VUK_B,102,S,H
1VUK_B,103,D,H
1VUK_B,104,I,H
1VUK_B,105,A,C
1VUK_B,106,G,C
1VUK_B,107,T,C
1VUK_B,108,T,C
1VUK_B,109,S,C
1VUK_B,110,T,C
1VUK_B,111,L,H
1VUK_B,112,Q,H
1VUK_B,113,E,H
1VUK_B,114,Q,H
1VUK_B,115,I,H
1VUK_B,116,G,H
1VUK_B,117,W,H
1VUK_B,118,M,H
1VUK_B,119,T,H
1VUK_B,120,H,C
1VUK_B,121,N,C
1VUK_B,122,P,C
1VUK_B,123,P,C
1VUK_B,124,I,C
1VUK_B,125,P,C
1VUK_B,126,V,H
1VUK_B,127,G,H
1VUK_B,128,E,H
1VUK_B,129,I,H
1VUK_B,130,Y,H
1VUK_B,131,K,H
1VUK_B,132,R,H
1VUK_B,133,W,H
1VUK_B,134,I,H
1VUK_B,135,I,H
1VUK_B,136,L,H
1VUK_B,137,G,H
1VUK_B,138,L,H
1VUK_B,139,N,H
1VUK_B,140,K,H
1VUK_B,141,I,H
1VUK_B,142,V,H
1VUK_B,143,R,H
1VUK_B,144,M,H
1VUK_B,145,Y,H
1VUK_B,146,S,C
1VUK_B,147,P,C
1VUK_B,148,T,C
1VUK_B,149,S,C
1VUK_B,150,I,C
1VUK_B,151,L,C
1VUK_B,152,D,C
1VUK_B,153,I,C
1VUK_B,154,R,C
1VUK_B,155,Q,C
1VUK_B,156,G,C
1VUK_B,157,P,C
1VUK_B,158,K,C
1VUK_B,159,E,C
1VUK_B,160,P,C
1VUK_B,161,F,H
1VUK_B,162,R,H
1VUK_B,163,D,H
1VUK_B,164,Y,H
1VUK_B,165,V,H
1VUK_B,166,D,H
1VUK_B,167,R,H
1VUK_B,168,F,H
1VUK_B,169,Y,H
1VUK_B,170,K,H
1VUK_B,171,T,H
1VUK_B,172,L,H
1VUK_B,173,R,H
1VUK_B,174,A,H
1VUK_B,175,E,C
1VUK_B,176,Q,C
1VUK_B,177,A,C
1VUK_B,178,S,C
1VUK_B,179,Q,H
1VUK_B,180,E,H
1VUK_B,181,V,H
1VUK_B,182,K,H
1VUK_B,183,N,H
1VUK_B,184,W,H
1VUK_B,185,M,H
1VUK_B,186,T,H
1VUK_B,187,E,H
1VUK_B,188,T,H
1VUK_B,189,L,H
1VUK_B,190,L,H
1VUK_B,191,V,H
1VUK_B,192,Q,H
1VUK_B,193,N,C
1VUK_B,194,A,C
1VUK_B,195,N,C
1VUK_B,196,P,H
1VUK_B,197,D,H
1VUK_B,198,C,H
1VUK_B,199,K,H
1VUK_B,200,T,H
1VUK_B,201,I,H
1VUK_B,202,L,H
1VUK_B,203,K,H
1VUK_B,204,A,H
1VUK_B,205,L,H
1VUK_B,206,G,C
1VUK_B,207,P,C
1VUK_B,208,A,C
1VUK_B,209,A,C
1VUK_B,210,T,C
1VUK_B,211,L,H
1VUK_B,212,E,H
1VUK_B,213,E,H
1VUK_B,214,M,H
1VUK_B,215,M,H
1VUK_B,216,T,H
1VUK_B,217,A,C
1VUK_B,218,C,C
1VUK_B,219,Q,C
1VUK_B,220,G,C
1VUK_B,221,V,C
1VUK_B,222,G,C
1VUK_B,223,G,C
1VUK_B,224,P,C
1VUK_B,225,G,C
1VUK_B,226,H,C
1VUK_B,227,K,C
1VUK_B,228,A,C
1VUK_B,229,R,C
1VUK_B,230,V,C
1VUK_B,231,L,C
3FZY_B,1,M,C
3FZY_B,2,H,C
3FZY_B,3,H,C
3FZY_B,4,H,C
3FZY_B,5,H,C
3FZY_B,6,H,C
3FZY_B,7,H,C
3FZY_B,8,S,C
3FZY_B,9,S,C
3FZY_B,10,G,C
3FZY_B,11,V,C
3FZY_B,12,D,C
3FZY_B,13,L,C
3FZY_B,14,G,C
3FZY_B,15,T,C
3FZY_B,16,E,C
3FZY_B,17,N,C
3FZY_B,18,L,C
3FZY_B,19,Y,C
3FZY_B,20,F,C
3FZY_B,21,Q,C
3FZY_B,22,S,C
3FZY_B,23,N,C
3FZY_B,24,A,C
3FZY_B,25,L,C
3FZY_B,26,A,C
3FZY_B,27,D,C
3FZY_B,28,G,C
3FZY_B,29,K,C
3FZY_B,30,I,C
3FZY_B,31,L,C
3FZY_B,32,H,C
3FZY_B,33,N,C
3FZY_B,34,Q,C
3FZY_B,35,N,C
3FZY_B,36,V,C
3FZY_B,37,N,C
3FZY_B,38,S,C
3FZY_B,39,W,C
3FZY_B,40,G,C
3FZY_B,41,P,C
3FZY_B,42,I,E
3FZY_B,43,T,E
3FZY_B,44,V,E
3FZY_B,45,T,E
3FZY_B,46,P,C
3FZY_B,47,T,C
3FZY_B,48,T,C
3FZY_B,49,D,C
3FZY_B,50,G,C
3FZY_B,51,G,C
3FZY_B,52,E,C
3FZY_B,53,T,C
3FZY_B,54,R,C
3FZY_B,55,F,C
3FZY_B,56,D,C
3FZY_B,57,G,C
3FZY_B,58,Q,E
3FZY_B,59,I,E
3FZY_B,60,I,E
3FZY_B,61,V,E
3FZY_B,62,Q,E
3FZY_B,63,M,E
3FZY_B,64,E,C
3FZY_B,65,N,C
3FZY_B,66,D,C
3FZY_B,67,P,H
3FZY_B,68,V,H
3FZY_B,69,V,H
3FZY_B,70,A,H
3FZY_B,71,K,H
3FZY_B,72,A,H
3FZY_B,73,A,H
3FZY_B,74,A,H
3FZY_B,75,N,H
3FZY_B,76,L,H
3FZY_B,77,A,H
3FZY_B,78,G,H
3FZY_B,79,K,H
3FZY_B,80,H,C
3FZY_B,81,A,C
3FZY_B,82,E,C
3FZY_B,83,S,E
3FZY_B,84,S,E
3FZY_B,85,V,E
3FZY_B,86,V,E
3FZY_B,87,V,E
3FZY_B,88,Q,E
3FZY_B,89,L,E
3FZY_B,90,D,E
3FZY_B,91,S,C
3FZY_B,92,D,C
3FZY_B,93,G,C
3FZY_B,94,N,C
3FZY_B,95,Y,E
3FZY_B,96,R,E
3FZY_B,97,V,E
3FZY_B,98,V,E
3FZY_B,99,Y,E
3FZY_B,100,G,E
3FZY_B,101,D,E
3FZY_B,102,P,H
3FZY_B,103,S,H
3FZY_B,104,K,H
3FZY_B,105,L,H
3FZY_B,106,D,H
3FZY_B,107,G,H
3FZY_B,108,K,E
3FZY_B,109,L,E
3FZY_B,110,R,E
3FZY_B,111,W,E
3FZY_B,112,Q,E
3FZY_B,113,L,E
3FZY_B,114,V,E
3FZY_B,115,G,E
3FZY_B,116,H,C
3FZY_B,117,G,C
3FZY_B,118,R,C
3FZY_B,119,D,C
3FZY_B,120,H,C
3FZY_B,121,S,C
3FZY_B,122,E,C
3FZY_B,123,T,C
3FZY_B,124,N,C
3FZY_B,125,N,C
3FZY_B,126,T,E
3FZY_B,127,R,E
3FZY_B,128,L,E
3FZY_B,129,S,C
3FZY_B,130,G,C
3FZY_B,131,Y,C
3FZY_B,132,S,C
3FZY_B,133,A,H
3FZY_B,134,D,H
3FZY_B,135,E,H
3FZY_B,136,L,H
3FZY_B,137,A,H
3FZY_B,138,V,H
3FZY_B,139,K,H
3FZY_B,140,L,H
3FZY_B,141,A,H
3FZY_B,142,K,H
3FZY_B,143,F,H
3FZY_B,144,Q,H
3FZY_B,145,Q,H
3FZY_B,146,S,H
3FZY_B,147,F,H
3FZY_B,148,N,H
3FZY_B,149,Q,H
3FZY_B,150,A,H
3FZY_B,151,E,H
3FZY_B,152,N,H
3FZY_B,153,I,H
3FZY_B,154,N,C
3FZY_B,155,N,C
3FZY_B,156,K,C
3FZY_B,157,P,C
3FZY_B,158,D,C
3FZY_B,159,H,E
3FZY_B,160,I,E
3FZY_B,161,S,E
3FZY_B,162,I,E
3FZY_B,163,V,E
3FZY_B,164,G,E
3FZY_B,165,S,E
3FZY_B,166,S,E
3FZY_B,167,L,E
3FZY_B,168,V,E
3FZY_B,169,S,C
3FZY_B,170,D,C
3FZY_B,171,D,C
3FZY_B,172,K,C
3FZY_B,173,Q,C
3FZY_B,174,K,C
3FZY_B,175,G,C
3FZY_B,176,F,H
3FZY_B,177,G,H
3FZY_B,178,H,H
3FZY_B,179,Q,H
3FZY_B,180,F,H
3FZY_B,181,I,H
3FZY_B,182,N,H
3FZY_B,183,A,H
3FZY_B,184,M,H
3FZY_B,185,D,H
3FZY_B,186,A,H
3FZY_B,187,N,C
3FZY_B,188,G,C
3FZY_B,189,L,C
3FZY_B,190,R,E
3FZY_B,191,V,E
3FZY_B,192,D,E
3FZY_B,193,V,E
3FZY_B,194,S,E
3FZY_B,195,V,E
3FZY_B,196,R,E
3FZY_B,197,S,E
3FZY_B,198,S,E
3FZY_B,199,E,E
3FZY_B,200,L,E
3FZY_B,201,A,E
3FZY_B,202,V,C
3FZY_B,203,D,C
3FZY_B,204,E,C
3FZY_B,205,A,C
3FZY_B,206,G,C
3FZY_B,207,R,C
3FZY_B,208,K,E
3FZY_B,209,H,E
3FZY_B,210,T,E
3FZY_B,211,K,E
3FZY_B,212,D,C
3FZY_B,213,A,C
3FZY_B,214,N,C
3FZY_B,215,G,C
3FZY_B,216,D,C
3FZY_B,217,W,E
3FZY_B,218,V,E
3FZY_B,219,Q,E
3FZY_B,220,K,E
3FZY_B,221,A,H
3FZY_B,222,E,H
3FZY_B,223,N,H
3FZY_B,224,N,H
3FZY_B,225,K,H
3FZY_B,226,V,E
3FZY_B,227,S,E
3FZY_B,228,L,E
3FZY_B,229,S,E
3FZY_B,230,W,E
3FZY_B,231,D,C
3FZY_B,232,A,C
3FZY_B,233,Q,C
3FZY_B,234,G,C
3RRL_A,1,S,C
3RRL_A,2,N,C
3RRL_A,3,A,C
3RRL_A,4,M,C
3RRL_A,5,N,H
3RRL_A,6,K,H
3RRL_A,7,V,H
3RRL_A,8,I,H
3RRL_A,9,T,H
3RRL_A,10,D,H
3RRL_A,11,L,H
3RRL_A,12,D,H
3RRL_A,13,K,H
3RRL_A,14,A,H
3RRL_A,15,L,H
3RRL_A,16,S,H
3RRL_A,17,A,H
3RRL_A,18,L,H
3RRL_A,19,K,C
3RRL_A,20,D,C
3RRL_A,21,G,C
3RRL_A,22,D,C
3RRL_A,23,T,E
3RRL_A,24,I,E
3RRL_A,25,L,E
3RRL_A,26,V,E
3RRL_A,27,G,E
3RRL_A,28,G,C
3RRL_A,29,F,C
3RRL_A,30,G,C
3RRL_A,31,L,C
3RRL_A,32,C,C
3RRL_A,33,G,C
3RRL_A,34,I,C
3RRL_A,35,P,C
3RRL_A,36,E,H
3RRL_A,37,Y,H
3RRL_A,38,A,H
3RRL_A,39,I,H
3RRL_A,40,D,H
3RRL_A,41,Y,H
3RRL_A,42,I,H
3RRL_A,43,Y,H
3RRL_A,44,K,H
3RRL_A,45,K,C
3RRL_A,46,G,C
3RRL_A,47,I,C
3RRL_A,48,K,C
3RRL_A,49,D,E
3RRL_A,50,L,E
3RRL_A,51,I,E
3RRL_A,52,V,E
3RRL_A,53,V,E
3RRL_A,54,S,E
3RRL_A,55,N,C
3RRL_A,56,N,C
3RRL_A,57,C,C
3RRL_A,58,G,C
3RRL_A,59,V,C
3RRL_A,60,D,C
3RRL_A,61,D,C
3RRL_A,62,F,C
3RRL_A,63,G,C
3RRL_A,64,L,H
3RRL_A,65,G,H
3RRL_A,66,I,H
3RRL_A,67,L,H
3RRL_A,68,L,H
3RRL_A,69,E,H
3RRL_A,70,K,H
3RRL_A,71,K,H
3RRL_A,72,Q,H
3RRL_A,73,I,H
3RRL_A,74,K,H
3RRL_A,75,K,H
3RRL_A,76,I,H
3RRL_A,77,I,H
3RRL_A,78,A,H
3RRL_A,79,S,H
3RRL_A,80,Y,H
3RRL_A,81,V,H
3RRL_A,82,G,H
3RRL_A,83,E,C
3RRL_A,84,N,C
3RRL_A,85,K,C
3RRL_A,86,I,C
3RRL_A,87,F,C
3RRL_A,88,E,H
3RRL_A,89,S,H
3RRL_A,90,Q,H
3RRL_A,91,M,H
3RRL_A,92,L,C
3RRL_A,93,N,C
3RRL_A,94,G,C
3RRL_A,95,E,E
3RRL_A,96,I,E
3RRL_A,97,E,E
3RRL_A,98,V,E
3RRL_A,99,V,E
3RRL_A,100,L,E
3RRL_A,101,T,C
3RRL_A,102,P,C
3RRL_A,103,Q,C
3RRL_A,104,G,C
3RRL_A,105,T,C
3RRL_A,106,L,C
3RRL_A,107,A,C
3RRL_A,108,E,C
3RRL_A,109,N,C
3RRL_A,110,L,C
3RRL_A,111,H,C
3RRL_A,112,A,C
3RRL_A,113,G,C
3RRL_A,114,G,C
3RRL_A,115,A,C
3RRL_A,116,G,C
3RRL_A,117,I,C
3RRL_A,118,P,C
3RRL_A,119,A,E
3RRL_A,120,Y,E
3RRL_A,121,Y,E
3RRL_A,122,T,C
3RRL_A,123,P,C
3RRL_A,124,T,C
3RRL_A,125,G,C
3RRL_A,126,V,C
3RRL_A,127,G,E
3RRL_A,128,T,E
3RRL_A,129,L,E
3RRL_A,130,I,E
3RRL_A,131,A,E
3RRL_A,132,Q,C
3RRL_A,133,G,C
3RRL_A,134,K,C
3RRL_A,135,E,C
3RRL_A,136,S,C
3RRL_A,137,R,C
3RRL_A,138,E,C
3RRL_A,139,F,C
3RRL_A,140,N,C
3RRL_A,141,G,C
3RRL_A,142,K,C
3RRL_A,143,E,E
3RRL_A,144,Y,E
3RRL_A,145,I,E
3RRL_A,146,L,E
3RRL_A,147,E,E
3RRL_A,148,R,E
3RRL_A,149,A,E
3RRL_A,150,I,E
3RRL_A,151,T,E
3RRL_A,152,G,C
3RRL_A,153,D,C
3RRL_A,154,Y,C
3RRL_A,155,G,E
3RRL_A,156,L,E
3RRL_A,157,I,E
3RRL_A,158,K,E
3RRL_A,159,A,E
3RRL_A,160,Y,C
3RRL_A,161,K,C
3RRL_A,162,S,C
3RRL_A,163,D,C
3RRL_A,164,T,C
3RRL_A,165,L,C
3RRL_A,166,G,C
3RRL_A,167,N,C
3RRL_A,168,L,C
3RRL_A,169,V,C
3RRL_A,170,F,H
3RRL_A,171,R,H
3RRL_A,172,K,H
3RRL_A,173,T,H
3RRL_A,174,A,H
3RRL_A,175,R,H
3RRL_A,176,N,H
3RRL_A,177,F,H
3RRL_A,178,N,H
3RRL_A,179,P,H
3RRL_A,180,L,H
3RRL_A,181,C,H
3RRL_A,182,A,H
3RRL_A,183,M,H
3RRL_A,184,A,H
3RRL_A,185,A,H
3RRL_A,186,K,H
3RRL_A,187,I,H
3RRL_A,188,C,H
3RRL_A,189,V,H
3RRL_A,190,A,H
3RRL_A,191,E,C
3RRL_A,192,V,C
3RRL_A,193,E,C
3RRL_A,194,E,C
3RRL_A,195,I,C
3RRL_A,196,V,C
3RRL_A,197,P,C
3RRL_A,198,A,C
3RRL_A,199,G,C
3RRL_A,200,E,C
3RRL_A,201,L,C
3RRL_A,202,D,C
3RRL_A,203,P,H
3RRL_A,204,D,H
3RRL_A,205,E,H
3RRL_A,206,I,C
3RRL_A,207,H,C
3RRL_A,208,L,C
3RRL_A,209,P,C
3RRL_A,210,G,C
3RRL_A,211,I,E
3RRL_A,212,Y,E
3RRL_A,213,V,E
3RRL_A,214,Q,E
3RRL_A,215,H,E
3RRL_A,216,I,E
3RRL_A,217,Y,E
3RRL_A,218,K,C
3RRL_A,219,G,C
3RRL_A,220,E,C
3RRL_A,221,K,C
3RRL_A,222,F,C
3RRL_A,223,E,C
3RRL_A,224,K,C
3RRL_A,225,R,C
3RRL_A,226,I,H
3RRL_A,227,E,H
3RRL_A,228,K,H
3RRL_A,229,I,H
3RRL_A,230,T,C
3RRL_A,231,T,C
3RRL_A,232,R,C
3RRL_A,233,S,C
3RRL_A,234,T,C
3RRL_A,235,K,C
5LJ5_G,1,M,C
5LJ5_G,2,S,C
5LJ5_G,3,R,C
5LJ5_G,4,N,C
5LJ5_G,5,V,C
5LJ5_G,6,D,C
5LJ5_G,7,K,C
5LJ5_G,8,A,C
5LJ5_G,9,N,C
5LJ5_G,10,S,E
5LJ5_G,11,V,E
5LJ5_G,12,L,E
5LJ5_G,13,V,E
5LJ5_G,14,R,E
5LJ5_G,15,F,E
5LJ5_G,16,Q,E
5LJ5_G,17,E,C
5LJ5_G,18,Q,C
5LJ5_G,19,Q,C
5LJ5_G,20,A,C
5LJ5_G,21,E,C
5LJ5_G,22,S,C
5LJ5_G,23,A,C
5LJ5_G,24,G,C
5LJ5_G,25,G,C
5LJ5_G,26,Y,C
5LJ5_G,27,K,C
5LJ5_G,28,D,C
5LJ5_G,29,Y,C
5LJ5_G,30,S,C
5LJ5_G,31,R,C
5LJ5_G,32,Y,C
5LJ5_G,33,Q,C
5LJ5_G,34,R,C
5LJ5_G,35,P,C
5LJ5_G,36,R,C
5LJ5_G,37,N,C
5LJ5_G,38,V,C
5LJ5_G,39,S,C
5LJ5_G,40,K,C
5LJ5_G,41,V,C
5LJ5_G,42,K,C
5LJ5_G,43,S,C
5LJ5_G,44,I,H
5LJ5_G,45,K,H
5LJ5_G,46,E,H
5LJ5_G,47,A,H
5LJ5_G,48,N,H
5LJ5_G,49,E,H
5LJ5_G,50,W,H
5LJ5_G,51,K,H
5LJ5_G,52,R,H
5LJ5_G,53,Q,H
5LJ5_G,54,V,H
5LJ5_G,55,S,H
5LJ5_G,56,K,H
5LJ5_G,57,E,H
5LJ5_G,58,I,H
5LJ5_G,59,K,H
5LJ5_G,60,Q,H
5LJ5_G,61,K,H
5LJ5_G,62,S,H
5LJ5_G,63,T,C
5LJ5_G,64,R,C
5LJ5_G,65,I,C
5LJ5_G,66,Y,C
5LJ5_G,67,D,C
5LJ5_G,68,P,C
5LJ5_G,69,S,C
5LJ5_G,70,L,C
5LJ5_G,71,N,C
5LJ5_G,72,E,C
5LJ5_G,73,M,H
5LJ5_G,74,Q,H
5LJ5_G,75,I,H
5LJ5_G,76,A,H
5LJ5_G,77,E,H
5LJ5_G,78,L,H
5LJ5_G,79,N,H
5LJ5_G,80,D,H
5LJ5_G,81,E,H
5LJ5_G,82,L,H
5LJ5_G,83,N,H
5LJ5_G,84,N,H
5LJ5_G,85,L,H
5LJ5_G,86,F,H
5LJ5_G,87,K,H
5LJ5_G,88,E,H
5LJ5_G,89,W,H
5LJ5_G,90,K,H
5LJ5_G,91,R,H
5LJ5_G,92,W,H
5LJ5_G,93,Q,H
5LJ5_G,94,W,H
5LJ5_G,95,H,H
5LJ5_G,96,I,H
5LJ5_G,97,D,H
5LJ5_G,98,H,H
5LJ5_G,99,T,H
5LJ5_G,100,L,H
5LJ5_G,101,M,H
5LJ5_G,102,E,H
5LJ5_G,103,K,H
5LJ5_G,104,K,H
5LJ5_G,105,T,C
5LJ5_G,106,K,C
5LJ5_G,107,R,C
5LJ5_G,108,K,C
5LJ5_G,109,R,C
5LJ5_G,110,L,C
5LJ5_G,111,E,C
5LJ5_G,112,D,C
5LJ5_G,113,S,C
5LJ5_G,114,H,E
5LJ5_G,115,V,E
5LJ5_G,116,L,E
5LJ5_G,117,M,E
5LJ5_G,118,N,C
5LJ5_G,119,S,C
5LJ5_G,120,G,C
5LJ5_G,121,K,C
5LJ5_G,122,L,C
5LJ5_G,123,I,C
5LJ5_G,124,N,C
5LJ5_G,125,G,C
5LJ5_G,126,K,C
5LJ5_G,127,R,E
5LJ5_G,128,Y,E
5LJ5_G,129,F,E
5LJ5_G,130,G,E
5LJ5_G,131,R,E
5LJ5_G,132,A,C
5LJ5_G,133,L,C
5LJ5_G,134,E,C
5LJ5_G,135,L,C
5LJ5_G,136,P,H
5LJ5_G,137,E,H
5LJ5_G,138,V,H
5LJ5_G,139,K,H
5LJ5_G,140,E,H
5LJ5_G,141,W,H
5LJ5_G,142,L,H
5LJ5_G,143,K,H
5LJ5_G,144,Q,H
5LJ5_G,145,S,H
5LJ5_G,146,Q,H
5LJ5_G,147,R,H
5LJ5_G,148,Q,C
5LJ5_G,149,N,C
5LJ5_G,150,D,C
5LJ5_G,151,G,C
5LJ5_G,152,G,C
5LJ5_G,153,S,C
5LJ5_G,154,I,E
5LJ5_G,155,N,E
5LJ5_G,156,T,E
5LJ5_G,157,K,E
5LJ5_G,158,C,E
5LJ5_G,159,I,C
5LJ5_G,160,P,C
5LJ5_G,161,K,C
5LJ5_G,162,D,C
5LJ5_G,163,R,C
5LJ5_G,164,N,C
5LJ5_G,165,D,C
5LJ5_G,166,F,C
5LJ5_G,167,Y,C
5LJ5_G,168,Y,C
5LJ5_G,169,H,C
5LJ5_G,170,G,C
5LJ5_G,171,K,C
5LJ5_G,172,V,C
5LJ5_G,173,T,C
5LJ5_G,174,A,C
5LJ5_G,175,A,C
5LJ5_G,176,L,H
5LJ5_G,177,T,H
5LJ5_G,178,E,H
5LJ5_G,179,F,H
5LJ5_G,180,E,H
5LJ5_G,181,A,H
5LJ5_G,182,N,H
5LJ5_G,183,W,H
5LJ5_G,184,T,H
5LJ5_G,185,S,H
5LJ5_G,186,I,H
5LJ5_G,187,L,H
5LJ5_G,188,K,H
5LJ5_G,189,A,H
5LJ5_G,190,H,H
5LJ5_G,191,Y,H
5LJ5_G,192,N,C
5LJ5_G,193,V,C
5LJ5_G,194,P,C
5LJ5_G,195,V,C
5LJ5_G,196,N,C
5LJ5_G,197,E,C
5LJ5_G,198,D,C
5LJ5_G,199,E,C
5LJ5_G,200,E,C
5LJ5_G,201,E,C
5LJ5_G,202,M,C
5LJ5_G,203,S,C
5LJ5_G,204,R,C
5LJ5_G,205,Q,C
5LJ5_G,206,T,C
5LJ5_G,207,Q,C
5LJ5_G,208,E,C
5LJ5_G,209,I,C
5LJ5_G,210,H,C
5LJ5_G,211,V,C
5LJ5_G,212,P,C
5LJ5_G,213,T,C
5LJ5_G,214,L,C
5LJ5_G,215,A,C
5LJ5_G,216,D,C
5LJ5_G,217,M,C
5LJ5_G,218,E,H
5LJ5_G,219,H,H
5LJ5_G,220,W,H
5LJ5_G,221,L,H
5LJ5_G,222,V,H
5LJ5_G,223,Q,H
5LJ5_G,224,R,H
5LJ5_G,225,R,H
5LJ5_G,226,K,H
5LJ5_G,227,K,H
5LJ5_G,228,K,H
5LJ5_G,229,L,H
5LJ5_G,230,M,H
5LJ5_G,231,D,H
5LJ5_G,232,E,C
5LJ5_G,233,L,C
5LJ5_G,234,N,C
5LJ5_G,235,L,C
5WOB_X,1,M,C
5WOB_X,2,K,C
5WOB_X,3,K,C
5WOB_X,4,N,H
5WOB_X,5,I,H
5WOB_X,6,A,H
5WOB_X,7,F,H
5WOB_X,8,L,H
5WOB_X,9,L,H
5WOB_X,10,A,H
5WOB_X,11,S,H
5WOB_X,12,M,H
5WOB_X,13,F,H
5WOB_X,14,V,H
5WOB_X,15,F,H
5WOB_X,16,S,H
5WOB_X,17,I,H
5WOB_X,18,A,H
5WOB_X,19,T,C
5WOB_X,20,N,C
5WOB_X,21,A,C
5WOB_X,22,Y,C
5WOB_X,23,A,C
5WOB_X,24,S,C
5WOB_X,25,D,C
5WOB_X,26,I,C
5WOB_X,27,Q,E
5WOB_X,28,M,E
5WOB_X,29,T,E
5WOB_X,30,Q,E
5WOB_X,31,S,C
5WOB_X,32,P,C
5WOB_X,33,S,C
5WOB_X,34,S,E
5WOB_X,35,L,E
5WOB_X,36,S,E
5WOB_X,37,A,E
5WOB_X,38,S,C
5WOB_X,39,V,C
5WOB_X,40,G,C
5WOB_X,41,D,C
5WOB_X,42,R,C
5WOB_X,43,V,E
5WOB_X,44,T,E
5WOB_X,45,I,E
5WOB_X,46,T,E
5WOB_X,47,C,E
5WOB_X,48,R,E
5WOB_X,49,A,E
5WOB_X,50,S,C
5WOB_X,51,Q,C
5WOB_X,52,S,C
5WOB_X,53,V,C
5WOB_X,54,S,C
5WOB_X,55,S,C
5WOB_X,56,A,C
5WOB_X,57,V,E
5WOB_X,58,A,E
5WOB_X,59,W,E
5WOB_X,60,Y,E
5WOB_X,61,Q,E
5WOB_X,62,Q,E
5WOB_X,63,K,C
5WOB_X,64,P,C
5WOB_X,65,G,C
5WOB_X,66,K,C
5WOB_X,67,A,C
5WOB_X,68,P,C
5WOB_X,69,K,E
5WOB_X,70,L,E
5WOB_X,71,L,E
5WOB_X,72,I,E
5WOB_X,73,Y,E
5WOB_X,74,S,C
5WOB_X,75,T,C
5WOB_X,76,S,C
5WOB_X,77,S,E
5WOB_X,78,L,E
5WOB_X,79,Y,E
5WOB_X,80,S,C
5WOB_X,81,G,C
5WOB_X,82,V,C
5WOB_X,83,P,C
5WOB_X,84,S,C
5WOB_X,85,R,C
5WOB_X,86,F,E
5WOB_X,87,S,E
5WOB_X,88,G,E
5WOB_X,89,S,E
5WOB_X,90,R,E
5WOB_X,91,S,E
5WOB_X,92,G,E
5WOB_X,93,T,E
5WOB_X,94,D,E
5WOB_X,95,F,E
5WOB_X,96,T,E
5WOB_X,97,L,E
5WOB_X,98,T,E
5WOB_X,99,I,E
5WOB_X,100,S,C
5WOB_X,101,S,C
5WOB_X,102,L,C
5WOB_X,103,Q,C
5WOB_X,104,P,H
5WOB_X,105,E,H
5WOB_X,106,D,H
5WOB_X,107,F,H
5WOB_X,108,A,E
5WOB_X,109,T,E
5WOB_X,110,Y,E
5WOB_X,111,Y,E
5WOB_X,112,C,E
5WOB_X,113,Q,E
5WOB_X,114,Q,E
5WOB_X,115,S,C
5WOB_X,116,S,C
5WOB_X,117,P,C
5WOB_X,118,S,E
5WOB_X,119,F,E
5WOB_X,120,L,E
5WOB_X,121,I,E
5WOB_X,122,T,E
5WOB_X,123,F,E
5WOB_X,124,G,C
5WOB_X,125,Q,C
5WOB_X,126,G,C
5WOB_X,127,T,E
5WOB_X,128,K,E
5WOB_X,129,V,E
5WOB_X,130,E,E
5WOB_X,131,I,E
5WOB_X,132,K,C
5WOB_X,133,R,C
5WOB_X,134,T,C
5WOB_X,135,V,C
5WOB_X,136,A,C
5WOB_X,137,A,C
5WOB_X,138,P,C
5WOB_X,139,S,E
5WOB_X,140,V,E
5WOB_X,141,F,E
5WOB_X,142,I,E
5WOB_X,143,F,E
5WOB_X,144,P,C
5WOB_X,145,P,C
5WOB_X,146,S,C
5WOB_X,147,D,H
5WOB_X,148,S,H
5WOB_X,149,Q,H
5WOB_X,150,L,H
5WOB_X,151,K,C
5WOB_X,152,S,C
5WOB_X,153,G,C
5WOB_X,154,T,E
5WOB_X,155,A,E
5WOB_X,156,S,E
5WOB_X,157,V,E
5WOB_X,158,V,E
5WOB_X,159,C,E
5WOB_X,160,L,E
5WOB_X,161,L,E
5WOB_X,162,N,E
5WOB_X,163,N,E
5WOB_X,164,F,E
5WOB_X,165,Y,E
5WOB_X,166,P,C
5WOB_X,167,R,C
5WOB_X,168,E,C
5WOB_X,169,A,C
5WOB_X,170,K,E
5WOB_X,171,V,E
5WOB_X,172,Q,E
5WOB_X,173,W,E
5WOB_X,174,K,E
5WOB_X,175,V,E
5WOB_X,176,D,E
5WOB_X,177,N,E
5WOB_X,178,A,E
5WOB_X,179,L,E
5WOB_X,180,Q,E
5WOB_X,181,S,C
5WOB_X,182,G,C
5WOB_X,183,N,C
5WOB_X,184,S,E
5WOB_X,185,Q,E
5WOB_X,186,E,E
5WOB_X,187,S,E
5WOB_X,188,V,E
5WOB_X,189,T,C
5WOB_X,190,E,C
5WOB_X,191,Q,C
5WOB_X,192,D,C
5WOB_X,193,S,C
5WOB_X,194,K,C
5WOB_X,195,D,C
5WOB_X,196,S,C
5WOB_X,197,T,C
5WOB_X,198,Y,E
5WOB_X,199,S,E
5WOB_X,200,L,E
5WOB_X,201,S,E
5WOB_X,202,S,E
5WOB_X,203,T,E
5WOB_X,204,L,E
5WOB_X,205,T,E
5WOB_X,206,L,E
5WOB_X,207,S,E
5WOB_X,208,K,H
5WOB_X,209,A,H
5WOB_X,210,D,H
5WOB_X,211,Y,H
5WOB_X,212,E,H
5WOB_X,213,K,C
5WOB_X,214,H,C
5WOB_X,215,K,C
5WOB_X,216,V,E
5WOB_X,217,Y,E
5WOB_X,218,A,E
5WOB_X,219,C,E
5WOB_X,220,E,E
5WOB_X,221,V,E
5WOB_X,222,T,E
5WOB_X,223,H,C
5WOB_X,224,Q,C
5WOB_X,225,G,C
5WOB_X,226,L,C
5WOB_X,227,S,C
5WOB_X,228,S,C
5WOB_X,229,P,C
5WOB_X,230,V,E
5WOB_X,231,T,E
5WOB_X,232,K,E
5WOB_X,233,S,E
5WOB_X,234,F,E
5WOB_X,235,N,E
5WOB_X,236,R,C
5WOB_X,237,G,C
5WOB_X,238,E,C
5WOB_X,239,C,C
2VLR_J,1,M,C
2VLR_J,2,V,C
2VLR_J,3,D,C
2VLR_J,4,G,C
2VLR_J,5,G,C
2VLR_J,6,I,C
2VLR_J,7,T,C
2VLR_J,8,Q,C
2VLR_J,9,S,C
2VLR_J,10,P,C
2VLR_J,11,K,C
2VLR_J,12,Y,E
2VLR_J,13,L,E
2VLR_J,14,F,E
2VLR_J,15,R,E
2VLR_J,16,K,E
2VLR_J,17,E,C
2VLR_J,18,G,C
2VLR_J,19,Q,C
2VLR_J,20,N,E
2VLR_J,21,V,E
2VLR_J,22,T,E
2VLR_J,23,L,E
2VLR_J,24,S,E
2VLR_J,25,C,C
2VLR_J,26,E,C
2VLR_J,27,Q,C
2VLR_J,28,N,C
2VLR_J,29,L,C
2VLR_J,30,N,C
2VLR_J,31,H,C
2VLR_J,32,D,C
2VLR_J,33,A,E
2VLR_J,34,M,E
2VLR_J,35,Y,E
2VLR_J,36,W,E
2VLR_J,37,Y,E
2VLR_J,38,R,E
2VLR_J,39,Q,E
2VLR_J,40,D,C
2VLR_J,41,P,C
2VLR_J,42,G,C
2VLR_J,43,Q,C
2VLR_J,44,G,C
2VLR_J,45,L,E
2VLR_J,46,R,E
2VLR_J,47,L,E
2VLR_J,48,I,E
2VLR_J,49,Y,E
2VLR_J,50,Y,E
2VLR_J,51,S,H
2VLR_J,52,Q,H
2VLR_J,53,I,H
2VLR_J,54,V,H
2VLR_J,55,N,H
2VLR_J,56,D,H
2VLR_J,57,F,H
2VLR_J,58,Q,H
2VLR_J,59,K,C
2VLR_J,60,G,C
2VLR_J,61,D,C
2VLR_J,62,I,C
2VLR_J,63,A,C
2VLR_J,64,E,C
2VLR_J,65,G,C
2VLR_J,66,Y,C
2VLR_J,67,S,C
2VLR_J,68,V,C
2VLR_J,69,S,C
2VLR_J,70,R,H
2VLR_J,71,E,H
2VLR_J,72,K,H
2VLR_J,73,K,C
2VLR_J,74,E,C
2VLR_J,75,S,C
2VLR_J,76,F,C
2VLR_J,77,P,C
2VLR_J,78,L,C
2VLR_J,79,T,E
2VLR_J,80,V,E
2VLR_J,81,T,E
2VLR_J,82,S,E
2VLR_J,83,A,C
2VLR_J,84,Q,C
2VLR_J,85,K,C
2VLR_J,86,N,C
2VLR_J,87,P,C
2VLR_J,88,T,C
2VLR_J,89,A,E
2VLR_J,90,F,E
2VLR_J,91,Y,E
2VLR_J,92,L,E
2VLR_J,93,C,E
2VLR_J,94,A,E
2VLR_J,95,S,E
2VLR_J,96,S,C
2VLR_J,97,S,C
2VLR_J,98,R,C
2VLR_J,99,A,C
2VLR_J,100,S,C
2VLR_J,101,Y,H
2VLR_J,102,E,H
2VLR_J,103,Q,H
2VLR_J,104,Y,H
2VLR_J,105,F,C
2VLR_J,106,G,C
2VLR_J,107,P,C
2VLR_J,108,G,C
2VLR_J,109,T,C
2VLR_J,110,R,E
2VLR_J,111,L,E
2VLR_J,112,T,E
2VLR_J,113,V,E
2VLR_J,114,T,C
2VLR_J,115,E,C
2VLR_J,116,D,C
2VLR_J,117,L,C
2VLR_J,118,K,C
2VLR_J,119,N,C
2VLR_J,120,V,C
2VLR_J,121,F,C
2VLR_J,122,P,C
2VLR_J,123,P,C
2VLR_J,124,E,C
2VLR_J,125,V,C
2VLR_J,126,A,E
2VLR_J,127,V,E
2VLR_J,128,F,E
2VLR_J,129,E,C
2VLR_J,130,P,C
2VLR_J,131,S,C
2VLR_J,132,E,C
2VLR_J,133,A,C
2VLR_J,134,E,C
2VLR_J,135,I,H
2VLR_J,136,S,H
2VLR_J,137,H,H
2VLR_J,138,T,H
2VLR_J,139,Q,E
2VLR_J,140,K,E
2VLR_J,141,A,E
2VLR_J,142,T,E
2VLR_J,143,L,E
2VLR_J,144,V,E
2VLR_J,145,C,E
2VLR_J,146,L,E
2VLR_J,147,A,E
2VLR_J,148,T,C
2VLR_J,149,G,C
2VLR_J,150,F,C
2VLR_J,151,Y,C
2VLR_J,152,P,C
2VLR_J,153,D,C
2VLR_J,154,H,C
2VLR_J,155,V,C
2VLR_J,156,E,E
2VLR_J,157,L,E
2VLR_J,158,S,E
2VLR_J,159,W,E
2VLR_J,160,W,E
2VLR_J,161,V,E
2VLR_J,162,N,E
2VLR_J,163,G,E
2VLR_J,164,K,E
2VLR_J,165,E,E
2VLR_J,166,V,E
2VLR_J,167,H,E
2VLR_J,168,S,E
2VLR_J,169,G,E
2VLR_J,170,V,E
2VLR_J,171,S,E
2VLR_J,172,T,C
2VLR_J,173,D,C
2VLR_J,174,P,C
2VLR_J,175,Q,C
2VLR_J,176,P,C
2VLR_J,177,L,C
2VLR_J,178,K,C
2VLR_J,179,E,C
2VLR_J,180,Q,C
2VLR_J,181,P,C
2VLR_J,182,A,C
2VLR_J,183,L,C
2VLR_J,184,N,C
2VLR_J,185,D,C
2VLR_J,186,S,C
2VLR_J,187,R,C
2VLR_J,188,Y,C
2VLR_J,189,S,C
2VLR_J,190,L,C
2VLR_J,191,S,C
2VLR_J,192,S,C
2VLR_J,193,R,E
2VLR_J,194,L,E
2VLR_J,195,R,E
2VLR_J,196,V,E
2VLR_J,197,S,E
2VLR_J,198,A,E
2VLR_J,199,T,E
2VLR_J,200,F,C
2VLR_J,201,W,C
2VLR_J,202,Q,C
2VLR_J,203,N,C
2VLR_J,204,P,C
2VLR_J,205,R,C
2VLR_J,206,N,C
2VLR_J,207,H,E
2VLR_J,208,F,E
2VLR_J,209,R,E
2VLR_J,210,C,E
2VLR_J,211,Q,E
2VLR_J,212,V,E
2VLR_J,213,Q,E
2VLR_J,214,F,E
2VLR_J,215,Y,E
2VLR_J,216,G,C
2VLR_J,217,L,C
2VLR_J,218,S,C
2VLR_J,219,E,C
2VLR_J,220,N,C
2VLR_J,221,D,C
2VLR_J,222,E,C
2VLR_J,223,W,C
2VLR_J,224,T,C
2VLR_J,225,Q,C
2VLR_J,226,D,C
2VLR_J,227,R,C
2VLR_J,228,A,C
2VLR_J,229,K,C
2VLR_J,230,P,C
2VLR_J,231,V,E
2VLR_J,232,T,E
2VLR_J,233,Q,E
2VLR_J,234,I,E
2VLR_J,235,V,E
2VLR_J,236,S,E
2VLR_J,237,A,H
2VLR_J,238,E,H
2VLR_J,239,A,H
2VLR_J,240,W,C
2VLR_J,241,G,C
2VLR_J,242,R,C
2VLR_J,243,A,C
2VLR_J,244,D,C
1MUE_B,1,I,C
1MUE_B,2,V,C
1MUE_B,3,E,C
1MUE_B,4,G,C
1MUE_B,5,S,C
1MUE_B,6,D,C
1MUE_B,7,A,C
1MUE_B,8,E,C
1MUE_B,9,I,C
1MUE_B,10,G,C
1MUE_B,11,M,C
1MUE_B,12,S,C
1MUE_B,13,P,C
1MUE_B,14,W,C
1MUE_B,15,Q,E
1MUE_B,16,V,E
1MUE_B,17,M,E
1MUE_B,18,L,E
1MUE_B,19,F,E
1MUE_B,20,R,E
1MUE_B,21,K,C
1MUE_B,22,S,C
1MUE_B,23,P,C
1MUE_B,24,Q,C
1MUE_B,25,E,C
1MUE_B,26,L,E
1MUE_B,27,L,E
1MUE_B,28,C,E
1MUE_B,29,G,E
1MUE_B,30,A,E
1MUE_B,31,S,E
1MUE_B,32,L,E
1MUE_B,33,I,E
1MUE_B,34,S,C
1MUE_B,35,D,C
1MUE_B,36,R,C
1MUE_B,37,W,E
1MUE_B,38,V,E
1MUE_B,39,L,E
1MUE_B,40,T,E
1MUE_B,41,A,E
1MUE_B,42,A,H
1MUE_B,43,H,H
1MUE_B,44,C,H
1MUE_B,45,L,H
1MUE_B,46,L,H
1MUE_B,47,Y,C
1MUE_B,48,P,C
1MUE_B,49,P,C
1MUE_B,50,W,C
1MUE_B,51,D,C
1MUE_B,52,K,C
1MUE_B,53,N,C
1MUE_B,54,F,C
1MUE_B,55,T,C
1MUE_B,56,E,H
1MUE_B,57,N,H
1MUE_B,58,D,H
1MUE_B,59,L,H
1MUE_B,60,L,E
1MUE_B,61,V,E
1MUE_B,62,R,E
1MUE_B,63,I,E
1MUE_B,64,G,C
1MUE_B,65,K,C
1MUE_B,66,H,C
1MUE_B,67,S,C
1MUE_B,68,R,C
1MUE_B,69,T,C
1MUE_B,70,R,C
1MUE_B,71,Y,C
1MUE_B,72,E,C
1MUE_B,73,R,C
1MUE_B,74,N,C
1MUE_B,75,I,C
1MUE_B,76,E,C
1MUE_B,77,K,C
1MUE_B,78,I,E
1MUE_B,79,S,E
1MUE_B,80,M,E
1MUE_B,81,L,E
1MUE_B,82,E,E
1MUE_B,83,K,E
1MUE_B,84,I,E
1MUE_B,85,Y,E
1MUE_B,86,I,E
1MUE_B,87,H,C
1MUE_B,88,P,C
1MUE_B,89,R,C
1MUE_B,90,Y,C
1MUE_B,91,N,C
1MUE_B,92,W,C
1MUE_B,93,R,C
1MUE_B,94,E,C
1MUE_B,95,N,C
1MUE_B,96,L,C
1MUE_B,97,D,C
1MUE_B,98,R,C
1MUE_B,99,D,C
1MUE_B,100,I,C
1MUE_B,101,A,E
1MUE_B,102,L,E
1MUE_B,103,M,E
1MUE_B,104,K,E
1MUE_B,105,L,E
1MUE_B,106,K,C
1MUE_B,107,K,C
1MUE_B,108,P,C
1MUE_B,109,V,C
1MUE_B,110,A,C
1MUE_B,111,F,C
1MUE_B,112,S,C
1MUE_B,113,D,C
1MUE_B,114,Y,C
1MUE_B,115,I,C
1MUE_B,116,H,C
1MUE_B,117,P,C
1MUE_B,118,V,C
1MUE_B,119,C,C
1MUE_B,120,L,C
1MUE_B,121,P,C
1MUE_B,122,D,C
1MUE_B,123,R,H
1MUE_B,124,E,H
1MUE_B,125,T,H
1MUE_B,126,A,H
1MUE_B,127,A,H
1MUE_B,128,S,H
1MUE_B,129,L,H
1MUE_B,130,L,H
1MUE_B,131,Q,H
1MUE_B,132,A,C
1MUE_B,133,G,C
1MUE_B,134,Y,C
1MUE_B,135,K,C
1MUE_B,136,G,E
1MUE_B,137,R,E
1MUE_B,138,V,E
1MUE_B,139,T,E
1MUE_B,140,G,E
1MUE_B,141,W,C
1MUE_B,142,G,C
1MUE_B,143,N,C
1MUE_B,144,L,C
1MUE_B,145,K,C
1MUE_B,146,E,C
1MUE_B,147,T,C
1MUE_B,148,W,C
1MUE_B,149,T,C
1MUE_B,150,A,C
1MUE_B,151,N,C
1MUE_B,152,V,C
1MUE_B,153,G,C
1MUE_B,154,K,C
1MUE_B,155,G,C
1MUE_B,156,Q,C
1MUE_B,157,P,C
1MUE_B,158,S,C
1MUE_B,159,V,E
1MUE_B,160,L,E
1MUE_B,161,Q,E
1MUE_B,162,V,E
1MUE_B,163,V,E
1MUE_B,164,N,E
1MUE_B,165,L,C
1MUE_B,166,P,C
1MUE_B,167,I,C
1MUE_B,168,V,C
1MUE_B,169,E,C
1MUE_B,170,R,C
1MUE_B,171,P,C
1MUE_B,172,V,C
1MUE_B,173,C,C
1MUE_B,174,K,C
1MUE_B,175,D,C
1MUE_B,176,S,C
1MUE_B,177,T,C
1MUE_B,178,R,C
1MUE_B,179,I,C
1MUE_B,180,R,C
1MUE_B,181,I,C
1MUE_B,182,T,C
1MUE_B,183,D,C
1MUE_B,184,N,C
1MUE_B,185,M,E
1MUE_B,186,F,E
1MUE_B,187,C,E
1MUE_B,188,A,E
1MUE_B,189,G,C
1MUE_B,190,Y,C
1MUE_B,191,K,C
1MUE_B,192,P,C
1MUE_B,193,D,C
1MUE_B,194,E,C
1MUE_B,195,G,C
1MUE_B,196,K,C
1MUE_B,197,R,C
1MUE_B,198,G,C
1MUE_B,199,D,C
1MUE_B,200,A,C
1MUE_B,201,C,C
1MUE_B,202,E,C
1MUE_B,203,G,C
1MUE_B,204,D,C
1MUE_B,205,S,C
1MUE_B,206,G,C
1MUE_B,207,G,C
1MUE_B,208,P,C
1MUE_B,209,F,E
1MUE_B,210,V,E
1MUE_B,211,M,E
1MUE_B,212,K,E
1MUE_B,213,S,E
1MUE_B,214,P,C
1MUE_B,215,F,C
1MUE_B,216,N,C
1MUE_B,217,N,C
1MUE_B,218,R,C
1MUE_B,219,W,E
1MUE_B,220,Y,E
1MUE_B,221,Q,E
1MUE_B,222,M,E
1MUE_B,223,G,E
1MUE_B,224,I,E
1MUE_B,225,V,E
1MUE_B,226,S,E
1MUE_B,227,W,E
1MUE_B,228,G,C
1MUE_B,229,E,C
1MUE_B,230,G,C
1MUE_B,231,C,C
1MUE_B,232,D,C
1MUE_B,233,R,C
1MUE_B,234,D,C
1MUE_B,235,G,C
1MUE_B,236,K,C
1MUE_B,237,Y,C
1MUE_B,238,G,E
1MUE_B,239,F,E
1MUE_B,240,Y,E
1MUE_B,241,T,E
1MUE_B,242,H,E
1MUE_B,243,V,H
1MUE_B,244,F,H
1MUE_B,245,R,H
1MUE_B,246,L,H
1MUE_B,247,K,H
1MUE_B,248,K,H
1MUE_B,249,W,H
1MUE_B,250,I,H
1MUE_B,251,Q,H
1MUE_B,252,K,H
1MUE_B,253,V,H
1MUE_B,254,I,H
1MUE_B,255,D,H
1MUE_B,256,Q,H
1MUE_B,257,F,H
1MUE_B,258,G,H
1MUE_B,259,E,H
1PN4_B,1,M,C
1PN4_B,2,E,C
1PN4_B,3,D,C
1PN4_B,4,D,C
1PN4_B,5,P,C
1PN4_B,6,V,C
1PN4_B,7,W,E
1PN4_B,8,R,E
1PN4_B,9,F,E
1PN4_B,10,D,C
1PN4_B,11,D,C
1PN4_B,12,R,C
1PN4_B,13,D,C
1PN4_B,14,V,E
1PN4_B,15,I,E
1PN4_B,16,L,E
1PN4_B,17,Y,E
1PN4_B,18,N,E
1PN4_B,19,I,E
1PN4_B,20,A,C
1PN4_B,21,L,C
1PN4_B,22,G,C
1PN4_B,23,A,C
1PN4_B,24,T,C
1PN4_B,25,T,H
1PN4_B,26,K,H
1PN4_B,27,Q,H
1PN4_B,28,L,H
1PN4_B,29,K,H
1PN4_B,30,Y,H
1PN4_B,31,V,H
1PN4_B,32,Y,H
1PN4_B,33,E,H
1PN4_B,34,N,C
1PN4_B,35,D,C
1PN4_B,36,S,C
1PN4_B,37,D,C
1PN4_B,38,F,C
1PN4_B,39,Q,C
1PN4_B,40,V,C
1PN4_B,41,I,C
1PN4_B,42,P,C
1PN4_B,43,T,C
1PN4_B,44,F,H
1PN4_B,45,G,H
1PN4_B,46,H,H
1PN4_B,47,L,E
1PN4_B,48,I,E
1PN4_B,49,T,E
1PN4_B,50,F,E
1PN4_B,51,N,E
1PN4_B,52,S,C
1PN4_B,53,G,C
1PN4_B,54,K,C
1PN4_B,55,S,C
1PN4_B,56,Q,H
1PN4_B,57,N,H
1PN4_B,58,S,H
1PN4_B,59,F,H
1PN4_B,60,A,H
1PN4_B,61,K,H
1PN4_B,62,L,H
1PN4_B,63,L,H
1PN4_B,64,R,H
1PN4_B,65,N,H
1PN4_B,66,F,H
1PN4_B,67,N,H
1PN4_B,68,P,H
1PN4_B,69,M,H
1PN4_B,70,L,H
1PN4_B,71,L,H
1PN4_B,72,L,H
1PN4_B,73,H,C
1PN4_B,74,G,C
1PN4_B,75,E,C
1PN4_B,76,H,C
1PN4_B,77,Y,E
1PN4_B,78,L,E
1PN4_B,79,K,E
1PN4_B,80,V,E
1PN4_B,81,H,E
1PN4_B,82,S,E
1PN4_B,83,W,C
1PN4_B,84,P,C
1PN4_B,85,P,C
1PN4_B,86,P,C
1PN4_B,87,T,C
1PN4_B,88,E,C
1PN4_B,89,G,C
1PN4_B,90,E,C
1PN4_B,91,I,C
1PN4_B,92,K,C
1PN4_B,93,T,C
1PN4_B,94,T,C
1PN4_B,95,F,C
1PN4_B,96,E,C
1PN4_B,97,P,C
1PN4_B,98,I,C
1PN4_B,99,A,C
1PN4_B,100,T,C
1PN4_B,101,T,C
1PN4_B,102,P,C
1PN4_B,103,K,C
1PN4_B,104,G,C
1PN4_B,105,T,C
1PN4_B,106,N,E
1PN4_B,107,V,E
1PN4_B,108,V,E
1PN4_B,109,I,E
1PN4_B,110,V,E
1PN4_B,111,H,E
1PN4_B,112,G,C
1PN4_B,113,S,C
1PN4_B,114,K,C
1PN4_B,115,S,E
1PN4_B,116,V,E
1PN4_B,117,D,E
1PN4_B,118,N,C
1PN4_B,119,K,C
1PN4_B,120,S,C
1PN4_B,121,G,C
1PN4_B,122,E,C
1PN4_B,123,L,E
1PN4_B,124,I,E
1PN4_B,125,Y,E
1PN4_B,126,S,E
1PN4_B,127,N,E
1PN4_B,128,E,H
1PN4_B,129,A,H
1PN4_B,130,T,H
1PN4_B,131,Y,H
1PN4_B,132,F,H
1PN4_B,133,I,H
1PN4_B,134,R,H
1PN4_B,135,N,C
1PN4_B,136,C,C
1PN4_B,137,Q,C
1PN4_B,138,A,C
1PN4_B,139,D,C
1PN4_B,140,N,C
1PN4_B,141,K,C
1PN4_B,142,V,C
1PN4_B,143,Y,C
1PN4_B,144,A,C
1PN4_B,145,D,C
1PN4_B,146,R,C
1PN4_B,147,P,C
1PN4_B,148,A,C
1PN4_B,149,F,C
1PN4_B,150,A,C
1PN4_B,151,T,C
1PN4_B,152,N,C
1PN4_B,153,Q,H
1PN4_B,154,F,H
1PN4_B,155,L,H
1PN4_B,156,A,H
1PN4_B,157,P,H
1PN4_B,158,K,H
1PN4_B,159,R,H
1PN4_B,160,A,C
1PN4_B,161,P,C
1PN4_B,162,D,C
1PN4_B,163,Y,C
1PN4_B,164,Q,C
1PN4_B,165,V,C
1PN4_B,166,D,C
1PN4_B,167,V,C
1PN4_B,168,P,C
1PN4_B,169,V,C
1PN4_B,170,S,H
1PN4_B,171,E,H
1PN4_B,172,D,H
1PN4_B,173,L,H
1PN4_B,174,A,H
1PN4_B,175,A,H
1PN4_B,176,L,H
1PN4_B,177,Y,H
1PN4_B,178,R,H
1PN4_B,179,L,H
1PN4_B,180,S,H
1PN4_B,181,G,C
1PN4_B,182,D,C
1PN4_B,183,R,C
1PN4_B,184,N,C
1PN4_B,185,P,C
1PN4_B,186,L,C
1PN4_B,187,Q,C
1PN4_B,188,I,C
1PN4_B,189,D,C
1PN4_B,190,P,H
1PN4_B,191,N,H
1PN4_B,192,F,H
1PN4_B,193,A,H
1PN4_B,194,K,C
1PN4_B,195,G,C
1PN4_B,196,A,C
1PN4_B,197,K,C
1PN4_B,198,F,C
1PN4_B,199,P,C
1PN4_B,200,K,H
1PN4_B,201,P,H
1PN4_B,202,I,H
1PN4_B,203,L,H
1PN4_B,204,H,H
1PN4_B,205,G,H
1PN4_B,206,M,H
1PN4_B,207,C,H
1PN4_B,208,T,H
1PN4_B,209,Y,H
1PN4_B,210,G,H
1PN4_B,211,L,H
1PN4_B,212,S,H
1PN4_B,213,A,H
1PN4_B,214,K,H
1PN4_B,215,A,H
1PN4_B,216,L,H
1PN4_B,217,I,H
1PN4_B,218,D,H
1PN4_B,219,K,H
1PN4_B,220,F,H
1PN4_B,221,G,H
1PN4_B,222,M,H
1PN4_B,223,F,H
1PN4_B,224,N,H
1PN4_B,225,E,H
1PN4_B,226,I,H
1PN4_B,227,K,H
1PN4_B,228,A,H
1PN4_B,229,R,H
1PN4_B,230,F,H
1PN4_B,231,T,H
1PN4_B,232,G,E
1PN4_B,233,I,E
1PN4_B,234,V,E
1PN4_B,235,F,C
1PN4_B,236,P,C
1PN4_B,237,G,C
1PN4_B,238,E,C
1PN4_B,239,T,C
1PN4_B,240,L,E
1PN4_B,241,R,E
1PN4_B,242,V,E
1PN4_B,243,L,E
1PN4_B,244,A,E
1PN4_B,245,W,E
1PN4_B,246,K,E
1PN4_B,247,E,E
1PN4_B,248,S,C
1PN4_B,249,D,C
1PN4_B,250,D,C
1PN4_B,251,T,E
1PN4_B,252,I,E
1PN4_B,253,V,E
1PN4_B,254,F,E
1PN4_B,255,Q,E
1PN4_B,256,T,E
1PN4_B,257,H,E
1PN4_B,258,V,E
1PN4_B,259,V,E
1PN4_B,260,D,C
1PN4_B,261,R,C
1PN4_B,262,G,C
1PN4_B,263,T,E
1PN4_B,264,I,E
1PN4_B,265,A,E
1PN4_B,266,I,E
1PN4_B,267,N,E
1PN4_B,268,N,H
1PN4_B,269,A,H
1PN4_B,270,A,H
1PN4_B,271,I,H
1PN4_B,272,K,H
1PN4_B,273,L,H
1PN4_B,274,V,H
1PN4_B,275,G,H
1PN4_B,276,D,C
1PN4_B,277,K,C
1PN4_B,278,A,C
1PN4_B,279,K,C
1PN4_B,280,I,C
4K1L_A,1,M,C
4K1L_A,2,K,C
4K1L_A,3,H,C
4K1L_A,4,Q,C
4K1L_A,5,H,C
4K1L_A,6,Q,C
4K1L_A,7,H,C
4K1L_A,8,Q,C
4K1L_A,9,H,C
4K1L_A,10,Q,C
4K1L_A,11,H,C
4K1L_A,12,Q,C
4K1L_A,13,H,C
4K1L_A,14,Q,C
4K1L_A,15,Q,C
4K1L_A,16,P,C
4K1L_A,17,L,C
4K1L_A,18,N,C
4K1L_A,19,E,C
4K1L_A,20,E,C
4K1L_A,21,F,C
4K1L_A,22,R,C
4K1L_A,23,P,H
4K1L_A,24,E,H
4K1L_A,25,M,H
4K1L_A,26,L,H
4K1L_A,27,Q,C
4K1L_A,28,G,C
4K1L_A,29,K,C
4K1L_A,30,K,E
4K1L_A,31,V,E
4K1L_A,32,I,E
4K1L_A,33,V,E
4K1L_A,34,T,E
4K1L_A,35,G,E
4K1L_A,36,A,C
4K1L_A,37,S,C
4K1L_A,38,K,C
4K1L_A,39,G,C
4K1L_A,40,I,C
4K1L_A,41,G,C
4K1L_A,42,R,H
4K1L_A,43,E,H
4K1L_A,44,M,H
4K1L_A,45,A,H
4K1L_A,46,Y,H
4K1L_A,47,H,H
4K1L_A,48,L,H
4K1L_A,49,A,H
4K1L_A,50,K,H
4K1L_A,51,M,C
4K1L_A,52,G,C
4K1L_A,53,A,C
4K1L_A,54,H,E
4K1L_A,55,V,E
4K1L_A,56,V,E
4K1L_A,57,V,E
4K1L_A,58,T,E
4K1L_A,59,A,E
4K1L_A,60,R,E
4K1L_A,61,S,E
4K1L_A,62,K,H
4K1L_A,63,E,H
4K1L_A,64,T,H
4K1L_A,65,L,H
4K1L_A,66,Q,H
4K1L_A,67,K,H
4K1L_A,68,V,H
4K1L_A,69,V,H
4K1L_A,70,S,H
4K1L_A,71,H,H
4K1L_A,72,C,H
4K1L_A,73,L,H
4K1L_A,74,E,H
4K1L_A,75,L,H
4K1L_A,76,G,H
4K1L_A,77,A,H
4K1L_A,78,A,H
4K1L_A,79,S,H
4K1L_A,80,A,H
4K1L_A,81,H,H
4K1L_A,82,Y,H
4K1L_A,83,I,H
4K1L_A,84,A,H
4K1L_A,85,G,H
4K1L_A,86,T,H
4K1L_A,87,M,H
4K1L_A,88,E,H
4K1L_A,89,D,H
4K1L_A,90,M,H
4K1L_A,91,T,H
4K1L_A,92,F,H
4K1L_A,93,A,H
4K1L_A,94,E,H
4K1L_A,95,Q,H
4K1L_A,96,F,H
4K1L_A,97,V,H
4K1L_A,98,A,H
4K1L_A,99,Q,H
4K1L_A,100,A,H
4K1L_A,101,G,H
4K1L_A,102,K,H
4K1L_A,103,L,H
4K1L_A,104,M,H
4K1L_A,105,G,H
4K1L_A,106,G,H
4K1L_A,107,L,H
4K1L_A,108,D,H
4K1L_A,109,M,H
4K1L_A,110,L,H
4K1L_A,111,I,H
4K1L_A,112,L,H
4K1L_A,113,N,H
4K1L_A,114,H,H
4K1L_A,115,I,H
4K1L_A,116,T,H
4K1L_A,117,N,H
4K1L_A,118,T,H
4K1L_A,119,S,H
4K1L_A,120,L,H
4K1L_A,121,N,H
4K1L_A,122,L,H
4K1L_A,123,F,H
4K1L_A,124,H,C
4K1L_A,125,D,C
4K1L_A,126,D,C
4K1L_A,127,I,H
4K1L_A,128,H,H
4K1L_A,129,H,H
4K1L_A,130,V,H
4K1L_A,131,R,H
4K1L_A,132,K,H
4K1L_A,133,S,H
4K1L_A,134,M,H
4K1L_A,135,E,H
4K1L_A,136,V,H
4K1L_A,137,N,H
4K1L_A,138,F,H
4K1L_A,139,L,H
4K1L_A,140,S,H
4K1L_A,141,Y,H
4K1L_A,142,V,H
4K1L_A,143,V,H
4K1L_A,144,L,H
4K1L_A,145,T,H
4K1L_A,146,V,H
4K1L_A,147,A,H
4K1L_A,148,A,H
4K1L_A,149,L,H
4K1L_A,150,P,H
4K1L_A,151,M,E
4K1L_A,152,L,E
4K1L_A,153,K,E
4K1L_A,154,Q,E
4K1L_A,155,S,C
4K1L_A,156,N,C
4K1L_A,157,G,C
4K1L_A,158,S,C
4K1L_A,159,I,E
4K1L_A,160,V,E
4K1L_A,161,V,E
4K1L_A,162,V,E
4K1L_A,163,S,E
4K1L_A,164,S,C
4K1L_A,165,L,C
4K1L_A,166,A,C
4K1L_A,167,G,C
4K1L_A,168,K,C
4K1L_A,169,V,C
4K1L_A,170,A,C
4K1L_A,171,Y,C
4K1L_A,172,P,H
4K1L_A,173,M,H
4K1L_A,174,V,H
4K1L_A,175,A,H
4K1L_A,176,A,H
4K1L_A,177,Y,H
4K1L_A,178,S,H
4K1L_A,179,A,H
4K1L_A,180,S,H
4K1L_A,181,K,H
4K1L_A,182,F,H
4K1L_A,183,A,H
4K1L_A,184,L,H
4K1L_A,185,D,H
4K1L_A,186,G,H
4K1L_A,187,F,H
4K1L_A,188,F,H
4K1L_A,189,S,H
4K1L_A,190,S,H
4K1L_A,191,I,H
4K1L_A,192,R,H
4K1L_A,193,K,H
4K1L_A,194,E,C
4K1L_A,195,Y,C
4K1L_A,196,S,C
4K1L_A,197,V,C
4K1L_A,198,S,C
4K1L_A,199,R,E
4K1L_A,200,V,E
4K1L_A,201,N,E
4K1L_A,202,V,E
4K1L_A,203,S,H
4K1L_A,204,I,H
4K1L_A,205,T,H
4K1L_A,206,L,H
4K1L_A,207,C,H
4K1L_A,208,V,H
4K1L_A,209,L,H
4K1L_A,210,G,C
4K1L_A,211,L,C
4K1L_A,212,I,C
4K1L_A,213,D,C
4K1L_A,214,T,H
4K1L_A,215,E,H
4K1L_A,216,T,H
4K1L_A,217,A,H
4K1L_A,218,M,H
4K1L_A,219,K,H
4K1L_A,220,A,H
4K1L_A,221,V,H
4K1L_A,222,S,H
4K1L_A,223,G,H
4K1L_A,224,I,H
4K1L_A,225,V,E
4K1L_A,226,H,E
4K1L_A,227,M,E
4K1L_A,228,Q,C
4K1L_A,229,A,C
4K1L_A,230,A,C
4K1L_A,231,P,C
4K1L_A,232,K,C
4K1L_A,233,E,C
4K1L_A,234,E,H
4K1L_A,235,C,H
4K1L_A,236,A,H
4K1L_A,237,L,H
4K1L_A,238,E,H
4K1L_A,239,I,H
4K1L_A,240,I,H
4K1L_A,241,K,H
4K1L_A,242,G,H
4K1L_A,243,G,C
4K1L_A,244,A,C
4K1L_A,245,L,C
4K1L_A,246,R,C
4K1L_A,247,Q,C
4K1L_A,248,E,C
4K1L_A,249,E,C
4K1L_A,250,V,C
4K1L_A,251,Y,C
4K1L_A,252,Y,C
4K1L_A,253,D,C
4K1L_A,254,S,C
4K1L_A,255,S,C
4K1L_A,256,L,C
4K1L_A,257,W,C
4K1L_A,258,T,C
4K1L_A,259,T,C
4K1L_A,260,L,C
4K1L_A,261,L,C
4K1L_A,262,I,C
4K1L_A,263,R,C
4K1L_A,264,N,C
4K1L_A,265,P,C
4K1L_A,266,S,C
4K1L_A,267,R,H
4K1L_A,268,K,H
4K1L_A,269,I,H
4K1L_A,270,L,H
4K1L_A,271,E,H
4K1L_A,272,F,H
4K1L_A,273,L,H
4K1L_A,274,Y,H
4K1L_A,275,S,H
4K1L_A,276,T,C
4K1L_A,277,S,C
4K1L_A,278,Y,C
4K1L_A,279,N,C
4K1L_A,280,M,H
4K1L_A,281,D,H
4K1L_A,282,R,H
4K1L_A,283,F,C
4K1L_A,284,I,C
4K1L_A,285,N,C
4K1L_A,286,K,C
1JHZ_A,1,S,C
1JHZ_A,2,L,C
1JHZ_A,3,K,C
1JHZ_A,4,V,C
1JHZ_A,5,N,C
1JHZ_A,6,H,C
1JHZ_A,7,T,C
1JHZ_A,8,K,C
1JHZ_A,9,S,E
1JHZ_A,10,I,E
1JHZ_A,11,G,E
1JHZ_A,12,L,E
1JHZ_A,13,L,E
1JHZ_A,14,A,E
1JHZ_A,15,T,E
1JHZ_A,16,S,H
1JHZ_A,17,S,H
1JHZ_A,18,E,H
1JHZ_A,19,A,H
1JHZ_A,20,A,H
1JHZ_A,21,Y,H
1JHZ_A,22,F,H
1JHZ_A,23,A,H
1JHZ_A,24,E,H
1JHZ_A,25,I,H
1JHZ_A,26,I,H
1JHZ_A,27,E,H
1JHZ_A,28,A,H
1JHZ_A,29,V,H
1JHZ_A,30,E,H
1JHZ_A,31,K,H
1JHZ_A,32,N,H
1JHZ_A,33,C,H
1JHZ_A,34,F,C
1JHZ_A,35,Q,C
1JHZ_A,36,K,C
1JHZ_A,37,G,C
1JHZ_A,38,Y,C
1JHZ_A,39,T,E
1JHZ_A,40,L,E
1JHZ_A,41,I,E
1JHZ_A,42,L,E
1JHZ_A,43,G,E
1JHZ_A,44,N,E
1JHZ_A,45,A,E
1JHZ_A,46,W,C
1JHZ_A,47,N,C
1JHZ_A,48,N,C
1JHZ_A,49,L,H
1JHZ_A,50,E,H
1JHZ_A,51,K,H
1JHZ_A,52,Q,H
1JHZ_A,53,R,H
1JHZ_A,54,A,H
1JHZ_A,55,Y,H
1JHZ_A,56,L,H
1JHZ_A,57,S,H
1JHZ_A,58,M,H
1JHZ_A,59,M,H
1JHZ_A,60,A,H
1JHZ_A,61,Q,H
1JHZ_A,62,K,C
1JHZ_A,63,R,C
1JHZ_A,64,V,C
1JHZ_A,65,D,C
1JHZ_A,66,G,E
1JHZ_A,67,L,E
1JHZ_A,68,L,E
1JHZ_A,69,V,E
1JHZ_A,70,M,E
1JHZ_A,71,C,E
1JHZ_A,72,S,C
1JHZ_A,73,E,C
1JHZ_A,74,Y,C
1JHZ_A,75,P,C
1JHZ_A,76,E,H
1JHZ_A,77,P,H
1JHZ_A,78,L,H
1JHZ_A,79,L,H
1JHZ_A,80,A,H
1JHZ_A,81,M,H
1JHZ_A,82,L,H
1JHZ_A,83,E,H
1JHZ_A,84,E,H
1JHZ_A,85,Y,C
1JHZ_A,86,R,C
1JHZ_A,87,H,C
1JHZ_A,88,I,E
1JHZ_A,89,P,E
1JHZ_A,90,M,E
1JHZ_A,91,V,E
1JHZ_A,92,V,E
1JHZ_A,93,M,E
1JHZ_A,94,D,E
1JHZ_A,95,F,E
1JHZ_A,96,G,E
1JHZ_A,97,E,E
1JHZ_A,98,A,C
1JHZ_A,99,K,C
1JHZ_A,100,A,C
1JHZ_A,101,D,H
1JHZ_A,102,F,H
1JHZ_A,103,T,H
1JHZ_A,104,D,H
1JHZ_A,105,A,H
1JHZ_A,106,V,H
1JHZ_A,107,I,H
1JHZ_A,108,D,H
1JHZ_A,109,N,H
1JHZ_A,110,A,H
1JHZ_A,111,F,H
1JHZ_A,112,E,C
1JHZ_A,113,G,C
1JHZ_A,114,G,C
1JHZ_A,115,Y,C
1JHZ_A,116,M,C
1JHZ_A,117,A,C
1JHZ_A,118,G,H
1JHZ_A,119,R,H
1JHZ_A,120,Y,H
1JHZ_A,121,L,H
1JHZ_A,122,I,H
1JHZ_A,123,E,H
1JHZ_A,124,R,H
1JHZ_A,125,G,C
1JHZ_A,126,H,C
1JHZ_A,127,R,C
1JHZ_A,128,E,E
1JHZ_A,129,I,E
1JHZ_A,130,G,E
1JHZ_A,131,V,E
1JHZ_A,132,I,E
1JHZ_A,133,P,C
1JHZ_A,134,G,C
1JHZ_A,135,P,C
1JHZ_A,136,L,C
1JHZ_A,137,E,C
1JHZ_A,138,R,C
1JHZ_A,139,N,C
1JHZ_A,140,T,C
1JHZ_A,141,G,C
1JHZ_A,142,A,C
1JHZ_A,143,G,H
1JHZ_A,144,R,H
1JHZ_A,145,L,H
1JHZ_A,146,A,H
1JHZ_A,147,G,H
1JHZ_A,148,F,H
1JHZ_A,149,M,H
1JHZ_A,150,K,H
1JHZ_A,151,A,H
1JHZ_A,152,M,H
1JHZ_A,153,E,H
1JHZ_A,154,E,H
1JHZ_A,155,A,H
1JHZ_A,156,M,H
1JHZ_A,157,I,H
1JHZ_A,158,K,H
1JHZ_A,159,V,C
1JHZ_A,160,P,C
1JHZ_A,161,E,C
1JHZ_A,162,S,C
1JHZ_A,163,W,E
1JHZ_A,164,I,E
1JHZ_A,165,V,E
1JHZ_A,166,Q,E
1JHZ_A,167,G,C
1JHZ_A,168,D,C
1JHZ_A,169,F,C
1JHZ_A,170,E,C
1JHZ_A,171,P,C
1JHZ_A,172,E,H
1JHZ_A,173,S,H
1JHZ_A,174,G,H
1JHZ_A,175,Y,H
1JHZ_A,176,R,H
1JHZ_A,177,A,H
1JHZ_A,178,M,H
1JHZ_A,179,Q,H
1JHZ_A,180,Q,H
1JHZ_A,181,I,H
1JHZ_A,182,L,H
1JHZ_A,183,S,C
1JHZ_A,184,Q,C
1JHZ_A,185,P,C
1JHZ_A,186,H,C
1JHZ_A,187,R,C
1JHZ_A,188,P,C
1JHZ_A,189,T,E
1JHZ_A,190,A,E
1JHZ_A,191,V,E
1JHZ_A,192,F,E
1JHZ_A,193,C,E
1JHZ_A,194,G,C
1JHZ_A,195,G,C
1JHZ_A,196,D,C
1JHZ_A,197,I,E
1JHZ_A,198,M,E
1JHZ_A,199,A,E
1JHZ_A,200,M,E
1JHZ_A,201,G,E
1JHZ_A,202,A,H
1JHZ_A,203,L,H
1JHZ_A,204,C,H
1JHZ_A,205,A,H
1JHZ_A,206,A,H
1JHZ_A,207,D,H
1JHZ_A,208,E,H
1JHZ_A,209,M,H
1JHZ_A,210,G,C
1JHZ_A,211,L,C
1JHZ_A,212,R,C
1JHZ_A,213,V,C
1JHZ_A,214,P,C
1JHZ_A,215,Q,C
1JHZ_A,216,D,C
1JHZ_A,217,V,E
1JHZ_A,218,S,E
1JHZ_A,219,L,E
1JHZ_A,220,I,E
1JHZ_A,221,G,E
1JHZ_A,222,Y,E
1JHZ_A,223,D,E
1JHZ_A,224,N,E
1JHZ_A,225,V,H
1JHZ_A,226,R,H
1JHZ_A,227,N,H
1JHZ_A,228,A,H
1JHZ_A,229,R,H
1JHZ_A,230,Y,H
1JHZ_A,231,F,C
1JHZ_A,232,T,C
1JHZ_A,233,P,C
1JHZ_A,234,A,C
1JHZ_A,235,L,C
1JHZ_A,236,T,C
1JHZ_A,237,T,C
1JHZ_A,238,I,C
1JHZ_A,239,H,C
1JHZ_A,240,Q,C
1JHZ_A,241,P,C
1JHZ_A,242,K,C
1JHZ_A,243,D,C
1JHZ_A,244,S,C
1JHZ_A,245,L,H
1JHZ_A,246,G,H
1JHZ_A,247,E,H
1JHZ_A,248,T,H
1JHZ_A,249,A,H
1JHZ_A,250,F,H
1JHZ_A,251,N,H
1JHZ_A,252,M,H
1JHZ_A,253,L,H
1JHZ_A,254,L,H
1JHZ_A,255,D,H
1JHZ_A,256,R,H
1JHZ_A,257,I,H
1JHZ_A,258,V,H
1JHZ_A,259,N,H
1JHZ_A,260,K,H
1JHZ_A,261,R,C
1JHZ_A,262,E,C
1JHZ_A,263,E,C
1JHZ_A,264,P,C
1JHZ_A,265,Q,C
1JHZ_A,266,S,C
1JHZ_A,267,I,E
1JHZ_A,268,E,E
1JHZ_A,269,V,E
1JHZ_A,270,H,C
1JHZ_A,271,P,C
1JHZ_A,272,R,C
1JHZ_A,273,L,C
1JHZ_A,274,I,C
1JHZ_A,275,E,C
1JHZ_A,276,R,C
1JHZ_A,277,R,C
1JHZ_A,278,S,C
1JHZ_A,279,V,C
1JHZ_A,280,A,C
1JHZ_A,281,D,C
1JHZ_A,282,G,C
1JHZ_A,283,P,C
1JHZ_A,284,F,C
1JHZ_A,285,R,C
1JHZ_A,286,D,C
1JHZ_A,287,Y,C
1JHZ_A,288,R,C
1JHZ_A,289,R,C
1A0P_A,1,Q,H
1A0P_A,2,D,H
1A0P_A,3,L,H
1A0P_A,4,A,H
1A0P_A,5,R,H
1A0P_A,6,I,H
1A0P_A,7,E,H
1A0P_A,8,Q,H
1A0P_A,9,F,H
1A0P_A,10,L,H
1A0P_A,11,D,H
1A0P_A,12,A,H
1A0P_A,13,L,H
1A0P_A,14,W,H
1A0P_A,15,L,H
1A0P_A,16,E,H
1A0P_A,17,K,H
1A0P_A,18,N,H
1A0P_A,19,L,H
1A0P_A,20,A,H
1A0P_A,21,E,H
1A0P_A,22,N,H
1A0P_A,23,T,H
1A0P_A,24,L,H
1A0P_A,25,N,H
1A0P_A,26,A,H
1A0P_A,27,Y,H
1A0P_A,28,R,H
1A0P_A,29,R,H
1A0P_A,30,D,H
1A0P_A,31,L,H
1A0P_A,32,S,H
1A0P_A,33,M,H
1A0P_A,34,M,H
1A0P_A,35,V,H
1A0P_A,36,E,H
1A0P_A,37,W,H
1A0P_A,38,L,H
1A0P_A,39,H,H
1A0P_A,40,H,H
1A0P_A,41,R,C
1A0P_A,42,G,C
1A0P_A,43,L,C
1A0P_A,44,T,E
1A0P_A,45,L,E
1A0P_A,46,A,E
1A0P_A,47,T,C
1A0P_A,48,A,C
1A0P_A,49,Q,C
1A0P_A,50,S,C
1A0P_A,51,D,H
1A0P_A,52,D,H
1A0P_A,53,L,H
1A0P_A,54,Q,H
1A0P_A,55,A,H
1A0P_A,56,L,H
1A0P_A,57,L,H
1A0P_A,58,A,H
1A0P_A,59,E,H
1A0P_A,60,R,H
1A0P_A,61,L,H
1A0P_A,62,E,H
1A0P_A,63,G,H
1A0P_A,64,G,H
1A0P_A,65,Y,H
1A0P_A,66,K,H
1A0P_A,67,A,H
1A0P_A,68,T,H
1A0P_A,69,S,H
1A0P_A,70,S,H
1A0P_A,71,A,H
1A0P_A,72,R,H
1A0P_A,73,L,H
1A0P_A,74,L,H
1A0P_A,75,S,H
1A0P_A,76,A,H
1A0P_A,77,V,H
1A0P_A,78,R,H
1A0P_A,79,R,H
1A0P_A,80,L,H
1A0P_A,81,F,H
1A0P_A,82,Q,H
1A0P_A,83,Y,H
1A0P_A,84,L,H
1A0P_A,85,Y,H
1A0P_A,86,R,H
1A0P_A,87,E,H
1A0P_A,88,K,H
1A0P_A,89,F,H
1A0P_A,90,R,H
1A0P_A,91,E,C
1A0P_A,92,D,C
1A0P_A,93,D,C
1A0P_A,94,P,C
1A0P_A,95,S,C
1A0P_A,96,A,C
1A0P_A,97,H,C
1A0P_A,98,L,C
1A0P_A,99,A,C
1A0P_A,100,S,C
1A0P_A,101,P,C
1A0P_A,102,K,C
1A0P_A,103,L,C
1A0P_A,104,P,C
1A0P_A,105,Q,C
1A0P_A,106,R,C
1A0P_A,107,L,C
1A0P_A,108,P,C
1A0P_A,109,K,C
1A0P_A,110,D,C
1A0P_A,111,L,C
1A0P_A,112,S,C
1A0P_A,113,E,H
1A0P_A,114,A,H
1A0P_A,115,Q,H
1A0P_A,116,V,H
1A0P_A,117,E,H
1A0P_A,118,R,H
1A0P_A,119,L,H
1A0P_A,120,L,H
1A0P_A,121,Q,H
1A0P_A,122,A,C
1A0P_A,123,P,C
1A0P_A,124,L,C
1A0P_A,125,I,C
1A0P_A,126,D,C
1A0P_A,127,Q,C
1A0P_A,128,P,C
1A0P_A,129,L,H
1A0P_A,130,E,H
1A0P_A,131,L,H
1A0P_A,132,R,H
1A0P_A,133,D,H
1A0P_A,134,K,H
1A0P_A,135,A,H
1A0P_A,136,M,H
1A0P_A,137,L,H
1A0P_A,138,E,H
1A0P_A,139,V,H
1A0P_A,140,L,H
1A0P_A,141,Y,H
1A0P_A,142,A,H
1A0P_A,143,T,C
1A0P_A,144,G,C
1A0P_A,145,L,C
1A0P_A,146,R,C
1A0P_A,147,V,H
1A0P_A,148,S,H
1A0P_A,149,E,H
1A0P_A,150,L,H
1A0P_A,151,V,H
1A0P_A,152,G,H
1A0P_A,153,L,H
1A0P_A,154,T,H
1A0P_A,155,M,H
1A0P_A,156,S,H
1A0P_A,157,D,H
1A0P_A,158,I,H
1A0P_A,159,S,H
1A0P_A,160,L,H
1A0P_A,161,R,C
1A0P_A,162,Q,C
1A0P_A,163,G,C
1A0P_A,164,V,E
1A0P_A,165,V,E
1A0P_A,166,R,E
1A0P_A,167,V,E
1A0P_A,168,I,E
1A0P_A,169,G,E
1A0P_A,170,K,C
1A0P_A,171,G,C
1A0P_A,172,N,C
1A0P_A,173,K,C
1A0P_A,174,E,C
1A0P_A,175,R,C
1A0P_A,176,L,E
1A0P_A,177,V,E
1A0P_A,178,P,E
1A0P_A,179,L,C
1A0P_A,180,G,C
1A0P_A,181,E,C
1A0P_A,182,E,H
1A0P_A,183,A,H
1A0P_A,184,V,H
1A0P_A,185,Y,H
1A0P_A,186,W,H
1A0P_A,187,L,H
1A0P_A,188,E,H
1A0P_A,189,T,H
1A0P_A,190,Y,H
1A0P_A,191,L,H
1A0P_A,192,E,H
1A0P_A,193,H,C
1A0P_A,194,G,C
1A0P_A,195,R,C
1A0P_A,196,P,E
1A0P_A,197,W,E
1A0P_A,198,L,E
1A0P_A,199,L,E
1A0P_A,200,N,C
1A0P_A,201,G,C
1A0P_A,202,V,C
1A0P_A,203,S,E
1A0P_A,204,I,E
1A0P_A,205,D,E
1A0P_A,206,V,E
1A0P_A,207,L,E
1A0P_A,208,F,E
1A0P_A,209,P,E
1A0P_A,210,S,H
1A0P_A,211,Q,H
1A0P_A,212,R,H
1A0P_A,213,A,H
1A0P_A,214,Q,H
1A0P_A,215,Q,H
1A0P_A,216,M,H
1A0P_A,217,T,H
1A0P_A,218,R,H
1A0P_A,219,Q,H
1A0P_A,220,T,H
1A0P_A,221,F,H
1A0P_A,222,W,H
1A0P_A,223,H,H
1A0P_A,224,R,H
1A0P_A,225,I,H
1A0P_A,226,K,H
1A0P_A,227,H,H
1A0P_A,228,Y,H
1A0P_A,229,A,H
1A0P_A,230,V,H
1A0P_A,231,L,H
1A0P_A,232,A,C
1A0P_A,233,G,C
1A0P_A,234,I,C
1A0P_A,235,D,C
1A0P_A,236,S,H
1A0P_A,237,E,H
1A0P_A,238,K,H
1A0P_A,239,L,H
1A0P_A,240,S,H
1A0P_A,241,P,H
1A0P_A,242,H,H
1A0P_A,243,V,H
1A0P_A,244,L,H
1A0P_A,245,R,H
1A0P_A,246,H,H
1A0P_A,247,A,H
1A0P_A,248,F,H
1A0P_A,249,A,H
1A0P_A,250,T,H
1A0P_A,251,H,H
1A0P_A,252,L,H
1A0P_A,253,L,H
1A0P_A,254,N,H
1A0P_A,255,H,C
1A0P_A,256,G,C
1A0P_A,257,A,C
1A0P_A,258,D,C
1A0P_A,259,L,C
1A0P_A,260,R,C
1A0P_A,261,V,C
1A0P_A,262,V,C
1A0P_A,263,Q,C
1A0P_A,264,M,E
1A0P_A,265,L,E
1A0P_A,266,L,E
1A0P_A,267,G,C
1A0P_A,268,H,C
1A0P_A,269,S,C
1A0P_A,270,D,C
1A0P_A,271,L,C
1A0P_A,272,S,C
1A0P_A,273,T,C
1A0P_A,274,T,C
1A0P_A,275,Q,C
1A0P_A,276,I,C
1A0P_A,277,Y,H
1A0P_A,278,T,H
1A0P_A,279,H,H
1A0P_A,280,V,H
1A0P_A,281,A,H
1A0P_A,282,T,H
1A0P_A,283,E,H
1A0P_A,284,R,H
1A0P_A,285,L,H
1A0P_A,286,R,C
1A0P_A,287,Q,C
1A0P_A,288,L,C
1A0P_A,289,H,C
1A0P_A,290,Q,C
1G1L_D,1,M,C
1G1L_D,2,K,C
1G1L_D,3,R,C
1G1L_D,4,K,C
1G1L_D,5,G,E
1G1L_D,6,I,E
1G1L_D,7,I,E
1G1L_D,8,L,E
1G1L_D,9,A,E
1G1L_D,10,G,E
1G1L_D,11,G,C
1G1L_D,12,S,C
1G1L_D,13,G,C
1G1L_D,14,T,H
1G1L_D,15,R,H
1G1L_D,16,L,H
1G1L_D,17,H,H
1G1L_D,18,P,H
1G1L_D,19,A,H
1G1L_D,20,T,H
1G1L_D,21,L,H
1G1L_D,22,A,H
1G1L_D,23,I,H
1G1L_D,24,S,H
1G1L_D,25,K,H
1G1L_D,26,Q,H
1G1L_D,27,L,H
1G1L_D,28,L,H
1G1L_D,29,P,C
1G1L_D,30,V,C
1G1L_D,31,Y,C
1G1L_D,32,D,C
1G1L_D,33,K,C
1G1L_D,34,P,C
1G1L_D,35,M,C
1G1L_D,36,I,C
1G1L_D,37,Y,C
1G1L_D,38,Y,C
1G1L_D,39,P,H
1G1L_D,40,L,H
1G1L_D,41,S,H
1G1L_D,42,T,H
1G1L_D,43,L,H
1G1L_D,44,M,H
1G1L_D,45,L,H
1G1L_D,46,A,C
1G1L_D,47,G,C
1G1L_D,48,I,C
1G1L_D,49,R,C
1G1L_D,50,E,E
1G1L_D,51,I,E
1G1L_D,52,L,E
1G1L_D,53,I,E
1G1L_D,54,I,E
1G1L_D,55,S,E
1G1L_D,56,T,C
1G1L_D,57,P,C
1G1L_D,58,Q,C
1G1L_D,59,D,C
1G1L_D,60,T,H
1G1L_D,61,P,H
1G1L_D,62,R,H
1G1L_D,63,F,H
1G1L_D,64,Q,H
1G1L_D,65,Q,H
1G1L_D,66,L,H
1G1L_D,67,L,H
1G1L_D,68,G,C
1G1L_D,69,D,C
1G1L_D,70,G,C
1G1L_D,71,S,C
1G1L_D,72,N,C
1G1L_D,73,W,C
1G1L_D,74,G,E
1G1L_D,75,L,E
1G1L_D,76,D,E
1G1L_D,77,L,E
1G1L_D,78,Q,E
1G1L_D,79,Y,E
1G1L_D,80,A,E
1G1L_D,81,V,E
1G1L_D,82,Q,E
1G1L_D,83,P,C
1G1L_D,84,S,C
1G1L_D,85,P,C
1G1L_D,86,D,C
1G1L_D,87,G,H
1G1L_D,88,L,H
1G1L_D,89,A,H
1G1L_D,90,Q,H
1G1L_D,91,A,H
1G1L_D,92,F,H
1G1L_D,93,L,H
1G1L_D,94,I,H
1G1L_D,95,G,H
1G1L_D,96,E,H
1G1L_D,97,S,H
1G1L_D,98,F,C
1G1L_D,99,I,C
1G1L_D,100,G,C
1G1L_D,101,N,C
1G1L_D,102,D,C
1G1L_D,103,L,C
1G1L_D,104,S,E
1G1L_D,105,A,E
1G1L_D,106,L,E
1G1L_D,107,V,E
1G1L_D,108,L,E
1G1L_D,109,G,C
1G1L_D,110,D,C
1G1L_D,111,N,C
1G1L_D,112,L,E
1G1L_D,113,Y,E
1G1L_D,114,Y,E
1G1L_D,115,G,C
1G1L_D,116,H,C
1G1L_D,117,D,C
1G1L_D,118,F,H
1G1L_D,119,H,H
1G1L_D,120,E,H
1G1L_D,121,L,H
1G1L_D,122,L,H
1G1L_D,123,G,H
1G1L_D,124,S,H
1G1L_D,125,A,H
1G1L_D,126,S,C
1G1L_D,127,Q,C
1G1L_D,128,R,C
1G1L_D,129,Q,C
1G1L_D,130,T,C
1G1L_D,131,G,C
1G1L_D,132,A,C
1G1L_D,133,S,E
1G1L_D,134,V,E
1G1L_D,135,F,E
1G1L_D,136,A,E
1G1L_D,137,Y,E
1G1L_D,138,H,E
1G1L_D,139,V,C
1G1L_D,140,L,C
1G1L_D,141,D,C
1G1L_D,142,P,H
1G1L_D,143,E,H
1G1L_D,144,R,H
1G1L_D,145,Y,H
1G1L_D,146,G,H
1G1L_D,147,V,E
1G1L_D,148,V,E
1G1L_D,149,E,E
1G1L_D,150,F,E
1G1L_D,151,D,C
1G1L_D,152,Q,C
1G1L_D,153,G,C
1G1L_D,154,G,C
1G1L_D,155,K,C
1G1L_D,156,A,E
1G1L_D,157,I,E
1G1L_D,158,S,E
1G1L_D,159,L,E
1G1L_D,160,E,E
1G1L_D,161,E,C
1G1L_D,162,K,C
1G1L_D,163,P,C
1G1L_D,164,L,C
1G1L_D,165,E,C
1G1L_D,166,P,C
1G1L_D,167,K,C
1G1L_D,168,S,C
1G1L_D,169,N,C
1G1L_D,170,Y,E
1G1L_D,171,A,E
1G1L_D,172,V,E
1G1L_D,173,T,E
1G1L_D,174,G,E
1G1L_D,175,L,E
1G1L_D,176,Y,E
1G1L_D,177,F,E
1G1L_D,178,Y,E
1G1L_D,179,D,E
1G1L_D,180,Q,H
1G1L_D,181,Q,H
1G1L_D,182,V,H
1G1L_D,183,V,H
1G1L_D,184,D,H
1G1L_D,185,I,H
1G1L_D,186,A,H
1G1L_D,187,R,H
1G1L_D,188,D,C
1G1L_D,189,L,C
1G1L_D,190,K,C
1G1L_D,191,P,C
1G1L_D,192,S,C
1G1L_D,193,P,C
1G1L_D,194,R,C
1G1L_D,195,G,C
1G1L_D,196,E,C
1G1L_D,197,L,C
1G1L_D,198,E,E
1G1L_D,199,I,E
1G1L_D,200,T,E
1G1L_D,201,D,H
1G1L_D,202,V,H
1G1L_D,203,N,H
1G1L_D,204,R,H
1G1L_D,205,A,H
1G1L_D,206,Y,H
1G1L_D,207,L,H
1G1L_D,208,E,H
1G1L_D,209,R,C
1G1L_D,210,G,C
1G1L_D,211,Q,C
1G1L_D,212,L,E
1G1L_D,213,S,E
1G1L_D,214,V,E
1G1L_D,215,E,E
1G1L_D,216,I,E
1G1L_D,217,M,C
1G1L_D,218,G,C
1G1L_D,219,R,C
1G1L_D,220,G,C
1G1L_D,221,Y,E
1G1L_D,222,A,E
1G1L_D,223,W,E
1G1L_D,224,L,E
1G1L_D,225,D,E
1G1L_D,226,T,C
1G1L_D,227,G,C
1G1L_D,228,T,C
1G1L_D,229,H,H
1G1L_D,230,D,H
1G1L_D,231,S,H
1G1L_D,232,L,H
1G1L_D,233,L,H
1G1L_D,234,E,H
1G1L_D,235,A,H
1G1L_D,236,G,H
1G1L_D,237,Q,H
1G1L_D,238,F,H
1G1L_D,239,I,H
1G1L_D,240,A,H
1G1L_D,241,T,H
1G1L_D,242,L,H
1G1L_D,243,E,H
1G1L_D,244,N,H
1G1L_D,245,R,H
1G1L_D,246,Q,C
1G1L_D,247,G,C
1G1L_D,248,L,C
1G1L_D,249,K,C
1G1L_D,250,V,C
1G1L_D,251,A,C
1G1L_D,252,C,C
1G1L_D,253,P,H
1G1L_D,254,E,H
1G1L_D,255,E,H
1G1L_D,256,I,H
1G1L_D,257,A,H
1G1L_D,258,Y,H
1G1L_D,259,R,H
1G1L_D,260,Q,H
1G1L_D,261,K,H
1G1L_D,262,W,H
1G1L_D,263,I,H
1G1L_D,264,D,H
1G1L_D,265,A,H
1G1L_D,266,A,H
1G1L_D,267,Q,H
1G1L_D,268,L,H
1G1L_D,269,E,H
1G1L_D,270,K,H
1G1L_D,271,L,H
1G1L_D,272,A,H
1G1L_D,273,A,H
1G1L_D,274,P,H
1G1L_D,275,L,H
1G1L_D,276,A,H
1G1L_D,277,K,H
1G1L_D,278,N,H
1G1L_D,279,G,H
1G1L_D,280,Y,H
1G1L_D,281,G,H
1G1L_D,282,Q,H
1G1L_D,283,Y,H
1G1L_D,284,L,H
1G1L_D,285,K,H
1G1L_D,286,R,H
1G1L_D,287,L,H
1G1L_D,288,L,H
1G1L_D,289,T,H
1G1L_D,290,E,C
1G1L_D,291,T,C
1G1L_D,292,V,C
1G1L_D,293,Y,C
1W0C_G,1,L,C
1W0C_G,2,M,C
1W0C_G,3,P,C
1W0C_G,4,T,C
1W0C_G,5,E,C
1W0C_G,6,R,C
1W0C_G,7,I,C
1W0C_G,8,D,C
1W0C_G,9,I,C
1W0C_G,10,N,C
1W0C_G,11,E,C
1W0C_G,12,R,C
1W0C_G,13,E,C
1W0C_G,14,D,C
1W0C_G,15,C,C
1W0C_G,16,T,C
1W0C_G,17,A,C
1W0C_G,18,S,C
1W0C_G,19,E,C
1W0C_G,20,M,C
1W0C_G,21,T,C
1W0C_G,22,A,C
1W0C_G,23,P,C
1W0C_G,24,T,C
1W0C_G,25,V,C
1W0C_G,26,P,C
1W0C_G,27,V,E
1W0C_G,28,A,E
1W0C_G,29,L,E
1W0C_G,30,V,E
1W0C_G,31,T,E
1W0C_G,32,G,E
1W0C_G,33,A,H
1W0C_G,34,A,H
1W0C_G,35,K,H
1W0C_G,36,R,H
1W0C_G,37,L,H
1W0C_G,38,G,H
1W0C_G,39,R,H
1W0C_G,40,S,H
1W0C_G,41,I,H
1W0C_G,42,A,H
1W0C_G,43,E,H
1W0C_G,44,G,H
1W0C_G,45,L,H
1W0C_G,46,H,H
1W0C_G,47,A,C
1W0C_G,48,E,C
1W0C_G,49,G,C
1W0C_G,50,Y,E
1W0C_G,51,A,E
1W0C_G,52,V,E
1W0C_G,53,C,E
1W0C_G,54,L,E
1W0C_G,55,H,E
1W0C_G,56,Y,E
1W0C_G,57,H,C
1W0C_G,58,R,C
1W0C_G,59,S,C
1W0C_G,60,A,H
1W0C_G,61,A,H
1W0C_G,62,E,H
1W0C_G,63,A,H
1W0C_G,64,N,H
1W0C_G,65,A,H
1W0C_G,66,L,H
1W0C_G,67,S,H
1W0C_G,68,A,H
1W0C_G,69,T,H
1W0C_G,70,L,H
1W0C_G,71,N,H
1W0C_G,72,A,C
1W0C_G,73,R,C
1W0C_G,74,R,C
1W0C_G,75,P,C
1W0C_G,76,N,C
1W0C_G,77,S,C
1W0C_G,78,A,E
1W0C_G,79,I,E
1W0C_G,80,T,E
1W0C_G,81,V,E
1W0C_G,82,Q,E
1W0C_G,83,A,C
1W0C_G,84,D,C
1W0C_G,85,L,C
1W0C_G,86,S,C
1W0C_G,87,N,C
1W0C_G,88,V,E
1W0C_G,89,A,E
1W0C_G,90,T,E
1W0C_G,91,A,E
1W0C_G,92,P,E
1W0C_G,93,V,C
1W0C_G,94,S,C
1W0C_G,95,G,C
1W0C_G,96,A,C
1W0C_G,97,D,C
1W0C_G,98,G,C
1W0C_G,99,S,C
1W0C_G,100,A,C
1W0C_G,101,P,E
1W0C_G,102,V,E
1W0C_G,103,T,E
1W0C_G,104,L,H
1W0C_G,105,F,H
1W0C_G,106,T,H
1W0C_G,107,R,H
1W0C_G,108,C,H
1W0C_G,109,A,H
1W0C_G,110,E,H
1W0C_G,111,L,H
1W0C_G,112,V,H
1W0C_G,113,A,H
1W0C_G,114,A,H
1W0C_G,115,C,H
1W0C_G,116,Y,H
1W0C_G,117,T,H
1W0C_G,118,H,H
1W0C_G,119,W,H
1W0C_G,120,G,C
1W0C_G,121,R,C
1W0C_G,122,C,C
1W0C_G,123,D,E
1W0C_G,124,V,E
1W0C_G,125,L,E
1W0C_G,126,V,E
1W0C_G,127,N,E
1W0C_G,128,N,C
1W0C_G,129,A,C
1W0C_G,130,S,C
1W0C_G,131,S,C
1W0C_G,132,F,C
1W0C_G,133,Y,C
1W0C_G,134,P,C
1W0C_G,135,T,C
1W0C_G,136,P,C
1W0C_G,137,L,C
1W0C_G,138,L,C
1W0C_G,139,R,C
1W0C_G,140,N,C
1W0C_G,141,D,C
1W0C_G,142,E,C
1W0C_G,143,D,C
1W0C_G,144,G,C
1W0C_G,145,H,C
1W0C_G,146,E,C
1W0C_G,147,P,C
1W0C_G,148,C,C
1W0C_G,149,V,C
1W0C_G,150,G,C
1W0C_G,151,D,C
1W0C_G,152,R,H
1W0C_G,153,E,H
1W0C_G,154,A,H
1W0C_G,155,M,H
1W0C_G,156,E,H
1W0C_G,157,T,H
1W0C_G,158,A,H
1W0C_G,159,T,H
1W0C_G,160,A,H
1W0C_G,161,D,H
1W0C_G,162,L,H
1W0C_G,163,F,H
1W0C_G,164,G,C
1W0C_G,165,S,C
1W0C_G,166,N,C
1W0C_G,167,A,C
1W0C_G,168,I,H
1W0C_G,169,A,H
1W0C_G,170,P,H
1W0C_G,171,Y,H
1W0C_G,172,F,H
1W0C_G,173,L,H
1W0C_G,174,I,H
1W0C_G,175,K,H
1W0C_G,176,A,H
1W0C_G,177,F,H
1W0C_G,178,A,H
1W0C_G,179,H,H
1W0C_G,180,R,H
1W0C_G,181,V,H
1W0C_G,182,A,H
1W0C_G,183,G,C
1W0C_G,184,T,C
1W0C_G,185,P,C
1W0C_G,186,A,C
1W0C_G,187,K,C
1W0C_G,188,H,C
1W0C_G,189,R,C
1W0C_G,190,G,C
1W0C_G,191,T,C
1W0C_G,192,N,C
1W0C_G,193,Y,H
1W0C_G,194,S,H
1W0C_G,195,I,H
1W0C_G,196,I,H
1W0C_G,197,N,H
1W0C_G,198,M,H
1W0C_G,199,V,H
1W0C_G,200,D,H
1W0C_G,201,A,H
1W0C_G,202,M,H
1W0C_G,203,T,C
1W0C_G,204,N,C
1W0C_G,205,Q,C
1W0C_G,206,P,C
1W0C_G,207,L,C
1W0C_G,208,L,C
1W0C_G,209,G,C
1W0C_G,210,Y,H
1W0C_G,211,T,H
1W0C_G,212,I,H
1W0C_G,213,Y,H
1W0C_G,214,T,H
1W0C_G,215,M,H
1W0C_G,216,A,H
1W0C_G,217,K,H
1W0C_G,218,G,H
1W0C_G,219,A,H
1W0C_G,220,L,H
1W0C_G,221,E,H
1W0C_G,222,G,H
1W0C_G,223,L,H
1W0C_G,224,T,H
1W0C_G,225,R,H
1W0C_G,226,S,H
1W0C_G,227,A,H
1W0C_G,228,A,H
1W0C_G,229,L,H
1W0C_G,230,E,H
1W0C_G,231,L,C
1W0C_G,232,A,C
1W0C_G,233,P,C
1W0C_G,234,L,E
1W0C_G,235,Q,E
1W0C_G,236,I,E
1W0C_G,237,R,E
1W0C_G,238,V,E
1W0C_G,239,N,E
1W0C_G,240,G,E
1W0C_G,241,V,E
1W0C_G,242,G,C
1W0C_G,243,P,C
1W0C_G,244,G,C
1W0C_G,245,L,E
1W0C_G,246,S,E
1W0C_G,247,V,E
1W0C_G,248,L,E
1W0C_G,249,V,E
1W0C_G,250,D,C
1W0C_G,251,D,C
1W0C_G,252,M,C
1W0C_G,253,P,C
1W0C_G,254,P,H
1W0C_G,255,A,H
1W0C_G,256,V,H
1W0C_G,257,W,H
1W0C_G,258,E,H
1W0C_G,259,G,C
1W0C_G,260,H,C
1W0C_G,261,R,C
1W0C_G,262,S,C
1W0C_G,263,K,C
1W0C_G,264,V,C
1W0C_G,265,P,C
1W0C_G,266,L,E
1W0C_G,267,Y,E
1W0C_G,268,Q,E
1W0C_G,269,R,C
1W0C_G,270,D,C
1W0C_G,271,S,C
1W0C_G,272,S,C
1W0C_G,273,A,C
1W0C_G,274,A,C
1W0C_G,275,E,C
1W0C_G,276,V,E
1W0C_G,277,S,E
1W0C_G,278,D,E
1W0C_G,279,V,E
1W0C_G,280,V,E
1W0C_G,281,I,E
1W0C_G,282,F,E
1W0C_G,283,L,E
1W0C_G,284,C,E
1W0C_G,285,S,E
1W0C_G,286,S,C
1W0C_G,287,K,C
1W0C_G,288,A,C
1W0C_G,289,K,C
1W0C_G,290,Y,E
1W0C_G,291,I,E
1W0C_G,292,T,E
1W0C_G,293,G,E
1W0C_G,294,T,E
1W0C_G,295,C,E
1W0C_G,296,V,E
1W0C_G,297,K,E
1W0C_G,298,V,E
1W0C_G,299,D,C
1W0C_G,300,G,C
1W0C_G,301,G,C
1W0C_G,302,Y,C
1W0C_G,303,S,C
1W0C_G,304,L,C
1W0C_G,305,T,C
1W0C_G,306,R,C
1W0C_G,307,A,C
1W85_D,1,A,C
1W85_D,2,Q,C
1W85_D,3,M,C
1W85_D,4,T,C
1W85_D,5,M,H
1W85_D,6,V,H
1W85_D,7,Q,H
1W85_D,8,A,H
1W85_D,9,I,H
1W85_D,10,T,H
1W85_D,11,D,H
1W85_D,12,A,H
1W85_D,13,L,H
1W85_D,14,R,H
1W85_D,15,I,H
1W85_D,16,E,H
1W85_D,17,L,H
1W85_D,18,K,C
1W85_D,19,N,C
1W85_D,20,D,C
1W85_D,21,P,C
1W85_D,22,N,E
1W85_D,23,V,E
1W85_D,24,L,E
1W85_D,25,I,E
1W85_D,26,F,E
1W85_D,27,G,E
1W85_D,28,E,E
1W85_D,29,D,E
1W85_D,30,V,E
1W85_D,31,G,E
1W85_D,32,V,E
1W85_D,33,N,C
1W85_D,34,G,C
1W85_D,35,G,C
1W85_D,36,V,E
1W85_D,37,F,E
1W85_D,38,R,E
1W85_D,39,A,E
1W85_D,40,T,C
1W85_D,41,E,C
1W85_D,42,G,C
1W85_D,43,L,H
1W85_D,44,Q,H
1W85_D,45,A,H
1W85_D,46,E,H
1W85_D,47,F,C
1W85_D,48,G,C
1W85_D,49,E,C
1W85_D,50,D,C
1W85_D,51,R,E
1W85_D,52,V,E
1W85_D,53,F,E
1W85_D,54,D,C
1W85_D,55,T,C
1W85_D,56,P,C
1W85_D,57,L,H
1W85_D,58,A,H
1W85_D,59,E,H
1W85_D,60,S,H
1W85_D,61,G,H
1W85_D,62,I,H
1W85_D,63,G,H
1W85_D,64,G,H
1W85_D,65,L,H
1W85_D,66,A,H
1W85_D,67,I,H
1W85_D,68,G,H
1W85_D,69,L,H
1W85_D,70,A,H
1W85_D,71,L,H
1W85_D,72,Q,C
1W85_D,73,G,C
1W85_D,74,F,C
1W85_D,75,R,C
1W85_D,76,P,C
1W85_D,77,V,C
1W85_D,78,P,C
1W85_D,79,E,C
1W85_D,80,I,C
1W85_D,81,Q,C
1W85_D,82,F,C
1W85_D,83,F,C
1W85_D,84,G,C
1W85_D,85,F,H
1W85_D,86,V,H
1W85_D,87,Y,H
1W85_D,88,E,H
1W85_D,89,V,H
1W85_D,90,M,H
1W85_D,91,D,H
1W85_D,92,S,H
1W85_D,93,I,H
1W85_D,94,C,H
1W85_D,95,G,H
1W85_D,96,Q,H
1W85_D,97,M,H
1W85_D,98,A,H
1W85_D,99,R,H
1W85_D,100,I,H
1W85_D,101,R,H
1W85_D,102,Y,C
1W85_D,103,R,C
1W85_D,104,T,C
1W85_D,105,G,C
1W85_D,106,G,C
1W85_D,107,R,C
1W85_D,108,Y,C
1W85_D,109,H,C
1W85_D,110,M,E
1W85_D,111,P,E
1W85_D,112,I,E
1W85_D,113,T,E
1W85_D,114,I,E
1W85_D,115,R,E
1W85_D,116,S,C
1W85_D,117,P,C
1W85_D,118,F,C
1W85_D,119,G,C
1W85_D,120,G,C
1W85_D,121,G,C
1W85_D,122,V,C
1W85_D,123,H,C
1W85_D,124,T,C
1W85_D,125,P,C
1W85_D,126,E,C
1W85_D,127,L,C
1W85_D,128,H,C
1W85_D,129,S,C
1W85_D,130,D,H
1W85_D,131,S,H
1W85_D,132,L,H
1W85_D,133,E,H
1W85_D,134,G,H
1W85_D,135,L,H
1W85_D,136,V,H
1W85_D,137,A,H
1W85_D,138,Q,C
1W85_D,139,Q,C
1W85_D,140,P,C
1W85_D,141,G,C
1W85_D,142,L,C
1W85_D,143,K,E
1W85_D,144,V,E
1W85_D,145,V,E
1W85_D,146,I,E
1W85_D,147,P,C
1W85_D,148,S,C
1W85_D,149,T,C
1W85_D,150,P,C
1W85_D,151,Y,C
1W85_D,152,D,C
1W85_D,153,A,H
1W85_D,154,K,H
1W85_D,155,G,H
1W85_D,156,L,H
1W85_D,157,L,H
1W85_D,158,I,H
1W85_D,159,S,H
1W85_D,160,A,H
1W85_D,161,I,H
1W85_D,162,R,H
1W85_D,163,D,C
1W85_D,164,N,C
1W85_D,165,D,C
1W85_D,166,P,C
1W85_D,167,V,E
1W85_D,168,I,E
1W85_D,169,F,E
1W85_D,170,L,E
1W85_D,171,E,E
1W85_D,172,H,E
1W85_D,173,L,H
1W85_D,174,K,H
1W85_D,175,L,H
1W85_D,176,Y,H
1W85_D,177,R,H
1W85_D,178,S,H
1W85_D,179,F,H
1W85_D,180,R,H
1W85_D,181,Q,C
1W85_D,182,E,C
1W85_D,183,V,C
1W85_D,184,P,C
1W85_D,185,E,C
1W85_D,186,G,C
1W85_D,187,E,C
1W85_D,188,Y,E
1W85_D,189,T,E
1W85_D,190,I,E
1W85_D,191,P,C
1W85_D,192,I,C
1W85_D,193,G,C
1W85_D,194,K,C
1W85_D,195,A,C
1W85_D,196,D,C
1W85_D,197,I,E
1W85_D,198,K,E
1W85_D,199,R,E
1W85_D,200,E,C
1W85_D,201,G,C
1W85_D,202,K,C
1W85_D,203,D,C
1W85_D,204,I,E
1W85_D,205,T,E
1W85_D,206,I,E
1W85_D,207,I,E
1W85_D,208,A,E
1W85_D,209,Y,E
1W85_D,210,G,E
1W85_D,211,A,E
1W85_D,212,M,H
1W85_D,213,V,H
1W85_D,214,H,H
1W85_D,215,E,H
1W85_D,216,S,H
1W85_D,217,L,H
1W85_D,218,K,H
1W85_D,219,A,H
1W85_D,220,A,H
1W85_D,221,A,H
1W85_D,222,E,H
1W85_D,223,L,H
1W85_D,224,E,H
1W85_D,225,K,H
1W85_D,226,E,C
1W85_D,227,G,C
1W85_D,228,I,C
1W85_D,229,S,C
1W85_D,230,A,E
1W85_D,231,E,E
1W85_D,232,V,E
1W85_D,233,V,E
1W85_D,234,D,E
1W85_D,235,L,E
1W85_D,236,R,C
1W85_D,237,T,C
1W85_D,238,V,C
1W85_D,239,Q,C
1W85_D,240,P,C
1W85_D,241,L,C
1W85_D,242,D,C
1W85_D,243,I,H
1W85_D,244,E,H
1W85_D,245,T,H
1W85_D,246,I,H
1W85_D,247,I,H
1W85_D,248,G,H
1W85_D,249,S,H
1W85_D,250,V,H
1W85_D,251,E,H
1W85_D,252,K,H
1W85_D,253,T,C
1W85_D,254,G,C
1W85_D,255,R,C
1W85_D,256,A,E
1W85_D,257,I,E
1W85_D,258,V,E
1W85_D,259,V,E
1W85_D,260,Q,E
1W85_D,261,E,E
1W85_D,262,A,E
1W85_D,263,Q,H
1W85_D,264,R,H
1W85_D,265,Q,H
1W85_D,266,A,C
1W85_D,267,G,C
1W85_D,268,I,C
1W85_D,269,A,H
1W85_D,270,A,H
1W85_D,271,N,H
1W85_D,272,V,H
1W85_D,273,V,H
1W85_D,274,A,H
1W85_D,275,E,H
1W85_D,276,I,H
1W85_D,277,N,H
1W85_D,278,E,H
1W85_D,279,R,H
1W85_D,280,A,H
1W85_D,281,I,H
1W85_D,282,L,H
1W85_D,283,S,H
1W85_D,284,L,C
1W85_D,285,E,C
1W85_D,286,A,C
1W85_D,287,P,C
1W85_D,288,V,C
1W85_D,289,L,E
1W85_D,290,R,E
1W85_D,291,V,E
1W85_D,292,A,C
1W85_D,293,A,C
1W85_D,294,P,C
1W85_D,295,D,C
1W85_D,296,T,C
1W85_D,297,V,C
1W85_D,298,Y,C
1W85_D,299,P,C
1W85_D,300,F,C
1W85_D,301,A,C
1W85_D,302,Q,C
1W85_D,303,A,C
1W85_D,304,E,C
1W85_D,305,S,C
1W85_D,306,V,C
1W85_D,307,W,C
1W85_D,308,L,C
1W85_D,309,P,C
1W85_D,310,N,C
1W85_D,311,F,H
1W85_D,312,K,H
1W85_D,313,D,H
1W85_D,314,V,H
1W85_D,315,I,H
1W85_D,316,E,H
1W85_D,317,T,H
1W85_D,318,A,H
1W85_D,319,K,H
1W85_D,320,K,H
1W85_D,321,V,H
1W85_D,322,M,C
1W85_D,323,N,C
1W85_D,324,F,C
4MJ3_D,1,M,C
4MJ3_D,2,D,C
4MJ3_D,3,V,C
4MJ3_D,4,L,C
4MJ3_D,5,R,C
4MJ3_D,6,T,C
4MJ3_D,7,P,H
4MJ3_D,8,D,H
4MJ3_D,9,E,H
4MJ3_D,10,R,H
4MJ3_D,11,F,H
4MJ3_D,12,T,C
4MJ3_D,13,A,C
4MJ3_D,14,L,C
4MJ3_D,15,P,C
4MJ3_D,16,D,C
4MJ3_D,17,F,C
4MJ3_D,18,P,C
4MJ3_D,19,F,C
4MJ3_D,20,A,C
4MJ3_D,21,P,C
4MJ3_D,22,R,E
4MJ3_D,23,Y,E
4MJ3_D,24,V,E
4MJ3_D,25,E,E
4MJ3_D,26,V,E
4MJ3_D,27,D,E
4MJ3_D,28,S,C
4MJ3_D,29,G,C
4MJ3_D,30,D,C
4MJ3_D,31,G,C
4MJ3_D,32,G,E
4MJ3_D,33,T,E
4MJ3_D,34,L,E
4MJ3_D,35,R,E
4MJ3_D,36,M,E
4MJ3_D,37,H,E
4MJ3_D,38,Y,E
4MJ3_D,39,L,C
4MJ3_D,40,D,C
4MJ3_D,41,E,C
4MJ3_D,42,G,C
4MJ3_D,43,R,C
4MJ3_D,44,S,C
4MJ3_D,45,D,C
4MJ3_D,46,G,C
4MJ3_D,47,E,E
4MJ3_D,48,V,E
4MJ3_D,49,V,E
4MJ3_D,50,L,E
4MJ3_D,51,L,E
4MJ3_D,52,L,E
4MJ3_D,53,H,E
4MJ3_D,54,G,C
4MJ3_D,55,E,C
4MJ3_D,56,P,C
4MJ3_D,57,S,C
4MJ3_D,58,W,H
4MJ3_D,59,S,H
4MJ3_D,60,Y,H
4MJ3_D,61,L,H
4MJ3_D,62,Y,H
4MJ3_D,63,R,H
4MJ3_D,64,W,H
4MJ3_D,65,M,H
4MJ3_D,66,I,H
4MJ3_D,67,P,H
4MJ3_D,68,V,H
4MJ3_D,69,L,H
4MJ3_D,70,V,H
4MJ3_D,71,E,H
4MJ3_D,72,A,H
4MJ3_D,73,G,C
4MJ3_D,74,L,C
4MJ3_D,75,R,C
4MJ3_D,76,A,E
4MJ3_D,77,V,E
4MJ3_D,78,A,E
4MJ3_D,79,I,E
4MJ3_D,80,D,E
4MJ3_D,81,L,H
4MJ3_D,82,V,H
4MJ3_D,83,G,H
4MJ3_D,84,F,C
4MJ3_D,85,G,C
4MJ3_D,86,R,C
4MJ3_D,87,S,C
4MJ3_D,88,D,C
4MJ3_D,89,K,C
4MJ3_D,90,P,C
4MJ3_D,91,T,C
4MJ3_D,92,S,C
4MJ3_D,93,R,C
4MJ3_D,94,D,C
4MJ3_D,95,D,C
4MJ3_D,96,Y,E
4MJ3_D,97,T,E
4MJ3_D,98,Y,E
4MJ3_D,99,Q,E
4MJ3_D,100,A,H
4MJ3_D,101,H,H
4MJ3_D,102,V,H
4MJ3_D,103,D,H
4MJ3_D,104,W,H
4MJ3_D,105,M,H
4MJ3_D,106,W,H
4MJ3_D,107,A,H
4MJ3_D,108,A,H
4MJ3_D,109,I,H
4MJ3_D,110,E,H
4MJ3_D,111,E,H
4MJ3_D,112,I,C
4MJ3_D,113,G,C
4MJ3_D,114,L,C
4MJ3_D,115,A,C
4MJ3_D,116,D,C
4MJ3_D,117,V,E
4MJ3_D,118,T,E
4MJ3_D,119,L,E
4MJ3_D,120,V,E
4MJ3_D,121,C,E
4MJ3_D,122,Q,C
4MJ3_D,123,D,C
4MJ3_D,124,W,C
4MJ3_D,125,G,C
4MJ3_D,126,G,C
4MJ3_D,127,L,C
4MJ3_D,128,I,C
4MJ3_D,129,G,C
4MJ3_D,130,L,H
4MJ3_D,131,R,H
4MJ3_D,132,L,H
4MJ3_D,133,V,H
4MJ3_D,134,G,H
4MJ3_D,135,E,H
4MJ3_D,136,H,H
4MJ3_D,137,P,H
4MJ3_D,138,D,H
4MJ3_D,139,R,H
4MJ3_D,140,F,H
4MJ3_D,141,A,H
4MJ3_D,142,R,H
4MJ3_D,143,V,H
4MJ3_D,144,V,H
4MJ3_D,145,A,H
4MJ3_D,146,A,H
4MJ3_D,147,N,C
4MJ3_D,148,T,C
4MJ3_D,149,M,C
4MJ3_D,150,L,C
4MJ3_D,151,P,C
4MJ3_D,152,T,C
4MJ3_D,153,G,C
4MJ3_D,154,D,C
4MJ3_D,155,H,C
4MJ3_D,156,H,C
4MJ3_D,157,P,C
4MJ3_D,158,G,H
4MJ3_D,159,E,H
4MJ3_D,160,A,H
4MJ3_D,161,F,H
4MJ3_D,162,L,H
4MJ3_D,163,A,H
4MJ3_D,164,W,H
4MJ3_D,165,Q,H
4MJ3_D,166,K,H
4MJ3_D,167,F,C
4MJ3_D,168,S,C
4MJ3_D,169,Q,C
4MJ3_D,170,E,C
4MJ3_D,171,V,C
4MJ3_D,172,P,C
4MJ3_D,173,L,C
4MJ3_D,174,F,C
4MJ3_D,175,P,C
4MJ3_D,176,A,C
4MJ3_D,177,G,C
4MJ3_D,178,Q,E
4MJ3_D,179,I,E
4MJ3_D,180,V,E
4MJ3_D,181,N,C
4MJ3_D,182,G,C
4MJ3_D,183,G,C
4MJ3_D,184,S,C
4MJ3_D,185,L,C
4MJ3_D,186,S,C
4MJ3_D,187,T,C
4MJ3_D,188,L,C
4MJ3_D,189,S,C
4MJ3_D,190,A,H
4MJ3_D,191,E,H
4MJ3_D,192,T,H
4MJ3_D,193,I,H
4MJ3_D,194,A,H
4MJ3_D,195,A,H
4MJ3_D,196,Y,C
4MJ3_D,197,D,C
4MJ3_D,198,A,C
4MJ3_D,199,P,C
4MJ3_D,200,F,C
4MJ3_D,201,P,C
4MJ3_D,202,D,C
4MJ3_D,203,A,C
4MJ3_D,204,S,C
4MJ3_D,205,Y,C
4MJ3_D,206,Q,C
4MJ3_D,207,A,C
4MJ3_D,208,G,C
4MJ3_D,209,A,C
4MJ3_D,210,R,C
4MJ3_D,211,Q,C
4MJ3_D,212,F,C
4MJ3_D,213,P,C
4MJ3_D,214,M,E
4MJ3_D,215,L,E
4MJ3_D,216,V,E
4MJ3_D,217,P,E
4MJ3_D,218,I,C
4MJ3_D,219,S,C
4MJ3_D,220,P,C
4MJ3_D,221,D,C
4MJ3_D,222,D,C
4MJ3_D,223,P,C
4MJ3_D,224,A,C
4MJ3_D,225,T,C
4MJ3_D,226,P,H
4MJ3_D,227,A,H
4MJ3_D,228,N,H
4MJ3_D,229,R,H
4MJ3_D,230,K,H
4MJ3_D,231,A,H
4MJ3_D,232,W,H
4MJ3_D,233,A,H
4MJ3_D,234,A,H
4MJ3_D,235,L,H
4MJ3_D,236,G,H
4MJ3_D,237,R,H
4MJ3_D,238,F,C
4MJ3_D,239,E,C
4MJ3_D,240,K,C
4MJ3_D,241,P,H
4MJ3_D,242,F,H
4MJ3_D,243,L,H
4MJ3_D,244,S,H
4MJ3_D,245,A,H
4MJ3_D,246,F,H
4MJ3_D,247,S,C
4MJ3_D,248,D,C
4MJ3_D,249,S,C
4MJ3_D,250,D,C
4MJ3_D,251,P,C
4MJ3_D,252,I,C
4MJ3_D,253,T,C
4MJ3_D,254,G,C
4MJ3_D,255,A,C
4MJ3_D,256,A,C
4MJ3_D,257,E,C
4MJ3_D,258,P,H
4MJ3_D,259,V,H
4MJ3_D,260,L,H
4MJ3_D,261,R,H
4MJ3_D,262,G,C
4MJ3_D,263,H,C
4MJ3_D,264,V,C
4MJ3_D,265,P,C
4MJ3_D,266,G,C
4MJ3_D,267,A,C
4MJ3_D,268,R,C
4MJ3_D,269,G,C
4MJ3_D,270,Q,C
4MJ3_D,271,S,C
4MJ3_D,272,H,E
4MJ3_D,273,V,E
4MJ3_D,274,T,E
4MJ3_D,275,I,E
4MJ3_D,276,A,E
4MJ3_D,277,G,E
4MJ3_D,278,A,C
4MJ3_D,279,G,C
4MJ3_D,280,H,C
4MJ3_D,281,F,C
4MJ3_D,282,L,C
4MJ3_D,283,Q,C
4MJ3_D,284,E,H
4MJ3_D,285,D,H
4MJ3_D,286,K,H
4MJ3_D,287,G,H
4MJ3_D,288,R,H
4MJ3_D,289,E,H
4MJ3_D,290,L,H
4MJ3_D,291,A,H
4MJ3_D,292,E,H
4MJ3_D,293,A,H
4MJ3_D,294,V,H
4MJ3_D,295,V,H
4MJ3_D,296,T,H
4MJ3_D,297,F,H
4MJ3_D,298,V,H
4MJ3_D,299,R,H
4MJ3_D,300,A,C
4MJ3_D,301,N,C
4MJ3_D,302,P,C
4MJ3_D,303,R,C
4MJ3_D,304,A,C
4MJ3_D,305,E,C
4MJ3_D,306,L,C
4MJ3_D,307,N,C
4MJ3_D,308,S,C
4MJ3_D,309,S,C
4MJ3_D,310,S,H
4MJ3_D,311,V,H
4MJ3_D,312,D,H
4MJ3_D,313,K,H
4MJ3_D,314,L,H
4MJ3_D,315,A,C
4MJ3_D,316,A,C
4MJ3_D,317,A,C
4MJ3_D,318,L,C
4MJ3_D,319,E,C
4MJ3_D,320,H,C
4MJ3_D,321,H,C
4MJ3_D,322,H,C
4MJ3_D,323,H,C
4MJ3_D,324,H,C
4MJ3_D,325,H,C
5P10_A,1,S,C
5P10_A,2,T,C
5P10_A,3,G,C
5P10_A,4,S,C
5P10_A,5,A,E
5P10_A,6,T,E
5P10_A,7,T,E
5P10_A,8,T,C
5P10_A,9,P,C
5P10_A,10,I,C
5P10_A,11,D,C
5P10_A,12,S,C
5P10_A,13,L,C
5P10_A,14,D,C
5P10_A,15,D,C
5P10_A,16,A,C
5P10_A,17,Y,E
5P10_A,18,I,E
5P10_A,19,T,E
5P10_A,20,P,E
5P10_A,21,V,E
5P10_A,22,Q,E
5P10_A,23,I,E
5P10_A,24,G,C
5P10_A,25,T,C
5P10_A,26,P,C
5P10_A,27,A,C
5P10_A,28,Q,C
5P10_A,29,T,E
5P10_A,30,L,E
5P10_A,31,N,E
5P10_A,32,L,E
5P10_A,33,D,E
5P10_A,34,F,E
5P10_A,35,D,C
5P10_A,36,T,C
5P10_A,37,G,C
5P10_A,38,S,C
5P10_A,39,S,C
5P10_A,40,D,C
5P10_A,41,L,E
5P10_A,42,W,E
5P10_A,43,V,E
5P10_A,44,F,E
5P10_A,45,S,C
5P10_A,46,S,C
5P10_A,47,E,C
5P10_A,48,T,C
5P10_A,49,T,C
5P10_A,50,A,C
5P10_A,51,S,C
5P10_A,52,E,C
5P10_A,53,V,C
5P10_A,54,D,C
5P10_A,55,G,C
5P10_A,56,Q,C
5P10_A,57,T,C
5P10_A,58,I,C
5P10_A,59,Y,C
5P10_A,60,T,C
5P10_A,61,P,C
5P10_A,62,S,C
5P10_A,63,K,C
5P10_A,64,S,C
5P10_A,65,T,C
5P10_A,66,T,C
5P10_A,67,A,C
5P10_A,68,K,E
5P10_A,69,L,E
5P10_A,70,L,E
5P10_A,71,S,E
5P10_A,72,G,E
5P10_A,73,A,E
5P10_A,74,T,E
5P10_A,75,W,E
5P10_A,76,S,E
5P10_A,77,I,E
5P10_A,78,S,E
5P10_A,79,Y,C
5P10_A,80,G,C
5P10_A,81,D,C
5P10_A,82,G,C
5P10_A,83,S,C
5P10_A,84,S,C
5P10_A,85,S,C
5P10_A,86,S,C
5P10_A,87,G,C
5P10_A,88,D,E
5P10_A,89,V,E
5P10_A,90,Y,E
5P10_A,91,T,E
5P10_A,92,D,E
5P10_A,93,T,E
5P10_A,94,V,E
5P10_A,95,S,E
5P10_A,96,V,E
5P10_A,97,G,E
5P10_A,98,G,E
5P10_A,99,L,E
5P10_A,100,T,E
5P10_A,101,V,E
5P10_A,102,T,E
5P10_A,103,G,E
5P10_A,104,Q,E
5P10_A,105,A,E
5P10_A,106,V,E
5P10_A,107,E,E
5P10_A,108,S,E
5P10_A,109,A,E
5P10_A,110,K,E
5P10_A,111,K,E
5P10_A,112,V,E
5P10_A,113,S,H
5P10_A,114,S,H
5P10_A,115,S,H
5P10_A,116,F,H
5P10_A,117,T,H
5P10_A,118,E,H
5P10_A,119,D,C
5P10_A,120,S,C
5P10_A,121,T,C
5P10_A,122,I,C
5P10_A,123,D,C
5P10_A,124,G,E
5P10_A,125,L,E
5P10_A,126,L,E
5P10_A,127,G,E
5P10_A,128,L,E
5P10_A,129,A,E
5P10_A,130,F,H
5P10_A,131,S,H
5P10_A,132,T,H
5P10_A,133,L,H
5P10_A,134,N,C
5P10_A,135,T,C
5P10_A,136,V,C
5P10_A,137,S,C
5P10_A,138,P,C
5P10_A,139,T,C
5P10_A,140,Q,C
5P10_A,141,Q,C
5P10_A,142,K,C
5P10_A,143,T,C
5P10_A,144,F,H
5P10_A,145,F,H
5P10_A,146,D,H
5P10_A,147,N,H
5P10_A,148,A,H
5P10_A,149,K,H
5P10_A,150,A,H
5P10_A,151,S,H
5P10_A,152,L,C
5P10_A,153,D,C
5P10_A,154,S,C
5P10_A,155,P,C
5P10_A,156,V,E
5P10_A,157,F,E
5P10_A,158,T,E
5P10_A,159,A,E
5P10_A,160,D,E
5P10_A,161,L,C
5P10_A,162,G,C
5P10_A,163,Y,C
5P10_A,164,H,C
5P10_A,165,A,C
5P10_A,166,P,C
5P10_A,167,G,C
5P10_A,168,T,E
5P10_A,169,Y,E
5P10_A,170,N,E
5P10_A,171,F,E
5P10_A,172,G,C
5P10_A,173,F,C
5P10_A,174,I,C
5P10_A,175,D,C
5P10_A,176,T,C
5P10_A,177,T,C
5P10_A,178,A,C
5P10_A,179,Y,C
5P10_A,180,T,C
5P10_A,181,G,C
5P10_A,182,S,E
5P10_A,183,I,E
5P10_A,184,T,E
5P10_A,185,Y,E
5P10_A,186,T,E
5P10_A,187,A,E
5P10_A,188,V,E
5P10_A,189,S,E
5P10_A,190,T,C
5P10_A,191,K,C
5P10_A,192,Q,C
5P10_A,193,G,C
5P10_A,194,F,C
5P10_A,195,W,E
5P10_A,196,E,E
5P10_A,197,W,E
5P10_A,198,T,E
5P10_A,199,S,E
5P10_A,200,T,E
5P10_A,201,G,E
5P10_A,202,Y,E
5P10_A,203,A,E
5P10_A,204,V,E
5P10_A,205,G,E
5P10_A,206,S,C
5P10_A,207,G,C
5P10_A,208,T,C
5P10_A,209,F,E
5P10_A,210,K,E
5P10_A,211,S,E
5P10_A,212,T,E
5P10_A,213,S,E
5P10_A,214,I,E
5P10_A,215,D,E
5P10_A,216,G,E
5P10_A,217,I,E
5P10_A,218,A,E
5P10_A,219,D,C
5P10_A,220,T,C
5P10_A,221,G,C
5P10_A,222,T,C
5P10_A,223,T,C
5P10_A,224,L,E
5P10_A,225,L,E
5P10_A,226,Y,E
5P10_A,227,L,E
5P10_A,228,P,E
5P10_A,229,A,H
5P10_A,230,T,H
5P10_A,231,V,H
5P10_A,232,V,H
5P10_A,233,S,H
5P10_A,234,A,H
5P10_A,235,Y,H
5P10_A,236,W,H
5P10_A,237,A,H
5P10_A,238,Q,C
5P10_A,239,V,C
5P10_A,240,S,C
5P10_A,241,G,C
5P10_A,242,A,C
5P10_A,243,K,E
5P10_A,244,S,E
5P10_A,245,S,E
5P10_A,246,S,C
5P10_A,247,S,C
5P10_A,248,V,C
5P10_A,249,G,E
5P10_A,250,G,E
5P10_A,251,Y,E
5P10_A,252,V,E
5P10_A,253,F,E
5P10_A,254,P,E
5P10_A,255,C,C
5P10_A,256,S,C
5P10_A,257,A,C
5P10_A,258,T,C
5P10_A,259,L,C
5P10_A,260,P,C
5P10_A,261,S,C
5P10_A,262,F,E
5P10_A,263,T,E
5P10_A,264,F,E
5P10_A,265,G,E
5P10_A,266,V,E
5P10_A,267,G,E
5P10_A,268,S,E
5P10_A,269,A,E
5P10_A,270,R,E
5P10_A,271,I,E
5P10_A,272,V,E
5P10_A,273,I,E
5P10_A,274,P,E
5P10_A,275,G,H
5P10_A,276,D,H
5P10_A,277,Y,H
5P10_A,278,I,H
5P10_A,279,D,E
5P10_A,280,F,E
5P10_A,281,G,E
5P10_A,282,P,C
5P10_A,283,I,C
5P10_A,284,S,C
5P10_A,285,T,C
5P10_A,286,G,C
5P10_A,287,S,C
5P10_A,288,S,C
5P10_A,289,S,C
5P10_A,290,C,E
5P10_A,291,F,E
5P10_A,292,G,E
5P10_A,293,G,E
5P10_A,294,I,E
5P10_A,295,Q,E
5P10_A,296,S,C
5P10_A,297,S,C
5P10_A,298,A,C
5P10_A,299,G,C
5P10_A,300,I,C
5P10_A,301,G,E
5P10_A,302,I,E
5P10_A,303,N,E
5P10_A,304,I,E
5P10_A,305,F,E
5P10_A,306,G,E
5P10_A,307,D,H
5P10_A,308,V,H
5P10_A,309,A,H
5P10_A,310,L,H
5P10_A,311,K,H
5P10_A,312,A,E
5P10_A,313,A,E
5P10_A,314,F,E
5P10_A,315,V,E
5P10_A,316,V,E
5P10_A,317,F,E
5P10_A,318,N,E
5P10_A,319,G,C
5P10_A,320,A,C
5P10_A,321,T,C
5P10_A,322,T,C
5P10_A,323,P,C
5P10_A,324,T,E
5P10_A,325,L,E
5P10_A,326,G,E
5P10_A,327,F,C
5P10_A,328,A,C
5P10_A,329,S,C
5P10_A,330,K,C
2G21_A,1,S,E
2G21_A,2,S,E
2G21_A,3,V,E
2G21_A,4,I,E
2G21_A,5,L,E
2G21_A,6,T,E
2G21_A,7,N,E
2G21_A,8,Y,E
2G21_A,9,M,E
2G21_A,10,D,E
2G21_A,11,T,E
2G21_A,12,Q,E
2G21_A,13,Y,E
2G21_A,14,Y,E
2G21_A,15,G,E
2G21_A,16,E,E
2G21_A,17,I,E
2G21_A,18,G,E
2G21_A,19,I,E
2G21_A,20,G,C
2G21_A,21,T,C
2G21_A,22,P,C
2G21_A,23,P,C
2G21_A,24,Q,E
2G21_A,25,T,E
2G21_A,26,F,E
2G21_A,27,K,E
2G21_A,28,V,E
2G21_A,29,V,E
2G21_A,30,F,E
2G21_A,31,D,E
2G21_A,32,T,C
2G21_A,33,G,C
2G21_A,34,S,C
2G21_A,35,S,C
2G21_A,36,N,E
2G21_A,37,V,E
2G21_A,38,W,E
2G21_A,39,V,E
2G21_A,40,P,E
2G21_A,41,S,H
2G21_A,42,S,H
2G21_A,43,K,H
2G21_A,44,C,C
2G21_A,45,S,C
2G21_A,46,R,C
2G21_A,47,L,C
2G21_A,48,Y,H
2G21_A,49,T,H
2G21_A,50,A,H
2G21_A,51,C,H
2G21_A,52,V,H
2G21_A,53,Y,H
2G21_A,54,H,H
2G21_A,55,K,H
2G21_A,56,L,H
2G21_A,57,F,H
2G21_A,58,D,H
2G21_A,59,A,H
2G21_A,60,S,H
2G21_A,61,D,C
2G21_A,62,S,C
2G21_A,63,S,C
2G21_A,64,S,C
2G21_A,65,Y,C
2G21_A,66,K,C
2G21_A,67,H,C
2G21_A,68,N,C
2G21_A,69,G,C
2G21_A,70,T,E
2G21_A,71,E,E
2G21_A,72,L,E
2G21_A,73,T,E
2G21_A,74,L,E
2G21_A,75,R,E
2G21_A,76,Y,E
2G21_A,77,S,C
2G21_A,78,T,C
2G21_A,79,G,C
2G21_A,80,T,E
2G21_A,81,V,E
2G21_A,82,S,E
2G21_A,83,G,E
2G21_A,84,F,E
2G21_A,85,L,E
2G21_A,86,S,E
2G21_A,87,Q,E
2G21_A,88,D,E
2G21_A,89,I,E
2G21_A,90,I,E
2G21_A,91,T,E
2G21_A,92,V,E
2G21_A,93,G,E
2G21_A,94,G,E
2G21_A,95,I,E
2G21_A,96,T,E
2G21_A,97,V,E
2G21_A,98,T,E
2G21_A,99,Q,E
2G21_A,100,M,E
2G21_A,101,F,E
2G21_A,102,G,E
2G21_A,103,E,E
2G21_A,104,V,E
2G21_A,105,T,E
2G21_A,106,E,C
2G21_A,107,M,C
2G21_A,108,P,C
2G21_A,109,A,H
2G21_A,110,L,H
2G21_A,111,P,H
2G21_A,112,F,H
2G21_A,113,M,H
2G21_A,114,L,H
2G21_A,115,A,C
2G21_A,116,E,C
2G21_A,117,F,C
2G21_A,118,D,C
2G21_A,119,G,C
2G21_A,120,V,E
2G21_A,121,V,E
2G21_A,122,G,E
2G21_A,123,M,E
2G21_A,124,G,E
2G21_A,125,F,H
2G21_A,126,I,H
2G21_A,127,E,H
2G21_A,128,Q,H
2G21_A,129,A,H
2G21_A,130,I,H
2G21_A,131,G,H
2G21_A,132,R,H
2G21_A,133,V,H
2G21_A,134,T,H
2G21_A,135,P,H
2G21_A,136,I,H
2G21_A,137,F,H
2G21_A,138,D,H
2G21_A,139,N,H
2G21_A,140,I,H
2G21_A,141,I,H
2G21_A,142,S,H
2G21_A,143,Q,C
2G21_A,144,G,C
2G21_A,145,V,C
2G21_A,146,L,C
2G21_A,147,K,C
2G21_A,148,E,C
2G21_A,149,D,C
2G21_A,150,V,E
2G21_A,151,F,E
2G21_A,152,S,E
2G21_A,153,F,E
2G21_A,154,Y,E
2G21_A,155,Y,E
2G21_A,156,N,E
2G21_A,157,R,C
2G21_A,158,D,C
2G21_A,159,S,C
2G21_A,160,E,C
2G21_A,161,N,C
2G21_A,162,S,C
2G21_A,163,Q,C
2G21_A,164,S,C
2G21_A,165,L,C
2G21_A,166,G,C
2G21_A,167,G,C
2G21_A,168,Q,E
2G21_A,169,I,E
2G21_A,170,V,E
2G21_A,171,L,E
2G21_A,172,G,E
2G21_A,173,G,C
2G21_A,174,S,C
2G21_A,175,D,C
2G21_A,176,P,C
2G21_A,177,Q,C
2G21_A,178,H,C
2G21_A,179,Y,C
2G21_A,180,E,C
2G21_A,181,G,C
2G21_A,182,N,C
2G21_A,183,F,E
2G21_A,184,H,E
2G21_A,185,Y,E
2G21_A,186,I,E
2G21_A,187,N,E
2G21_A,188,L,E
2G21_A,189,I,E
2G21_A,190,K,E
2G21_A,191,T,E
2G21_A,192,G,E
2G21_A,193,V,E
2G21_A,194,W,E
2G21_A,195,Q,E
2G21_A,196,I,E
2G21_A,197,Q,E
2G21_A,198,M,E
2G21_A,199,K,E
2G21_A,200,G,E
2G21_A,201,V,E
2G21_A,202,S,E
2G21_A,203,V,E
2G21_A,204,G,C
2G21_A,205,S,C
2G21_A,206,S,C
2G21_A,207,T,E
2G21_A,208,L,E
2G21_A,209,L,E
2G21_A,210,C,E
2G21_A,211,E,C
2G21_A,212,D,C
2G21_A,213,G,C
2G21_A,214,C,E
2G21_A,215,L,E
2G21_A,216,A,E
2G21_A,217,L,E
2G21_A,218,V,E
2G21_A,219,D,E
2G21_A,220,T,C
2G21_A,221,G,C
2G21_A,222,A,C
2G21_A,223,S,C
2G21_A,224,Y,E
2G21_A,225,I,E
2G21_A,226,S,E
2G21_A,227,G,E
2G21_A,228,S,E
2G21_A,229,T,H
2G21_A,230,S,H
2G21_A,231,S,H
2G21_A,232,I,H
2G21_A,233,E,H
2G21_A,234,K,H
2G21_A,235,L,H
2G21_A,236,M,H
2G21_A,237,E,H
2G21_A,238,A,H
2G21_A,239,L,C
2G21_A,240,G,C
2G21_A,241,A,C
2G21_A,242,K,C
2G21_A,243,K,C
2G21_A,244,R,C
2G21_A,245,L,C
2G21_A,246,F,C
2G21_A,247,D,C
2G21_A,248,Y,E
2G21_A,249,V,E
2G21_A,250,V,E
2G21_A,251,K,E
2G21_A,252,C,E
2G21_A,253,N,C
2G21_A,254,E,C
2G21_A,255,G,C
2G21_A,256,P,C
2G21_A,257,T,C
2G21_A,258,L,C
2G21_A,259,P,C
2G21_A,260,D,C
2G21_A,261,I,E
2G21_A,262,S,E
2G21_A,263,F,E
2G21_A,264,H,E
2G21_A,265,L,E
2G21_A,266,G,C
2G21_A,267,G,C
2G21_A,268,K,C
2G21_A,269,E,E
2G21_A,270,Y,E
2G21_A,271,T,E
2G21_A,272,L,E
2G21_A,273,T,E
2G21_A,274,S,H
2G21_A,275,A,H
2G21_A,276,D,H
2G21_A,277,Y,H
2G21_A,278,V,H
2G21_A,279,F,H
2G21_A,280,Q,C
2G21_A,281,E,C
2G21_A,282,S,C
2G21_A,283,Y,C
2G21_A,284,S,C
2G21_A,285,S,C
2G21_A,286,K,C
2G21_A,287,K,C
2G21_A,288,L,E
2G21_A,289,C,E
2G21_A,290,T,E
2G21_A,291,L,E
2G21_A,292,A,E
2G21_A,293,I,E
2G21_A,294,H,E
2G21_A,295,A,C
2G21_A,296,M,C
2G21_A,297,D,C
2G21_A,298,I,C
2G21_A,299,P,C
2G21_A,300,P,C
2G21_A,301,P,C
2G21_A,302,T,C
2G21_A,303,G,C
2G21_A,304,P,C
2G21_A,305,T,C
2G21_A,306,W,C
2G21_A,307,A,H
2G21_A,308,L,H
2G21_A,309,G,H
2G21_A,310,A,H
2G21_A,311,T,H
2G21_A,312,F,H
2G21_A,313,I,H
2G21_A,314,R,H
2G21_A,315,K,H
2G21_A,316,F,H
2G21_A,317,Y,H
2G21_A,318,T,H
2G21_A,319,E,H
2G21_A,320,F,H
2G21_A,321,D,C
2G21_A,322,R,C
2G21_A,323,R,C
2G21_A,324,N,C
2G21_A,325,N,C
2G21_A,326,R,E
2G21_A,327,I,E
2G21_A,328,G,E
2G21_A,329,F,E
2G21_A,330,A,E
2G21_A,331,L,C
2G21_A,332,A,C
2G21_A,333,R,C
2BZN_E,1,M,C
2BZN_E,2,G,C
2BZN_E,3,S,C
2BZN_E,4,S,C
2BZN_E,5,H,C
2BZN_E,6,H,C
2BZN_E,7,H,C
2BZN_E,8,H,C
2BZN_E,9,H,C
2BZN_E,10,H,C
2BZN_E,11,S,C
2BZN_E,12,S,C
2BZN_E,13,G,C
2BZN_E,14,L,C
2BZN_E,15,V,C
2BZN_E,16,P,C
2BZN_E,17,R,C
2BZN_E,18,G,C
2BZN_E,19,S,C
2BZN_E,20,L,C
2BZN_E,21,D,C
2BZN_E,22,F,H
2BZN_E,23,K,H
2BZN_E,24,D,H
2BZN_E,25,V,H
2BZN_E,26,L,H
2BZN_E,27,L,C
2BZN_E,28,R,C
2BZN_E,29,P,C
2BZN_E,30,K,C
2BZN_E,31,R,C
2BZN_E,32,S,C
2BZN_E,33,T,C
2BZN_E,34,L,C
2BZN_E,35,K,C
2BZN_E,36,S,C
2BZN_E,37,R,C
2BZN_E,38,S,C
2BZN_E,39,E,C
2BZN_E,40,V,C
2BZN_E,41,D,C
2BZN_E,42,L,C
2BZN_E,43,T,C
2BZN_E,44,R,E
2BZN_E,45,S,E
2BZN_E,46,F,E
2BZN_E,47,S,E
2BZN_E,48,F,E
2BZN_E,49,R,E
2BZN_E,50,N,C
2BZN_E,51,S,C
2BZN_E,52,K,C
2BZN_E,53,Q,C
2BZN_E,54,T,C
2BZN_E,55,Y,C
2BZN_E,56,S,C
2BZN_E,57,G,C
2BZN_E,58,V,C
2BZN_E,59,P,E
2BZN_E,60,I,E
2BZN_E,61,I,E
2BZN_E,62,A,E
2BZN_E,63,A,E
2BZN_E,64,N,E
2BZN_E,65,M,C
2BZN_E,66,D,C
2BZN_E,67,T,C
2BZN_E,68,V,C
2BZN_E,69,G,C
2BZN_E,70,T,H
2BZN_E,71,F,H
2BZN_E,72,E,H
2BZN_E,73,M,H
2BZN_E,74,A,H
2BZN_E,75,K,H
2BZN_E,76,V,H
2BZN_E,77,L,H
2BZN_E,78,C,H
2BZN_E,79,K,H
2BZN_E,80,F,H
2BZN_E,81,S,H
2BZN_E,82,L,H
2BZN_E,83,F,H
2BZN_E,84,T,H
2BZN_E,85,A,H
2BZN_E,86,V,C
2BZN_E,87,H,C
2BZN_E,88,K,C
2BZN_E,89,H,C
2BZN_E,90,Y,C
2BZN_E,91,S,C
2BZN_E,92,L,H
2BZN_E,93,V,H
2BZN_E,94,Q,H
2BZN_E,95,W,H
2BZN_E,96,Q,H
2BZN_E,97,E,H
2BZN_E,98,F,H
2BZN_E,99,A,H
2BZN_E,100,G,C
2BZN_E,101,Q,C
2BZN_E,102,N,C
2BZN_E,103,P,H
2BZN_E,104,D,H
2BZN_E,105,C,H
2BZN_E,106,L,H
2BZN_E,107,E,H
2BZN_E,108,H,H
2BZN_E,109,L,H
2BZN_E,110,A,H
2BZN_E,111,A,H
2BZN_E,112,S,C
2BZN_E,113,S,C
2BZN_E,114,G,C
2BZN_E,115,T,C
2BZN_E,116,G,C
2BZN_E,117,S,C
2BZN_E,118,S,C
2BZN_E,119,D,C
2BZN_E,120,F,H
2BZN_E,121,E,H
2BZN_E,122,Q,H
2BZN_E,123,L,H
2BZN_E,124,E,H
2BZN_E,125,Q,H
2BZN_E,126,I,H
2BZN_E,127,L,H
2BZN_E,128,E,H
2BZN_E,129,A,H
2BZN_E,130,I,C
2BZN_E,131,P,C
2BZN_E,132,Q,C
2BZN_E,133,V,C
2BZN_E,134,K,E
2BZN_E,135,Y,E
2BZN_E,136,I,E
2BZN_E,137,C,E
2BZN_E,138,L,E
2BZN_E,139,D,E
2BZN_E,140,V,E
2BZN_E,141,A,C
2BZN_E,142,N,C
2BZN_E,143,G,C
2BZN_E,144,Y,C
2BZN_E,145,S,C
2BZN_E,146,E,H
2BZN_E,147,H,H
2BZN_E,148,F,H
2BZN_E,149,V,H
2BZN_E,150,E,H
2BZN_E,151,F,H
2BZN_E,152,V,H
2BZN_E,153,K,H
2BZN_E,154,D,H
2BZN_E,155,V,H
2BZN_E,156,R,H
2BZN_E,157,K,H
2BZN_E,158,R,H
2BZN_E,159,F,C
2BZN_E,160,P,C
2BZN_E,161,Q,C
2BZN_E,162,H,C
2BZN_E,163,T,E
2BZN_E,164,I,E
2BZN_E,165,M,E
2BZN_E,166,A,E
2BZN_E,167,G,E
2BZN_E,168,N,E
2BZN_E,169,V,E
2BZN_E,170,V,E
2BZN_E,171,T,C
2BZN_E,172,G,C
2BZN_E,173,E,C
2BZN_E,174,M,H
2BZN_E,175,V,H
2BZN_E,176,E,H
2BZN_E,177,E,H
2BZN_E,178,L,H
2BZN_E,179,I,H
2BZN_E,180,L,H
2BZN_E,181,S,C
2BZN_E,182,G,C
2BZN_E,183,A,C
2BZN_E,184,D,C
2BZN_E,185,I,E
2BZN_E,186,I,E
2BZN_E,187,K,E
2BZN_E,188,V,E
2BZN_E,189,G,E
2BZN_E,190,I,C
2BZN_E,191,G,C
2BZN_E,192,P,C
2BZN_E,193,G,C
2BZN_E,194,S,C
2BZN_E,195,V,C
2BZN_E,196,C,C
2BZN_E,197,T,C
2BZN_E,198,T,C
2BZN_E,199,R,C
2BZN_E,200,K,C
2BZN_E,201,K,C
2BZN_E,202,T,C
2BZN_E,203,G,C
2BZN_E,204,V,C
2BZN_E,205,G,C
2BZN_E,206,Y,C
2BZN_E,207,P,C
2BZN_E,208,Q,H
2BZN_E,209,L,H
2BZN_E,210,S,H
2BZN_E,211,A,H
2BZN_E,212,V,H
2BZN_E,213,M,H
2BZN_E,214,E,H
2BZN_E,215,C,H
2BZN_E,216,A,H
2BZN_E,217,D,H
2BZN_E,218,A,H
2BZN_E,219,A,H
2BZN_E,220,H,H
2BZN_E,221,G,H
2BZN_E,222,L,C
2BZN_E,223,K,C
2BZN_E,224,G,C
2BZN_E,225,H,E
2BZN_E,226,I,E
2BZN_E,227,I,E
2BZN_E,228,S,E
2BZN_E,229,D,C
2BZN_E,230,G,C
2BZN_E,231,G,C
2BZN_E,232,C,C
2BZN_E,233,S,C
2BZN_E,234,C,C
2BZN_E,235,P,C
2BZN_E,236,G,H
2BZN_E,237,D,H
2BZN_E,238,V,H
2BZN_E,239,A,H
2BZN_E,240,K,H
2BZN_E,241,A,H
2BZN_E,242,F,H
2BZN_E,243,G,H
2BZN_E,244,A,C
2BZN_E,245,G,C
2BZN_E,246,A,C
2BZN_E,247,D,C
2BZN_E,248,F,E
2BZN_E,249,V,E
2BZN_E,250,M,E
2BZN_E,251,L,E
2BZN_E,252,G,E
2BZN_E,253,G,H
2BZN_E,254,M,H
2BZN_E,255,L,H
2BZN_E,256,A,C
2BZN_E,257,G,C
2BZN_E,258,H,C
2BZN_E,259,S,C
2BZN_E,260,E,C
2BZN_E,261,S,C
2BZN_E,262,G,C
2BZN_E,263,G,C
2BZN_E,264,E,C
2BZN_E,265,L,E
2BZN_E,266,I,E
2BZN_E,267,E,E
2BZN_E,268,R,E
2BZN_E,269,D,C
2BZN_E,270,G,C
2BZN_E,271,K,C
2BZN_E,272,K,E
2BZN_E,273,Y,E
2BZN_E,274,K,E
2BZN_E,275,L,E
2BZN_E,276,F,E
2BZN_E,277,Y,E
2BZN_E,278,G,C
2BZN_E,279,M,C
2BZN_E,280,S,C
2BZN_E,281,S,H
2BZN_E,282,E,H
2BZN_E,283,M,H
2BZN_E,284,A,H
2BZN_E,285,M,H
2BZN_E,286,K,H
2BZN_E,287,K,H
2BZN_E,288,Y,H
2BZN_E,289,A,C
2BZN_E,290,G,C
2BZN_E,291,G,C
2BZN_E,292,V,E
2BZN_E,293,A,E
2BZN_E,294,E,E
2BZN_E,295,Y,E
2BZN_E,296,R,E
2BZN_E,297,A,C
2BZN_E,298,S,C
2BZN_E,299,E,C
2BZN_E,300,G,C
2BZN_E,301,K,C
2BZN_E,302,T,E
2BZN_E,303,V,E
2BZN_E,304,E,E
2BZN_E,305,V,E
2BZN_E,306,P,E
2BZN_E,307,F,E
2BZN_E,308,K,C
2BZN_E,309,G,C
2BZN_E,310,D,C
2BZN_E,311,V,H
2BZN_E,312,E,H
2BZN_E,313,H,H
2BZN_E,314,T,H
2BZN_E,315,I,H
2BZN_E,316,R,H
2BZN_E,317,D,H
2BZN_E,318,I,H
2BZN_E,319,L,H
2BZN_E,320,G,H
2BZN_E,321,G,H
2BZN_E,322,I,H
2BZN_E,323,R,H
2BZN_E,324,S,H
2BZN_E,325,T,H
2BZN_E,326,C,H
2BZN_E,327,T,H
2BZN_E,328,Y,H
2BZN_E,329,V,H
2BZN_E,330,G,H
2BZN_E,331,A,H
2BZN_E,332,A,H
2BZN_E,333,K,H
2BZN_E,334,L,H
2BZN_E,335,K,H
2BZN_E,336,E,H
2BZN_E,337,L,H
2BZN_E,338,S,H
2BZN_E,339,R,C
2BZN_E,340,R,C
2BZN_E,341,T,C
2BZN_E,342,T,C
2BZN_E,343,F,E
2BZN_E,344,I,E
2BZN_E,345,R,E
2BZN_E,346,V,E
2BZN_E,347,T,E
2BZN_E,348,Q,C
2BZN_E,349,Q,C
2BZN_E,350,V,C
2BZN_E,351,N,C
1NBF_A,1,K,C
1NBF_A,2,K,C
1NBF_A,3,H,C
1NBF_A,4,T,C
1NBF_A,5,G,C
1NBF_A,6,Y,C
1NBF_A,7,V,C
1NBF_A,8,G,C
1NBF_A,9,L,C
1NBF_A,10,K,C
1NBF_A,11,N,C
1NBF_A,12,Q,C
1NBF_A,13,G,C
1NBF_A,14,A,C
1NBF_A,15,T,C
1NBF_A,16,C,C
1NBF_A,17,Y,C
1NBF_A,18,M,H
1NBF_A,19,N,H
1NBF_A,20,S,H
1NBF_A,21,L,H
1NBF_A,22,L,H
1NBF_A,23,Q,H
1NBF_A,24,T,H
1NBF_A,25,L,H
1NBF_A,26,F,H
1NBF_A,27,F,H
1NBF_A,28,T,H
1NBF_A,29,N,H
1NBF_A,30,Q,H
1NBF_A,31,L,H
1NBF_A,32,R,H
1NBF_A,33,K,H
1NBF_A,34,A,H
1NBF_A,35,V,H
1NBF_A,36,Y,H
1NBF_A,37,M,H
1NBF_A,38,M,C
1NBF_A,39,P,C
1NBF_A,40,T,C
1NBF_A,41,E,C
1NBF_A,42,G,C
1NBF_A,43,D,C
1NBF_A,44,D,C
1NBF_A,45,S,C
1NBF_A,46,S,C
1NBF_A,47,K,C
1NBF_A,48,S,C
1NBF_A,49,V,H
1NBF_A,50,P,H
1NBF_A,51,L,H
1NBF_A,52,A,H
1NBF_A,53,L,H
1NBF_A,54,Q,H
1NBF_A,55,R,H
1NBF_A,56,V,H
1NBF_A,57,F,H
1NBF_A,58,Y,H
1NBF_A,59,E,H
1NBF_A,60,L,H
1NBF_A,61,Q,H
1NBF_A,62,H,H
1NBF_A,63,S,C
1NBF_A,64,D,C
1NBF_A,65,K,C
1NBF_A,66,P,C
1NBF_A,67,V,C
1NBF_A,68,G,C
1NBF_A,69,T,C
1NBF_A,70,K,C
1NBF_A,71,K,C
1NBF_A,72,L,C
1NBF_A,73,T,C
1NBF_A,74,K,C
1NBF_A,75,S,C
1NBF_A,76,F,C
1NBF_A,77,G,C
1NBF_A,78,W,C
1NBF_A,79,E,C
1NBF_A,80,T,C
1NBF_A,81,L,H
1NBF_A,82,D,H
1NBF_A,83,S,H
1NBF_A,84,F,H
1NBF_A,85,M,C
1NBF_A,86,Q,C
1NBF_A,87,H,C
1NBF_A,88,D,C
1NBF_A,89,V,H
1NBF_A,90,Q,H
1NBF_A,91,E,H
1NBF_A,92,L,H
1NBF_A,93,C,H
1NBF_A,94,R,H
1NBF_A,95,V,H
1NBF_A,96,L,H
1NBF_A,97,L,H
1NBF_A,98,D,H
1NBF_A,99,N,H
1NBF_A,100,V,H
1NBF_A,101,E,H
1NBF_A,102,N,H
1NBF_A,103,K,H
1NBF_A,104,M,H
1NBF_A,105,K,C
1NBF_A,106,G,C
1NBF_A,107,T,C
1NBF_A,108,C,C
1NBF_A,109,V,C
1NBF_A,110,E,C
1NBF_A,111,G,C
1NBF_A,112,T,H
1NBF_A,113,I,H
1NBF_A,114,P,H
1NBF_A,115,K,H
1NBF_A,116,L,H
1NBF_A,117,F,H
1NBF_A,118,R,C
1NBF_A,119,G,C
1NBF_A,120,K,C
1NBF_A,121,M,E
1NBF_A,122,V,E
1NBF_A,123,S,E
1NBF_A,124,Y,E
1NBF_A,125,I,E
1NBF_A,126,Q,E
1NBF_A,127,C,E
1NBF_A,128,K,C
1NBF_A,129,E,C
1NBF_A,130,V,C
1NBF_A,131,D,C
1NBF_A,132,Y,C
1NBF_A,133,R,C
1NBF_A,134,S,C
1NBF_A,135,D,C
1NBF_A,136,R,C
1NBF_A,137,R,C
1NBF_A,138,E,C
1NBF_A,139,D,C
1NBF_A,140,Y,C
1NBF_A,141,Y,E
1NBF_A,142,D,E
1NBF_A,143,I,E
1NBF_A,144,Q,E
1NBF_A,145,L,E
1NBF_A,146,S,E
1NBF_A,147,I,C
1NBF_A,148,K,C
1NBF_A,149,G,C
1NBF_A,150,K,C
1NBF_A,151,K,H
1NBF_A,152,N,H
1NBF_A,153,I,H
1NBF_A,154,F,H
1NBF_A,155,E,H
1NBF_A,156,S,H
1NBF_A,157,F,H
1NBF_A,158,V,H
1NBF_A,159,D,H
1NBF_A,160,Y,H
1NBF_A,161,V,H
1NBF_A,162,A,H
1NBF_A,163,V,E
1NBF_A,164,E,E
1NBF_A,165,Q,E
1NBF_A,166,L,C
1NBF_A,167,D,C
1NBF_A,168,G,C
1NBF_A,169,D,C
1NBF_A,170,N,C
1NBF_A,171,K,C
1NBF_A,172,Y,C
1NBF_A,173,D,C
1NBF_A,174,A,C
1NBF_A,175,G,C
1NBF_A,176,E,H
1NBF_A,177,H,H
1NBF_A,178,G,H
1NBF_A,179,L,H
1NBF_A,180,Q,H
1NBF_A,181,E,H
1NBF_A,182,A,H
1NBF_A,183,E,H
1NBF_A,184,K,C
1NBF_A,185,G,C
1NBF_A,186,V,C
1NBF_A,187,K,E
1NBF_A,188,F,E
1NBF_A,189,L,E
1NBF_A,190,T,E
1NBF_A,191,L,C
1NBF_A,192,P,C
1NBF_A,193,P,C
1NBF_A,194,V,C
1NBF_A,195,L,C
1NBF_A,196,H,E
1NBF_A,197,L,E
1NBF_A,198,Q,E
1NBF_A,199,L,E
1NBF_A,200,M,H
1NBF_A,201,R,H
1NBF_A,202,F,H
1NBF_A,203,M,H
1NBF_A,204,Y,H
1NBF_A,205,D,H
1NBF_A,206,P,H
1NBF_A,207,Q,C
1NBF_A,208,T,C
1NBF_A,209,D,C
1NBF_A,210,Q,C
1NBF_A,211,N,C
1NBF_A,212,I,C
1NBF_A,213,K,C
1NBF_A,214,I,C
1NBF_A,215,N,C
1NBF_A,216,D,C
1NBF_A,217,R,C
1NBF_A,218,F,C
1NBF_A,219,E,C
1NBF_A,220,F,C
1NBF_A,221,P,C
1NBF_A,222,E,C
1NBF_A,223,Q,C
1NBF_A,224,L,C
1NBF_A,225,P,C
1NBF_A,226,L,H
1NBF_A,227,D,H
1NBF_A,228,E,H
1NBF_A,229,F,H
1NBF_A,230,L,H
1NBF_A,231,Q,H
1NBF_A,232,K,C
1NBF_A,233,T,C
1NBF_A,234,D,C
1NBF_A,235,P,C
1NBF_A,236,K,C
1NBF_A,237,D,C
1NBF_A,238,P,C
1NBF_A,239,A,C
1NBF_A,240,N,C
1NBF_A,241,Y,E
1NBF_A,242,I,E
1NBF_A,243,L,E
1NBF_A,244,H,E
1NBF_A,245,A,E
1NBF_A,246,V,E
1NBF_A,247,L,E
1NBF_A,248,V,E
1NBF_A,249,H,E
1NBF_A,250,S,E
1NBF_A,251,G,C
1NBF_A,252,D,C
1NBF_A,253,N,C
1NBF_A,254,H,C
1NBF_A,255,G,C
1NBF_A,256,G,E
1NBF_A,257,H,E
1NBF_A,258,Y,E
1NBF_A,259,V,E
1NBF_A,260,V,E
1NBF_A,261,Y,E
1NBF_A,262,L,E
1NBF_A,263,N,E
1NBF_A,264,P,C
1NBF_A,265,K,C
1NBF_A,266,G,C
1NBF_A,267,D,C
1NBF_A,268,G,C
1NBF_A,269,K,C
1NBF_A,270,W,E
1NBF_A,271,C,E
1NBF_A,272,K,E
1NBF_A,273,F,E
1NBF_A,274,D,C
1NBF_A,275,D,C
1NBF_A,276,D,C
1NBF_A,277,V,C
1NBF_A,278,V,C
1NBF_A,279,S,C
1NBF_A,280,R,C
1NBF_A,281,C,C
1NBF_A,282,T,C
1NBF_A,283,K,H
1NBF_A,284,E,H
1NBF_A,285,E,H
1NBF_A,286,A,H
1NBF_A,287,I,H
1NBF_A,288,E,H
1NBF_A,289,H,H
1NBF_A,290,N,H
1NBF_A,291,Y,H
1NBF_A,292,G,C
1NBF_A,293,G,C
1NBF_A,294,H,C
1NBF_A,295,D,C
1NBF_A,296,D,C
1NBF_A,297,D,C
1NBF_A,298,L,C
1NBF_A,299,S,C
1NBF_A,300,V,C
1NBF_A,301,R,C
1NBF_A,302,H,C
1NBF_A,303,C,C
1NBF_A,304,T,C
1NBF_A,305,N,C
1NBF_A,306,A,C
1NBF_A,307,Y,E
1NBF_A,308,M,E
1NBF_A,309,L,E
1NBF_A,310,V,E
1NBF_A,311,Y,E
1NBF_A,312,I,E
1NBF_A,313,R,E
1NBF_A,314,E,C
1NBF_A,315,S,C
1NBF_A,316,K,C
1NBF_A,317,L,H
1NBF_A,318,S,H
1NBF_A,319,E,H
1NBF_A,320,V,H
1NBF_A,321,L,H
1NBF_A,322,Q,H
1NBF_A,323,A,H
1NBF_A,324,V,H
1NBF_A,325,T,C
1NBF_A,326,D,C
1NBF_A,327,H,C
1NBF_A,328,D,C
1NBF_A,329,I,C
1NBF_A,330,P,H
1NBF_A,331,Q,H
1NBF_A,332,Q,H
1NBF_A,333,L,H
1NBF_A,334,V,H
1NBF_A,335,E,H
1NBF_A,336,R,H
1NBF_A,337,L,H
1NBF_A,338,Q,H
1NBF_A,339,E,H
1NBF_A,340,E,H
1NBF_A,341,K,H
1NBF_A,342,R,H
1NBF_A,343,I,H
1NBF_A,344,E,H
1NBF_A,345,A,H
1NBF_A,346,Q,H
1NBF_A,347,K,H
1NBF_A,348,R,H
1NBF_A,349,K,C
1NBF_A,350,E,C
1NBF_A,351,R,C
1NBF_A,352,Q,C
1NBF_A,353,E,C
3GCS_A,1,G,C
3GCS_A,2,S,C
3GCS_A,3,Q,C
3GCS_A,4,E,C
3GCS_A,5,R,C
3GCS_A,6,P,C
3GCS_A,7,T,C
3GCS_A,8,F,H
3GCS_A,9,Y,H
3GCS_A,10,R,H
3GCS_A,11,Q,H
3GCS_A,12,E,H
3GCS_A,13,L,H
3GCS_A,14,N,H
3GCS_A,15,K,H
3GCS_A,16,T,H
3GCS_A,17,I,H
3GCS_A,18,W,H
3GCS_A,19,E,H
3GCS_A,20,V,H
3GCS_A,21,P,H
3GCS_A,22,E,H
3GCS_A,23,R,H
3GCS_A,24,Y,H
3GCS_A,25,Q,H
3GCS_A,26,N,C
3GCS_A,27,L,C
3GCS_A,28,S,C
3GCS_A,29,P,C
3GCS_A,30,V,C
3GCS_A,31,G,C
3GCS_A,32,S,C
3GCS_A,33,G,C
3GCS_A,34,A,C
3GCS_A,35,Y,C
3GCS_A,36,G,C
3GCS_A,37,S,E
3GCS_A,38,V,E
3GCS_A,39,C,E
3GCS_A,40,A,E
3GCS_A,41,A,E
3GCS_A,42,F,E
3GCS_A,43,D,E
3GCS_A,44,T,C
3GCS_A,45,K,C
3GCS_A,46,T,C
3GCS_A,47,G,C
3GCS_A,48,L,H
3GCS_A,49,R,H
3GCS_A,50,V,H
3GCS_A,51,A,H
3GCS_A,52,V,H
3GCS_A,53,K,H
3GCS_A,54,K,C
3GCS_A,55,L,C
3GCS_A,56,S,C
3GCS_A,57,R,C
3GCS_A,58,P,C
3GCS_A,59,F,C
3GCS_A,60,Q,H
3GCS_A,61,S,H
3GCS_A,62,I,H
3GCS_A,63,I,H
3GCS_A,64,H,H
3GCS_A,65,A,C
3GCS_A,66,K,C
3GCS_A,67,R,C
3GCS_A,68,T,C
3GCS_A,69,Y,C
3GCS_A,70,R,H
3GCS_A,71,E,H
3GCS_A,72,L,H
3GCS_A,73,R,H
3GCS_A,74,L,H
3GCS_A,75,L,H
3GCS_A,76,K,H
3GCS_A,77,H,H
3GCS_A,78,M,C
3GCS_A,79,K,C
3GCS_A,80,H,C
3GCS_A,81,E,C
3GCS_A,82,N,C
3GCS_A,83,V,H
3GCS_A,84,I,H
3GCS_A,85,G,H
3GCS_A,86,L,H
3GCS_A,87,L,H
3GCS_A,88,D,H
3GCS_A,89,V,H
3GCS_A,90,F,C
3GCS_A,91,T,C
3GCS_A,92,P,C
3GCS_A,93,A,C
3GCS_A,94,R,C
3GCS_A,95,S,C
3GCS_A,96,L,C
3GCS_A,97,E,C
3GCS_A,98,E,C
3GCS_A,99,F,C
3GCS_A,100,N,C
3GCS_A,101,D,C
3GCS_A,102,V,C
3GCS_A,103,Y,E
3GCS_A,104,L,E
3GCS_A,105,V,E
3GCS_A,106,T,E
3GCS_A,107,H,E
3GCS_A,108,L,E
3GCS_A,109,M,C
3GCS_A,110,G,C
3GCS_A,111,A,C
3GCS_A,112,D,C
3GCS_A,113,L,H
3GCS_A,114,N,H
3GCS_A,115,N,H
3GCS_A,116,I,H
3GCS_A,117,V,H
3GCS_A,118,K,H
3GCS_A,119,S,H
3GCS_A,120,Q,C
3GCS_A,121,K,C
3GCS_A,122,L,C
3GCS_A,123,T,C
3GCS_A,124,D,H
3GCS_A,125,D,H
3GCS_A,126,H,H
3GCS_A,127,V,H
3GCS_A,128,Q,H
3GCS_A,129,F,H
3GCS_A,130,L,H
3GCS_A,131,I,H
3GCS_A,132,Y,H
3GCS_A,133,Q,H
3GCS_A,134,I,H
3GCS_A,135,L,H
3GCS_A,136,R,H
3GCS_A,137,G,H
3GCS_A,138,L,H
3GCS_A,139,K,H
3GCS_A,140,Y,H
3GCS_A,141,I,H
3GCS_A,142,H,H
3GCS_A,143,S,H
3GCS_A,144,A,H
3GCS_A,145,D,H
3GCS_A,146,I,H
3GCS_A,147,I,H
3GCS_A,148,H,C
3GCS_A,149,R,C
3GCS_A,150,D,C
3GCS_A,151,L,C
3GCS_A,152,K,C
3GCS_A,153,P,C
3GCS_A,154,S,C
3GCS_A,155,N,C
3GCS_A,156,L,C
3GCS_A,157,A,C
3GCS_A,158,V,C
3GCS_A,159,N,C
3GCS_A,160,E,C
3GCS_A,161,D,C
3GCS_A,162,S,C
3GCS_A,163,E,C
3GCS_A,164,L,E
3GCS_A,165,K,E
3GCS_A,166,I,E
3GCS_A,167,L,E
3GCS_A,168,D,E
3GCS_A,169,F,C
3GCS_A,170,G,C
3GCS_A,171,L,C
3GCS_A,172,C,C
3GCS_A,173,R,C
3GCS_A,174,H,C
3GCS_A,175,T,C
3GCS_A,176,D,C
3GCS_A,177,D,C
3GCS_A,178,E,C
3GCS_A,179,M,C
3GCS_A,180,T,C
3GCS_A,181,G,C
3GCS_A,182,Y,E
3GCS_A,183,V,E
3GCS_A,184,A,E
3GCS_A,185,T,E
3GCS_A,186,R,E
3GCS_A,187,W,C
3GCS_A,188,Y,C
3GCS_A,189,R,C
3GCS_A,190,A,C
3GCS_A,191,P,H
3GCS_A,192,E,H
3GCS_A,193,I,H
3GCS_A,194,M,H
3GCS_A,195,L,H
3GCS_A,196,N,H
3GCS_A,197,W,H
3GCS_A,198,M,H
3GCS_A,199,H,C
3GCS_A,200,Y,C
3GCS_A,201,N,C
3GCS_A,202,Q,C
3GCS_A,203,T,E
3GCS_A,204,V,E
3GCS_A,205,D,E
3GCS_A,206,I,H
3GCS_A,207,W,H
3GCS_A,208,S,H
3GCS_A,209,V,H
3GCS_A,210,G,H
3GCS_A,211,C,H
3GCS_A,212,I,H
3GCS_A,213,M,H
3GCS_A,214,A,H
3GCS_A,215,E,H
3GCS_A,216,L,H
3GCS_A,217,L,H
3GCS_A,218,T,H
3GCS_A,219,G,C
3GCS_A,220,R,C
3GCS_A,221,T,C
3GCS_A,222,L,C
3GCS_A,223,F,C
3GCS_A,224,P,C
3GCS_A,225,G,C
3GCS_A,226,T,C
3GCS_A,227,D,C
3GCS_A,228,H,H
3GCS_A,229,I,H
3GCS_A,230,D,H
3GCS_A,231,Q,H
3GCS_A,232,L,H
3GCS_A,233,K,H
3GCS_A,234,L,H
3GCS_A,235,I,H
3GCS_A,236,L,H
3GCS_A,237,R,H
3GCS_A,238,L,H
3GCS_A,239,V,H
3GCS_A,240,G,C
3GCS_A,241,T,C
3GCS_A,242,P,C
3GCS_A,243,G,H
3GCS_A,244,A,H
3GCS_A,245,E,H
3GCS_A,246,L,H
3GCS_A,247,L,H
3GCS_A,248,K,H
3GCS_A,249,K,H
3GCS_A,250,I,H
3GCS_A,251,S,H
3GCS_A,252,S,H
3GCS_A,253,E,H
3GCS_A,254,S,H
3GCS_A,255,A,H
3GCS_A,256,R,H
3GCS_A,257,N,H
3GCS_A,258,Y,H
3GCS_A,259,I,H
3GCS_A,260,Q,H
3GCS_A,261,S,H
3GCS_A,262,L,H
3GCS_A,263,T,C
3GCS_A,264,Q,C
3GCS_A,265,M,C
3GCS_A,266,P,C
3GCS_A,267,K,C
3GCS_A,268,M,C
3GCS_A,269,N,C
3GCS_A,270,F,C
3GCS_A,271,A,H
3GCS_A,272,N,H
3GCS_A,273,V,H
3GCS_A,274,F,H
3GCS_A,275,I,H
3GCS_A,276,G,C
3GCS_A,277,A,C
3GCS_A,278,N,C
3GCS_A,279,P,H
3GCS_A,280,L,H
3GCS_A,281,A,H
3GCS_A,282,V,H
3GCS_A,283,D,H
3GCS_A,284,L,H
3GCS_A,285,L,H
3GCS_A,286,E,H
3GCS_A,287,K,H
3GCS_A,288,M,H
3GCS_A,289,L,E
3GCS_A,290,V,E
3GCS_A,291,L,E
3GCS_A,292,D,C
3GCS_A,293,S,C
3GCS_A,294,D,C
3GCS_A,295,K,C
3GCS_A,296,R,C
3GCS_A,297,I,C
3GCS_A,298,T,C
3GCS_A,299,A,H
3GCS_A,300,A,H
3GCS_A,301,Q,H
3GCS_A,302,A,H
3GCS_A,303,L,H
3GCS_A,304,A,H
3GCS_A,305,H,H
3GCS_A,306,A,H
3GCS_A,307,Y,H
3GCS_A,308,F,H
3GCS_A,309,A,H
3GCS_A,310,Q,H
3GCS_A,311,Y,H
3GCS_A,312,H,C
3GCS_A,313,D,C
3GCS_A,314,P,C
3GCS_A,315,D,C
3GCS_A,316,D,C
3GCS_A,317,E,C
3GCS_A,318,P,C
3GCS_A,319,V,C
3GCS_A,320,A,C
3GCS_A,321,D,C
3GCS_A,322,P,C
3GCS_A,323,Y,C
3GCS_A,324,D,C
3GCS_A,325,Q,C
3GCS_A,326,S,C
3GCS_A,327,L,C
3GCS_A,328,E,C
3GCS_A,329,S,H
3GCS_A,330,R,H
3GCS_A,331,D,H
3GCS_A,332,L,H
3GCS_A,333,L,H
3GCS_A,334,I,H
3GCS_A,335,D,H
3GCS_A,336,E,H
3GCS_A,337,W,H
3GCS_A,338,K,H
3GCS_A,339,S,H
3GCS_A,340,L,C
3GCS_A,341,T,C
3GCS_A,342,Y,C
3GCS_A,343,D,C
3GCS_A,344,E,E
3GCS_A,345,V,E
3GCS_A,346,I,E
3GCS_A,347,S,E
3GCS_A,348,F,E
3GCS_A,349,V,C
3GCS_A,350,P,C
3GCS_A,351,P,C
3GCS_A,352,P,C
3GCS_A,353,L,C
3GCS_A,354,D,C
3GCS_A,355,Q,C
3GCS_A,356,E,C
3GCS_A,357,E,C
3GCS_A,358,M,C
3GCS_A,359,E,C
3GCS_A,360,S,C
4Z6N_C,1,M,C
4Z6N_C,2,S,C
4Z6N_C,3,N,C
4Z6N_C,4,E,C
4Z6N_C,5,I,C
4Z6N_C,6,P,C
4Z6N_C,7,K,C
4Z6N_C,8,P,C
4Z6N_C,9,V,C
4Z6N_C,10,A,C
4Z6N_C,11,P,C
4Z6N_C,12,A,C
4Z6N_C,13,P,C
4Z6N_C,14,D,C
4Z6N_C,15,I,H
4Z6N_C,16,L,H
4Z6N_C,17,R,H
4Z6N_C,18,C,H
4Z6N_C,19,A,H
4Z6N_C,20,Y,H
4Z6N_C,21,A,H
4Z6N_C,22,E,H
4Z6N_C,23,L,H
4Z6N_C,24,V,H
4Z6N_C,25,V,H
4Z6N_C,26,T,H
4Z6N_C,27,D,H
4Z6N_C,28,L,H
4Z6N_C,29,A,H
4Z6N_C,30,K,H
4Z6N_C,31,S,H
4Z6N_C,32,R,H
4Z6N_C,33,N,H
4Z6N_C,34,F,H
4Z6N_C,35,Y,H
4Z6N_C,36,V,H
4Z6N_C,37,D,H
4Z6N_C,38,V,E
4Z6N_C,39,L,E
4Z6N_C,40,G,E
4Z6N_C,41,L,C
4Z6N_C,42,H,C
4Z6N_C,43,V,C
4Z6N_C,44,S,C
4Z6N_C,45,Y,C
4Z6N_C,46,E,C
4Z6N_C,47,D,C
4Z6N_C,48,E,C
4Z6N_C,49,N,C
4Z6N_C,50,Q,H
4Z6N_C,51,I,H
4Z6N_C,52,Y,H
4Z6N_C,53,L,H
4Z6N_C,54,R,H
4Z6N_C,55,S,H
4Z6N_C,56,F,H
4Z6N_C,57,E,H
4Z6N_C,58,E,H
4Z6N_C,59,F,H
4Z6N_C,60,I,H
4Z6N_C,61,H,H
4Z6N_C,62,H,H
4Z6N_C,63,N,H
4Z6N_C,64,L,E
4Z6N_C,65,V,E
4Z6N_C,66,L,E
4Z6N_C,67,T,E
4Z6N_C,68,K,E
4Z6N_C,69,G,E
4Z6N_C,70,P,H
4Z6N_C,71,V,H
4Z6N_C,72,A,H
4Z6N_C,73,A,H
4Z6N_C,74,L,H
4Z6N_C,75,K,H
4Z6N_C,76,A,H
4Z6N_C,77,M,H
4Z6N_C,78,A,H
4Z6N_C,79,F,H
4Z6N_C,80,R,C
4Z6N_C,81,V,C
4Z6N_C,82,R,C
4Z6N_C,83,T,C
4Z6N_C,84,P,H
4Z6N_C,85,E,H
4Z6N_C,86,D,H
4Z6N_C,87,V,H
4Z6N_C,88,D,H
4Z6N_C,89,K,H
4Z6N_C,90,A,H
4Z6N_C,91,E,H
4Z6N_C,92,A,H
4Z6N_C,93,Y,H
4Z6N_C,94,Y,H
4Z6N_C,95,Q,H
4Z6N_C,96,E,H
4Z6N_C,97,L,H
4Z6N_C,98,G,C
4Z6N_C,99,C,C
4Z6N_C,100,R,C
4Z6N_C,101,T,C
4Z6N_C,102,E,C
4Z6N_C,103,R,C
4Z6N_C,104,R,C
4Z6N_C,105,K,C
4Z6N_C,106,D,C
4Z6N_C,107,G,H
4Z6N_C,108,F,H
4Z6N_C,109,V,H
4Z6N_C,110,K,E
4Z6N_C,111,G,E
4Z6N_C,112,I,E
4Z6N_C,113,G,E
4Z6N_C,114,D,E
4Z6N_C,115,A,E
4Z6N_C,116,L,E
4Z6N_C,117,R,E
4Z6N_C,118,V,E
4Z6N_C,119,E,E
4Z6N_C,120,D,C
4Z6N_C,121,P,C
4Z6N_C,122,L,C
4Z6N_C,123,G,C
4Z6N_C,124,F,C
4Z6N_C,125,P,C
4Z6N_C,126,Y,H
4Z6N_C,127,E,H
4Z6N_C,128,F,H
4Z6N_C,129,F,H
4Z6N_C,130,F,C
4Z6N_C,131,E,C
4Z6N_C,132,T,C
4Z6N_C,133,T,H
4Z6N_C,134,H,H
4Z6N_C,135,V,H
4Z6N_C,136,E,H
4Z6N_C,137,R,H
4Z6N_C,138,L,H
4Z6N_C,139,H,H
4Z6N_C,140,M,H
4Z6N_C,141,R,H
4Z6N_C,142,Y,H
4Z6N_C,143,D,H
4Z6N_C,144,L,H
4Z6N_C,145,Y,C
4Z6N_C,146,S,C
4Z6N_C,147,A,C
4Z6N_C,148,G,C
4Z6N_C,149,E,C
4Z6N_C,150,L,E
4Z6N_C,151,V,E
4Z6N_C,152,R,E
4Z6N_C,153,L,E
4Z6N_C,154,D,C
4Z6N_C,155,H,C
4Z6N_C,156,F,C
4Z6N_C,157,N,C
4Z6N_C,158,Q,C
4Z6N_C,159,V,C
4Z6N_C,160,T,C
4Z6N_C,161,P,C
4Z6N_C,162,D,C
4Z6N_C,163,V,C
4Z6N_C,164,P,H
4Z6N_C,165,R,H
4Z6N_C,166,G,H
4Z6N_C,167,R,H
4Z6N_C,168,K,H
4Z6N_C,169,Y,H
4Z6N_C,170,L,H
4Z6N_C,171,E,H
4Z6N_C,172,D,H
4Z6N_C,173,L,C
4Z6N_C,174,G,C
4Z6N_C,175,F,C
4Z6N_C,176,R,C
4Z6N_C,177,V,C
4Z6N_C,178,T,C
4Z6N_C,179,E,C
4Z6N_C,180,D,C
4Z6N_C,181,I,C
4Z6N_C,182,Q,C
4Z6N_C,183,D,C
4Z6N_C,184,D,C
4Z6N_C,185,E,C
4Z6N_C,186,G,C
4Z6N_C,187,T,C
4Z6N_C,188,T,E
4Z6N_C,189,Y,E
4Z6N_C,190,A,E
4Z6N_C,191,A,E
4Z6N_C,192,W,E
4Z6N_C,193,M,E
4Z6N_C,194,H,E
4Z6N_C,195,R,C
4Z6N_C,196,K,C
4Z6N_C,197,G,C
4Z6N_C,198,T,C
4Z6N_C,199,V,C
4Z6N_C,200,N,C
4Z6N_C,201,D,C
4Z6N_C,202,T,C
4Z6N_C,203,A,C
4Z6N_C,204,L,C
4Z6N_C,205,T,C
4Z6N_C,206,G,C
4Z6N_C,207,G,C
4Z6N_C,208,N,C
4Z6N_C,209,G,C
4Z6N_C,210,P,C
4Z6N_C,211,R,C
4Z6N_C,212,L,E
4Z6N_C,213,H,E
4Z6N_C,214,H,E
4Z6N_C,215,V,E
4Z6N_C,216,A,E
4Z6N_C,217,F,E
4Z6N_C,218,S,E
4Z6N_C,219,T,C
4Z6N_C,220,H,C
4Z6N_C,221,E,C
4Z6N_C,222,K,C
4Z6N_C,223,H,C
4Z6N_C,224,N,C
4Z6N_C,225,I,H
4Z6N_C,226,I,H
4Z6N_C,227,Q,H
4Z6N_C,228,I,H
4Z6N_C,229,C,H
4Z6N_C,230,D,H
4Z6N_C,231,K,H
4Z6N_C,232,M,H
4Z6N_C,233,G,H
4Z6N_C,234,A,H
4Z6N_C,235,L,H
4Z6N_C,236,R,H
4Z6N_C,237,I,H
4Z6N_C,238,S,H
4Z6N_C,239,D,C
4Z6N_C,240,R,C
4Z6N_C,241,I,C
4Z6N_C,242,E,C
4Z6N_C,243,R,C
4Z6N_C,244,G,C
4Z6N_C,245,P,C
4Z6N_C,246,G,C
4Z6N_C,247,R,C
4Z6N_C,248,H,C
4Z6N_C,249,G,C
4Z6N_C,250,V,H
4Z6N_C,251,S,H
4Z6N_C,252,N,H
4Z6N_C,253,A,H
4Z6N_C,254,F,E
4Z6N_C,255,Y,E
4Z6N_C,256,L,E
4Z6N_C,257,Y,E
4Z6N_C,258,I,E
4Z6N_C,259,L,E
4Z6N_C,260,D,C
4Z6N_C,261,P,C
4Z6N_C,262,D,C
4Z6N_C,263,N,C
4Z6N_C,264,H,C
4Z6N_C,265,R,E
4Z6N_C,266,I,E
4Z6N_C,267,E,E
4Z6N_C,268,I,E
4Z6N_C,269,Y,E
4Z6N_C,270,T,E
4Z6N_C,271,Q,E
4Z6N_C,272,D,C
4Z6N_C,273,Y,C
4Z6N_C,274,Y,C
4Z6N_C,275,T,C
4Z6N_C,276,G,C
4Z6N_C,277,D,C
4Z6N_C,278,P,C
4Z6N_C,279,D,C
4Z6N_C,280,N,C
4Z6N_C,281,P,C
4Z6N_C,282,T,E
4Z6N_C,283,I,E
4Z6N_C,284,T,E
4Z6N_C,285,W,E
4Z6N_C,286,N,E
4Z6N_C,287,V,E
4Z6N_C,288,H,C
4Z6N_C,289,D,C
4Z6N_C,290,N,C
4Z6N_C,291,Q,C
4Z6N_C,292,R,C
4Z6N_C,293,R,H
4Z6N_C,294,D,H
4Z6N_C,295,W,H
4Z6N_C,296,W,C
4Z6N_C,297,G,C
4Z6N_C,298,N,C
4Z6N_C,299,P,C
4Z6N_C,300,V,C
4Z6N_C,301,V,C
4Z6N_C,302,P,C
4Z6N_C,303,S,C
4Z6N_C,304,W,C
4Z6N_C,305,Y,H
4Z6N_C,306,T,H
4Z6N_C,307,E,H
4Z6N_C,308,A,H
4Z6N_C,309,S,H
4Z6N_C,310,K,H
4Z6N_C,311,V,H
4Z6N_C,312,L,C
4Z6N_C,313,D,C
4Z6N_C,314,L,C
4Z6N_C,315,D,C
4Z6N_C,316,G,C
4Z6N_C,317,N,C
4Z6N_C,318,V,H
4Z6N_C,319,Q,H
4Z6N_C,320,E,H
4Z6N_C,321,I,H
4Z6N_C,322,I,H
4Z6N_C,323,E,H
4Z6N_C,324,R,H
4Z6N_C,325,T,H
4Z6N_C,326,D,C
4Z6N_C,327,D,C
4Z6N_C,328,S,C
4Z6N_C,329,E,E
4Z6N_C,330,L,E
4Z6N_C,331,E,E
4Z6N_C,332,V,E
4Z6N_C,333,T,E
4Z6N_C,334,I,E
4Z6N_C,335,G,E
4Z6N_C,336,A,C
4Z6N_C,337,D,C
4Z6N_C,338,G,C
4Z6N_C,339,F,E
4Z6N_C,340,S,E
4Z6N_C,341,F,E
4Z6N_C,342,T,E
4Z6N_C,343,R,E
4Z6N_C,344,A,C
4Z6N_C,345,G,C
4Z6N_C,346,D,C
4Z6N_C,347,E,C
4Z6N_C,348,D,C
4Z6N_C,349,G,C
4Z6N_C,350,S,C
4Z6N_C,351,Y,E
4Z6N_C,352,H,E
4Z6N_C,353,G,E
4Z6N_C,354,Q,C
4Z6N_C,355,A,C
4Z6N_C,356,S,C
4Z6N_C,357,K,C
4Z6N_C,358,G,C
4Z6N_C,359,F,C
4Z6N_C,360,K,C
4Z6N_C,361,L,C
4Z6N_C,362,G,C
4Z6N_C,363,N,C
4Z6N_C,364,Q,C
4Z6N_C,365,L,C
5THU_B,1,M,C
5THU_B,2,E,C
5THU_B,3,E,C
5THU_B,4,P,C
5THU_B,5,E,C
5THU_B,6,E,C
5THU_B,7,P,C
5THU_B,8,A,C
5THU_B,9,D,C
5THU_B,10,S,C
5THU_B,11,G,C
5THU_B,12,Q,C
5THU_B,13,S,C
5THU_B,14,L,E
5THU_B,15,V,E
5THU_B,16,P,E
5THU_B,17,V,E
5THU_B,18,Y,E
5THU_B,19,I,E
5THU_B,20,Y,E
5THU_B,21,S,E
5THU_B,22,P,H
5THU_B,23,E,H
5THU_B,24,Y,H
5THU_B,25,V,H
5THU_B,26,S,H
5THU_B,27,M,H
5THU_B,28,C,H
5THU_B,29,D,H
5THU_B,30,S,H
5THU_B,31,L,H
5THU_B,32,A,C
5THU_B,33,K,C
5THU_B,34,I,C
5THU_B,35,P,C
5THU_B,36,K,C
5THU_B,37,R,H
5THU_B,38,A,H
5THU_B,39,S,H
5THU_B,40,M,H
5THU_B,41,V,H
5THU_B,42,H,H
5THU_B,43,S,H
5THU_B,44,L,H
5THU_B,45,I,H
5THU_B,46,E,H
5THU_B,47,A,H
5THU_B,48,Y,H
5THU_B,49,A,H
5THU_B,50,L,H
5THU_B,51,H,H
5THU_B,52,K,H
5THU_B,53,Q,H
5THU_B,54,M,H
5THU_B,55,R,H
5THU_B,56,I,H
5THU_B,57,V,C
5THU_B,58,K,C
5THU_B,59,P,C
5THU_B,60,K,C
5THU_B,61,V,C
5THU_B,62,A,C
5THU_B,63,S,C
5THU_B,64,M,H
5THU_B,65,E,H
5THU_B,66,E,H
5THU_B,67,M,H
5THU_B,68,A,H
5THU_B,69,T,H
5THU_B,70,F,H
5THU_B,71,H,H
5THU_B,72,T,H
5THU_B,73,D,H
5THU_B,74,A,H
5THU_B,75,Y,H
5THU_B,76,L,H
5THU_B,77,Q,H
5THU_B,78,H,H
5THU_B,79,L,H
5THU_B,80,Q,H
5THU_B,81,K,H
5THU_B,82,V,H
5THU_B,83,S,H
5THU_B,84,Q,H
5THU_B,85,E,C
5THU_B,86,G,C
5THU_B,87,D,C
5THU_B,88,D,C
5THU_B,89,D,C
5THU_B,90,H,C
5THU_B,91,P,C
5THU_B,92,D,C
5THU_B,93,S,H
5THU_B,94,I,H
5THU_B,95,E,H
5THU_B,96,Y,H
5THU_B,97,G,C
5THU_B,98,L,C
5THU_B,99,G,C
5THU_B,100,Y,C
5THU_B,101,D,C
5THU_B,102,C,C
5THU_B,103,P,C
5THU_B,104,A,C
5THU_B,105,T,C
5THU_B,106,E,C
5THU_B,107,G,C
5THU_B,108,I,C
5THU_B,109,F,H
5THU_B,110,D,H
5THU_B,111,Y,H
5THU_B,112,A,H
5THU_B,113,A,H
5THU_B,114,A,H
5THU_B,115,I,H
5THU_B,116,G,H
5THU_B,117,G,H
5THU_B,118,A,H
5THU_B,119,T,H
5THU_B,120,I,H
5THU_B,121,T,H
5THU_B,122,A,H
5THU_B,123,A,H
5THU_B,124,Q,H
5THU_B,125,C,H
5THU_B,126,L,H
5THU_B,127,I,H
5THU_B,128,D,H
5THU_B,129,G,H
5THU_B,130,M,E
5THU_B,131,C,E
5THU_B,132,K,E
5THU_B,133,V,E
5THU_B,134,A,E
5THU_B,135,I,E
5THU_B,136,N,E
5THU_B,137,W,C
5THU_B,138,S,C
5THU_B,139,G,C
5THU_B,140,G,C
5THU_B,141,W,C
5THU_B,142,H,H
5THU_B,143,H,H
5THU_B,144,A,H
5THU_B,145,K,H
5THU_B,146,K,H
5THU_B,147,D,C
5THU_B,148,E,C
5THU_B,149,A,C
5THU_B,150,S,C
5THU_B,151,G,C
5THU_B,152,F,C
5THU_B,153,C,C
5THU_B,154,Y,H
5THU_B,155,L,H
5THU_B,156,N,H
5THU_B,157,D,H
5THU_B,158,A,H
5THU_B,159,V,H
5THU_B,160,L,H
5THU_B,161,G,H
5THU_B,162,I,H
5THU_B,163,L,H
5THU_B,164,R,H
5THU_B,165,L,H
5THU_B,166,R,H
5THU_B,167,R,H
5THU_B,168,K,H
5THU_B,169,F,C
5THU_B,170,E,C
5THU_B,171,R,C
5THU_B,172,I,E
5THU_B,173,L,E
5THU_B,174,Y,E
5THU_B,175,V,E
5THU_B,176,D,E
5THU_B,177,L,E
5THU_B,178,D,C
5THU_B,179,L,C
5THU_B,180,H,C
5THU_B,181,H,C
5THU_B,182,G,C
5THU_B,183,D,C
5THU_B,184,G,C
5THU_B,185,V,C
5THU_B,186,E,C
5THU_B,187,D,C
5THU_B,188,A,C
5THU_B,189,F,C
5THU_B,190,S,C
5THU_B,191,F,C
5THU_B,192,T,C
5THU_B,193,S,C
5THU_B,194,K,C
5THU_B,195,V,E
5THU_B,196,M,E
5THU_B,197,T,E
5THU_B,198,V,E
5THU_B,199,S,E
5THU_B,200,L,E
5THU_B,201,H,E
5THU_B,202,K,C
5THU_B,203,F,C
5THU_B,204,S,C
5THU_B,205,P,C
5THU_B,206,G,C
5THU_B,207,F,C
5THU_B,208,F,C
5THU_B,209,P,C
5THU_B,210,G,C
5THU_B,211,T,C
5THU_B,212,G,C
5THU_B,213,D,C
5THU_B,214,V,C
5THU_B,215,S,C
5THU_B,216,D,C
5THU_B,217,V,C
5THU_B,218,G,C
5THU_B,219,L,C
5THU_B,220,G,C
5THU_B,221,K,C
5THU_B,222,G,C
5THU_B,223,R,C
5THU_B,224,Y,E
5THU_B,225,Y,E
5THU_B,226,S,E
5THU_B,227,V,E
5THU_B,228,N,E
5THU_B,229,V,E
5THU_B,230,P,E
5THU_B,231,I,E
5THU_B,232,Q,C
5THU_B,233,D,C
5THU_B,234,G,C
5THU_B,235,I,C
5THU_B,236,Q,C
5THU_B,237,D,C
5THU_B,238,E,H
5THU_B,239,K,H
5THU_B,240,Y,H
5THU_B,241,Y,H
5THU_B,242,Q,H
5THU_B,243,I,H
5THU_B,244,C,H
5THU_B,245,E,H
5THU_B,246,S,H
5THU_B,247,V,H
5THU_B,248,L,H
5THU_B,249,K,H
5THU_B,250,E,H
5THU_B,251,V,H
5THU_B,252,Y,H
5THU_B,253,Q,H
5THU_B,254,A,H
5THU_B,255,F,C
5THU_B,256,N,C
5THU_B,257,P,C
5THU_B,258,K,C
5THU_B,259,A,E
5THU_B,260,V,E
5THU_B,261,V,E
5THU_B,262,L,E
5THU_B,263,Q,E
5THU_B,264,L,C
5THU_B,265,G,C
5THU_B,266,A,C
5THU_B,267,D,C
5THU_B,268,T,E
5THU_B,269,I,E
5THU_B,270,A,E
5THU_B,271,G,E
5THU_B,272,D,C
5THU_B,273,P,C
5THU_B,274,M,C
5THU_B,275,C,C
5THU_B,276,S,C
5THU_B,277,F,E
5THU_B,278,N,E
5THU_B,279,M,E
5THU_B,280,T,E
5THU_B,281,P,E
5THU_B,282,V,E
5THU_B,283,G,H
5THU_B,284,I,H
5THU_B,285,G,H
5THU_B,286,K,H
5THU_B,287,C,H
5THU_B,288,L,H
5THU_B,289,K,H
5THU_B,290,Y,H
5THU_B,291,I,H
5THU_B,292,L,H
5THU_B,293,Q,H
5THU_B,294,W,H
5THU_B,295,Q,H
5THU_B,296,L,H
5THU_B,297,A,H
5THU_B,298,T,H
5THU_B,299,L,H
5THU_B,300,I,H
5THU_B,301,L,H
5THU_B,302,G,H
5THU_B,303,G,H
5THU_B,304,A,H
5THU_B,305,G,H
5THU_B,306,Y,H
5THU_B,307,N,H
5THU_B,308,L,H
5THU_B,309,A,H
5THU_B,310,N,H
5THU_B,311,T,H
5THU_B,312,A,H
5THU_B,313,R,H
5THU_B,314,C,H
5THU_B,315,W,H
5THU_B,316,T,H
5THU_B,317,Y,H
5THU_B,318,L,H
5THU_B,319,T,H
5THU_B,320,G,H
5THU_B,321,V,H
5THU_B,322,I,H
5THU_B,323,L,H
5THU_B,324,G,H
5THU_B,325,K,H
5THU_B,326,T,C
5THU_B,327,L,C
5THU_B,328,S,C
5THU_B,329,S,C
5THU_B,330,E,C
5THU_B,331,I,C
5THU_B,332,P,C
5THU_B,333,D,C
5THU_B,334,H,C
5THU_B,335,E,C
5THU_B,336,F,H
5THU_B,337,F,H
5THU_B,338,T,H
5THU_B,339,A,H
5THU_B,340,Y,C
5THU_B,341,G,C
5THU_B,342,P,C
5THU_B,343,D,C
5THU_B,344,Y,E
5THU_B,345,V,E
5THU_B,346,L,E
5THU_B,347,E,E
5THU_B,348,I,E
5THU_B,349,T,C
5THU_B,350,P,C
5THU_B,351,S,C
5THU_B,352,C,C
5THU_B,353,R,C
5THU_B,354,P,C
5THU_B,355,D,C
5THU_B,356,R,C
5THU_B,357,N,C
5THU_B,358,E,C
5THU_B,359,P,H
5THU_B,360,H,H
5THU_B,361,R,H
5THU_B,362,I,H
5THU_B,363,Q,H
5THU_B,364,Q,H
5THU_B,365,I,H
5THU_B,366,L,H
5THU_B,367,N,H
5THU_B,368,Y,H
5THU_B,369,I,H
5THU_B,370,K,H
5THU_B,371,G,C
5THU_B,372,N,C
5THU_B,373,L,C
5THU_B,374,K,E
5THU_B,375,H,E
5THU_B,376,V,E
5THU_B,377,V,E
5THU_B,378,I,E
5THU_B,379,E,E
5THU_B,380,G,C
5THU_B,381,R,C
5THU_B,382,G,C
5THU_B,383,S,C
5THU_B,384,H,C
5THU_B,385,H,C
5THU_B,386,H,C
5THU_B,387,H,C
5THU_B,388,H,C
5THU_B,389,H,C
2QB8_A,1,M,C
2QB8_A,2,S,C
2QB8_A,3,P,C
2QB8_A,4,L,C
2QB8_A,5,R,H
2QB8_A,6,K,H
2QB8_A,7,T,H
2QB8_A,8,V,H
2QB8_A,9,P,H
2QB8_A,10,E,H
2QB8_A,11,F,H
2QB8_A,12,L,H
2QB8_A,13,A,H
2QB8_A,14,H,H
2QB8_A,15,L,H
2QB8_A,16,K,H
2QB8_A,17,S,C
2QB8_A,18,L,C
2QB8_A,19,P,C
2QB8_A,20,I,C
2QB8_A,21,S,C
2QB8_A,22,K,C
2QB8_A,23,I,C
2QB8_A,24,A,C
2QB8_A,25,S,C
2QB8_A,26,N,C
2QB8_A,27,D,C
2QB8_A,28,V,E
2QB8_A,29,L,E
2QB8_A,30,T,E
2QB8_A,31,I,E
2QB8_A,32,C,E
2QB8_A,33,V,E
2QB8_A,34,G,E
2QB8_A,35,N,C
2QB8_A,36,E,C
2QB8_A,37,S,C
2QB8_A,38,A,C
2QB8_A,39,D,C
2QB8_A,40,M,H
2QB8_A,41,D,H
2QB8_A,42,S,H
2QB8_A,43,I,H
2QB8_A,44,A,H
2QB8_A,45,S,H
2QB8_A,46,A,H
2QB8_A,47,I,H
2QB8_A,48,T,H
2QB8_A,49,Y,H
2QB8_A,50,S,H
2QB8_A,51,Y,H
2QB8_A,52,C,H
2QB8_A,53,Q,H
2QB8_A,54,Y,H
2QB8_A,55,I,H
2QB8_A,56,Y,C
2QB8_A,57,N,C
2QB8_A,58,E,C
2QB8_A,59,G,C
2QB8_A,60,T,C
2QB8_A,61,Y,C
2QB8_A,62,S,C
2QB8_A,63,E,H
2QB8_A,64,E,H
2QB8_A,65,K,H
2QB8_A,66,K,H
2QB8_A,67,K,C
2QB8_A,68,G,C
2QB8_A,69,S,C
2QB8_A,70,F,E
2QB8_A,71,I,E
2QB8_A,72,V,E
2QB8_A,73,P,E
2QB8_A,74,I,E
2QB8_A,75,I,E
2QB8_A,76,D,E
2QB8_A,77,I,E
2QB8_A,78,P,E
2QB8_A,79,R,H
2QB8_A,80,E,H
2QB8_A,81,D,H
2QB8_A,82,L,H
2QB8_A,83,S,H
2QB8_A,84,L,H
2QB8_A,85,R,H
2QB8_A,86,R,H
2QB8_A,87,D,H
2QB8_A,88,V,H
2QB8_A,89,M,H
2QB8_A,90,Y,H
2QB8_A,91,V,H
2QB8_A,92,L,H
2QB8_A,93,E,H
2QB8_A,94,K,H
2QB8_A,95,L,C
2QB8_A,96,K,C
2QB8_A,97,I,C
2QB8_A,98,K,C
2QB8_A,99,E,H
2QB8_A,100,E,H
2QB8_A,101,E,H
2QB8_A,102,L,H
2QB8_A,103,F,H
2QB8_A,104,F,H
2QB8_A,105,I,H
2QB8_A,106,E,C
2QB8_A,107,D,C
2QB8_A,108,L,C
2QB8_A,109,K,H
2QB8_A,110,S,H
2QB8_A,111,L,H
2QB8_A,112,K,H
2QB8_A,113,Q,H
2QB8_A,114,N,H
2QB8_A,115,V,C
2QB8_A,116,S,C
2QB8_A,117,Q,C
2QB8_A,118,G,C
2QB8_A,119,T,C
2QB8_A,120,E,C
2QB8_A,121,L,C
2QB8_A,122,N,E
2QB8_A,123,S,E
2QB8_A,124,Y,E
2QB8_A,125,L,E
2QB8_A,126,V,E
2QB8_A,127,D,C
2QB8_A,128,N,C
2QB8_A,129,N,C
2QB8_A,130,D,C
2QB8_A,131,T,C
2QB8_A,132,P,H
2QB8_A,133,K,H
2QB8_A,134,N,H
2QB8_A,135,L,H
2QB8_A,136,K,H
2QB8_A,137,N,H
2QB8_A,138,Y,H
2QB8_A,139,I,H
2QB8_A,140,D,H
2QB8_A,141,N,H
2QB8_A,142,V,H
2QB8_A,143,V,H
2QB8_A,144,G,H
2QB8_A,145,I,H
2QB8_A,146,I,H
2QB8_A,147,D,H
2QB8_A,148,H,H
2QB8_A,149,H,H
2QB8_A,150,F,H
2QB8_A,151,D,H
2QB8_A,152,L,H
2QB8_A,153,Q,H
2QB8_A,154,K,H
2QB8_A,155,H,H
2QB8_A,156,L,H
2QB8_A,157,D,C
2QB8_A,158,A,C
2QB8_A,159,E,C
2QB8_A,160,P,C
2QB8_A,161,R,E
2QB8_A,162,I,E
2QB8_A,163,V,E
2QB8_A,164,K,E
2QB8_A,165,V,E
2QB8_A,166,S,E
2QB8_A,167,G,C
2QB8_A,168,S,C
2QB8_A,169,C,C
2QB8_A,170,S,C
2QB8_A,171,S,C
2QB8_A,172,L,H
2QB8_A,173,V,H
2QB8_A,174,F,H
2QB8_A,175,N,H
2QB8_A,176,Y,H
2QB8_A,177,W,H
2QB8_A,178,Y,H
2QB8_A,179,E,H
2QB8_A,180,K,H
2QB8_A,181,L,H
2QB8_A,182,Q,C
2QB8_A,183,G,C
2QB8_A,184,D,C
2QB8_A,185,R,C
2QB8_A,186,E,E
2QB8_A,187,V,E
2QB8_A,188,V,E
2QB8_A,189,M,E
2QB8_A,190,N,E
2QB8_A,191,I,H
2QB8_A,192,A,H
2QB8_A,193,P,H
2QB8_A,194,L,H
2QB8_A,195,L,H
2QB8_A,196,M,H
2QB8_A,197,G,H
2QB8_A,198,A,E
2QB8_A,199,I,E
2QB8_A,200,L,E
2QB8_A,201,I,E
2QB8_A,202,D,E
2QB8_A,203,T,E
2QB8_A,204,S,H
2QB8_A,205,N,H
2QB8_A,206,M,H
2QB8_A,207,R,H
2QB8_A,208,R,H
2QB8_A,209,K,H
2QB8_A,210,V,H
2QB8_A,211,E,H
2QB8_A,212,E,H
2QB8_A,213,S,H
2QB8_A,214,D,H
2QB8_A,215,K,H
2QB8_A,216,L,H
2QB8_A,217,A,H
2QB8_A,218,I,H
2QB8_A,219,E,H
2QB8_A,220,R,H
2QB8_A,221,C,H
2QB8_A,222,Q,H
2QB8_A,223,A,H
2QB8_A,224,V,H
2QB8_A,225,L,H
2QB8_A,226,S,H
2QB8_A,227,G,H
2QB8_A,228,A,H
2QB8_A,229,V,H
2QB8_A,230,N,H
2QB8_A,231,E,C
2QB8_A,232,V,C
2QB8_A,233,S,C
2QB8_A,234,A,C
2QB8_A,235,Q,C
2QB8_A,236,G,C
2QB8_A,237,L,C
2QB8_A,238,E,C
2QB8_A,239,D,C
2QB8_A,240,S,C
2QB8_A,241,S,H
2QB8_A,242,E,H
2QB8_A,243,F,H
2QB8_A,244,Y,H
2QB8_A,245,K,H
2QB8_A,246,E,H
2QB8_A,247,I,H
2QB8_A,248,K,H
2QB8_A,249,S,H
2QB8_A,250,R,H
2QB8_A,251,K,C
2QB8_A,252,N,C
2QB8_A,253,D,C
2QB8_A,254,I,C
2QB8_A,255,K,C
2QB8_A,256,G,C
2QB8_A,257,F,C
2QB8_A,258,S,C
2QB8_A,259,V,H
2QB8_A,260,S,H
2QB8_A,261,D,H
2QB8_A,262,I,H
2QB8_A,263,L,H
2QB8_A,264,K,H
2QB8_A,265,K,H
2QB8_A,266,D,H
2QB8_A,267,Y,H
2QB8_A,268,K,E
2QB8_A,269,Q,E
2QB8_A,270,F,E
2QB8_A,271,N,C
2QB8_A,272,F,C
2QB8_A,273,Q,C
2QB8_A,274,G,C
2QB8_A,275,K,C
2QB8_A,276,G,C
2QB8_A,277,H,C
2QB8_A,278,K,C
2QB8_A,279,G,C
2QB8_A,280,L,H
2QB8_A,281,E,H
2QB8_A,282,I,H
2QB8_A,283,G,C
2QB8_A,284,L,C
2QB8_A,285,S,C
2QB8_A,286,S,H
2QB8_A,287,I,H
2QB8_A,288,V,H
2QB8_A,289,K,H
2QB8_A,290,R,H
2QB8_A,291,M,H
2QB8_A,292,S,H
2QB8_A,293,W,H
2QB8_A,294,L,H
2QB8_A,295,F,H
2QB8_A,296,N,C
2QB8_A,297,E,C
2QB8_A,298,H,C
2QB8_A,299,G,C
2QB8_A,300,G,C
2QB8_A,301,E,C
2QB8_A,302,A,H
2QB8_A,303,D,H
2QB8_A,304,F,H
2QB8_A,305,V,H
2QB8_A,306,N,H
2QB8_A,307,Q,H
2QB8_A,308,C,H
2QB8_A,309,R,H
2QB8_A,310,R,H
2QB8_A,311,F,H
2QB8_A,312,Q,H
2QB8_A,313,A,H
2QB8_A,314,E,H
2QB8_A,315,R,C
2QB8_A,316,G,C
2QB8_A,317,L,C
2QB8_A,318,D,C
2QB8_A,319,V,E
2QB8_A,320,L,E
2QB8_A,321,V,E
2QB8_A,322,L,E
2QB8_A,323,L,E
2QB8_A,324,T,E
2QB8_A,325,S,E
2QB8_A,326,W,H
2QB8_A,327,R,H
2QB8_A,328,K,H
2QB8_A,329,A,C
2QB8_A,330,G,C
2QB8_A,331,D,C
2QB8_A,332,S,C
2QB8_A,333,H,C
2QB8_A,334,R,E
2QB8_A,335,E,E
2QB8_A,336,L,E
2QB8_A,337,V,E
2QB8_A,338,I,E
2QB8_A,339,L,E
2QB8_A,340,G,E
2QB8_A,341,D,E
2QB8_A,342,S,H
2QB8_A,343,N,H
2QB8_A,344,V,H
2QB8_A,345,V,H
2QB8_A,346,R,H
2QB8_A,347,E,H
2QB8_A,348,L,H
2QB8_A,349,I,H
2QB8_A,350,E,H
2QB8_A,351,R,H
2QB8_A,352,V,H
2QB8_A,353,S,H
2QB8_A,354,D,H
2QB8_A,355,K,H
2QB8_A,356,L,H
2QB8_A,357,Q,H
2QB8_A,358,L,H
2QB8_A,359,Q,E
2QB8_A,360,L,E
2QB8_A,361,F,E
2QB8_A,362,G,C
2QB8_A,363,G,C
2QB8_A,364,N,C
2QB8_A,365,L,C
2QB8_A,366,D,C
2QB8_A,367,G,H
2QB8_A,368,G,H
2QB8_A,369,V,H
2QB8_A,370,A,H
2QB8_A,371,M,E
2QB8_A,372,F,E
2QB8_A,373,K,E
2QB8_A,374,Q,E
2QB8_A,375,L,E
2QB8_A,376,N,E
2QB8_A,377,V,H
2QB8_A,378,E,H
2QB8_A,379,A,H
2QB8_A,380,T,H
2QB8_A,381,R,H
2QB8_A,382,K,H
2QB8_A,383,Q,H
2QB8_A,384,V,H
2QB8_A,385,V,H
2QB8_A,386,P,H
2QB8_A,387,Y,H
2QB8_A,388,L,H
2QB8_A,389,E,H
2QB8_A,390,E,H
2QB8_A,391,A,H
2QB8_A,392,Y,H
2QB8_A,393,S,C
2QB8_A,394,N,C
2QB8_A,395,L,C
2QB8_A,396,E,C
2QB8_A,397,E,C
2PMD_B,1,M,C
2PMD_B,2,A,C
2PMD_B,3,W,C
2PMD_B,4,P,C
2PMD_B,5,K,C
2PMD_B,6,V,C
2PMD_B,7,Q,C
2PMD_B,8,P,C
2PMD_B,9,E,C
2PMD_B,10,V,C
2PMD_B,11,N,C
2PMD_B,12,I,E
2PMD_B,13,G,E
2PMD_B,14,V,E
2PMD_B,15,V,E
2PMD_B,16,G,E
2PMD_B,17,H,E
2PMD_B,18,V,C
2PMD_B,19,D,C
2PMD_B,20,H,C
2PMD_B,21,G,C
2PMD_B,22,K,H
2PMD_B,23,T,H
2PMD_B,24,T,H
2PMD_B,25,L,H
2PMD_B,26,V,H
2PMD_B,27,Q,H
2PMD_B,28,A,H
2PMD_B,29,I,H
2PMD_B,30,T,H
2PMD_B,31,G,H
2PMD_B,32,I,H
2PMD_B,33,W,C
2PMD_B,34,T,C
2PMD_B,35,S,C
2PMD_B,36,K,C
2PMD_B,37,H,C
2PMD_B,38,S,H
2PMD_B,39,E,H
2PMD_B,40,E,H
2PMD_B,41,L,H
2PMD_B,42,K,H
2PMD_B,43,R,H
2PMD_B,44,G,H
2PMD_B,45,M,H
2PMD_B,46,T,E
2PMD_B,47,I,E
2PMD_B,48,K,E
2PMD_B,49,L,E
2PMD_B,50,G,E
2PMD_B,51,Y,E
2PMD_B,52,A,E
2PMD_B,53,E,C
2PMD_B,54,T,C
2PMD_B,55,N,C
2PMD_B,56,I,C
2PMD_B,57,G,C
2PMD_B,58,V,C
2PMD_B,59,C,C
2PMD_B,60,E,C
2PMD_B,61,S,C
2PMD_B,62,C,C
2PMD_B,63,K,C
2PMD_B,64,K,C
2PMD_B,65,P,C
2PMD_B,66,E,C
2PMD_B,67,A,E
2PMD_B,68,Y,E
2PMD_B,69,V,E
2PMD_B,70,T,E
2PMD_B,71,E,C
2PMD_B,72,P,C
2PMD_B,73,S,C
2PMD_B,74,C,C
2PMD_B,75,K,C
2PMD_B,76,S,C
2PMD_B,77,C,C
2PMD_B,78,G,C
2PMD_B,79,S,C
2PMD_B,80,D,C
2PMD_B,81,D,C
2PMD_B,82,E,C
2PMD_B,83,P,C
2PMD_B,84,K,C
2PMD_B,85,F,E
2PMD_B,86,L,E
2PMD_B,87,R,E
2PMD_B,88,R,E
2PMD_B,89,I,E
2PMD_B,90,S,E
2PMD_B,91,F,E
2PMD_B,92,I,E
2PMD_B,93,D,E
2PMD_B,94,A,C
2PMD_B,95,P,C
2PMD_B,96,G,C
2PMD_B,97,H,C
2PMD_B,98,E,E
2PMD_B,99,V,E
2PMD_B,100,L,E
2PMD_B,101,M,E
2PMD_B,102,A,E
2PMD_B,103,T,H
2PMD_B,104,M,H
2PMD_B,105,L,H
2PMD_B,106,S,H
2PMD_B,107,G,H
2PMD_B,108,A,H
2PMD_B,109,A,H
2PMD_B,110,L,H
2PMD_B,111,M,H
2PMD_B,112,D,H
2PMD_B,113,G,H
2PMD_B,114,A,E
2PMD_B,115,I,E
2PMD_B,116,L,E
2PMD_B,117,V,E
2PMD_B,118,V,E
2PMD_B,119,A,E
2PMD_B,120,A,E
2PMD_B,121,N,C
2PMD_B,122,E,C
2PMD_B,123,P,C
2PMD_B,124,F,C
2PMD_B,125,P,C
2PMD_B,126,Q,C
2PMD_B,127,P,C
2PMD_B,128,Q,C
2PMD_B,129,T,C
2PMD_B,130,R,C
2PMD_B,131,E,C
2PMD_B,132,H,C
2PMD_B,133,F,E
2PMD_B,134,V,E
2PMD_B,135,A,E
2PMD_B,136,L,H
2PMD_B,137,G,H
2PMD_B,138,I,H
2PMD_B,139,I,H
2PMD_B,140,G,H
2PMD_B,141,V,H
2PMD_B,142,K,H
2PMD_B,143,N,H
2PMD_B,144,L,E
2PMD_B,145,I,E
2PMD_B,146,I,E
2PMD_B,147,V,E
2PMD_B,148,Q,E
2PMD_B,149,N,C
2PMD_B,150,K,C
2PMD_B,151,V,C
2PMD_B,152,D,C
2PMD_B,153,V,C
2PMD_B,154,V,C
2PMD_B,155,S,C
2PMD_B,156,K,H
2PMD_B,157,E,H
2PMD_B,158,E,H
2PMD_B,159,A,H
2PMD_B,160,L,H
2PMD_B,161,S,H
2PMD_B,162,Q,H
2PMD_B,163,Y,H
2PMD_B,164,R,H
2PMD_B,165,Q,H
2PMD_B,166,I,H
2PMD_B,167,K,H
2PMD_B,168,Q,H
2PMD_B,169,F,H
2PMD_B,170,T,C
2PMD_B,171,K,C
2PMD_B,172,G,C
2PMD_B,173,T,C
2PMD_B,174,W,C
2PMD_B,175,A,C
2PMD_B,176,E,C
2PMD_B,177,N,C
2PMD_B,178,V,C
2PMD_B,179,P,C
2PMD_B,180,I,C
2PMD_B,181,I,C
2PMD_B,182,P,C
2PMD_B,183,V,C
2PMD_B,184,S,C
2PMD_B,185,A,C
2PMD_B,186,L,C
2PMD_B,187,H,C
2PMD_B,188,K,C
2PMD_B,189,I,C
2PMD_B,190,N,C
2PMD_B,191,I,H
2PMD_B,192,D,H
2PMD_B,193,S,H
2PMD_B,194,L,H
2PMD_B,195,I,H
2PMD_B,196,E,H
2PMD_B,197,G,H
2PMD_B,198,I,H
2PMD_B,199,E,H
2PMD_B,200,E,H
2PMD_B,201,Y,H
2PMD_B,202,I,C
2PMD_B,203,K,C
2PMD_B,204,T,C
2PMD_B,205,P,C
2PMD_B,206,Y,C
2PMD_B,207,R,C
2PMD_B,208,D,C
2PMD_B,209,L,C
2PMD_B,210,S,C
2PMD_B,211,Q,C
2PMD_B,212,K,C
2PMD_B,213,P,C
2PMD_B,214,V,E
2PMD_B,215,M,E
2PMD_B,216,L,E
2PMD_B,217,V,E
2PMD_B,218,I,E
2PMD_B,219,R,E
2PMD_B,220,S,E
2PMD_B,221,F,E
2PMD_B,222,D,C
2PMD_B,223,V,C
2PMD_B,224,N,C
2PMD_B,225,K,C
2PMD_B,226,P,C
2PMD_B,227,G,C
2PMD_B,228,T,C
2PMD_B,229,Q,C
2PMD_B,230,F,C
2PMD_B,231,N,C
2PMD_B,232,E,C
2PMD_B,233,L,C
2PMD_B,234,K,C
2PMD_B,235,G,C
2PMD_B,236,G,C
2PMD_B,237,V,C
2PMD_B,238,I,C
2PMD_B,239,G,C
2PMD_B,240,G,H
2PMD_B,241,S,H
2PMD_B,242,I,H
2PMD_B,243,I,H
2PMD_B,244,Q,H
2PMD_B,245,G,H
2PMD_B,246,L,H
2PMD_B,247,F,H
2PMD_B,248,K,H
2PMD_B,249,V,H
2PMD_B,250,D,H
2PMD_B,251,Q,H
2PMD_B,252,E,H
2PMD_B,253,I,H
2PMD_B,254,K,H
2PMD_B,255,V,H
2PMD_B,256,L,C
2PMD_B,257,P,C
2PMD_B,258,G,C
2PMD_B,259,L,C
2PMD_B,260,R,C
2PMD_B,261,V,C
2PMD_B,262,E,C
2PMD_B,263,K,C
2PMD_B,264,Q,C
2PMD_B,265,G,C
2PMD_B,266,K,E
2PMD_B,267,V,E
2PMD_B,268,S,E
2PMD_B,269,Y,E
2PMD_B,270,E,C
2PMD_B,271,P,C
2PMD_B,272,I,C
2PMD_B,273,F,C
2PMD_B,274,T,C
2PMD_B,275,K,C
2PMD_B,276,I,C
2PMD_B,277,S,C
2PMD_B,278,S,C
2PMD_B,279,I,C
2PMD_B,280,R,C
2PMD_B,281,F,C
2PMD_B,282,G,C
2PMD_B,283,D,H
2PMD_B,284,E,H
2PMD_B,285,E,H
2PMD_B,286,F,H
2PMD_B,287,K,H
2PMD_B,288,E,H
2PMD_B,289,A,H
2PMD_B,290,K,C
2PMD_B,291,P,C
2PMD_B,292,G,C
2PMD_B,293,G,C
2PMD_B,294,L,E
2PMD_B,295,V,E
2PMD_B,296,A,E
2PMD_B,297,I,E
2PMD_B,298,G,E
2PMD_B,299,T,E
2PMD_B,300,Y,E
2PMD_B,301,L,C
2PMD_B,302,D,C
2PMD_B,303,P,C
2PMD_B,304,S,C
2PMD_B,305,L,C
2PMD_B,306,T,C
2PMD_B,307,K,H
2PMD_B,308,A,H
2PMD_B,309,D,H
2PMD_B,310,N,H
2PMD_B,311,L,H
2PMD_B,312,L,H
2PMD_B,313,G,H
2PMD_B,314,S,H
2PMD_B,315,I,H
2PMD_B,316,I,H
2PMD_B,317,T,H
2PMD_B,318,L,H
2PMD_B,319,A,C
2PMD_B,320,D,C
2PMD_B,321,A,C
2PMD_B,322,E,C
2PMD_B,323,V,C
2PMD_B,324,P,C
2PMD_B,325,V,E
2PMD_B,326,L,E
2PMD_B,327,W,E
2PMD_B,328,N,E
2PMD_B,329,I,E
2PMD_B,330,R,E
2PMD_B,331,I,E
2PMD_B,332,K,H
2PMD_B,333,Y,H
2PMD_B,334,N,H
2PMD_B,335,L,H
2PMD_B,336,L,H
2PMD_B,337,E,H
2PMD_B,338,R,H
2PMD_B,339,V,H
2PMD_B,340,V,H
2PMD_B,341,G,H
2PMD_B,342,A,H
2PMD_B,343,K,H
2PMD_B,344,E,H
2PMD_B,345,M,H
2PMD_B,346,L,H
2PMD_B,347,K,H
2PMD_B,348,V,H
2PMD_B,349,D,H
2PMD_B,350,P,H
2PMD_B,351,I,H
2PMD_B,352,R,C
2PMD_B,353,A,C
2PMD_B,354,K,C
2PMD_B,355,E,E
2PMD_B,356,T,E
2PMD_B,357,L,E
2PMD_B,358,M,E
2PMD_B,359,L,E
2PMD_B,360,S,E
2PMD_B,361,V,E
2PMD_B,362,G,C
2PMD_B,363,S,C
2PMD_B,364,S,C
2PMD_B,365,T,C
2PMD_B,366,T,E
2PMD_B,367,L,E
2PMD_B,368,G,E
2PMD_B,369,I,E
2PMD_B,370,V,E
2PMD_B,371,T,E
2PMD_B,372,S,E
2PMD_B,373,V,C
2PMD_B,374,K,C
2PMD_B,375,K,C
2PMD_B,376,D,C
2PMD_B,377,E,C
2PMD_B,378,I,E
2PMD_B,379,E,E
2PMD_B,380,V,E
2PMD_B,381,E,E
2PMD_B,382,L,C
2PMD_B,383,R,C
2PMD_B,384,R,C
2PMD_B,385,P,C
2PMD_B,386,V,E
2PMD_B,387,A,E
2PMD_B,388,V,E
2PMD_B,389,W,E
2PMD_B,390,S,E
2PMD_B,391,N,E
2PMD_B,392,N,E
2PMD_B,393,I,H
2PMD_B,394,R,H
2PMD_B,395,T,H
2PMD_B,396,V,H
2PMD_B,397,I,H
2PMD_B,398,S,H
2PMD_B,399,R,H
2PMD_B,400,Q,H
2PMD_B,401,I,H
2PMD_B,402,A,C
2PMD_B,403,G,C
2PMD_B,404,R,C
2PMD_B,405,W,C
2PMD_B,406,R,E
2PMD_B,407,M,E
2PMD_B,408,I,E
2PMD_B,409,G,E
2PMD_B,410,W,E
2PMD_B,411,G,C
2PMD_B,412,L,C
2PMD_B,413,V,C
2PMD_B,414,E,C
2PMD_B,415,I,C
2ABR_D,1,M,C
2ABR_D,2,S,C
2ABR_D,3,T,C
2ABR_D,4,E,C
2ABR_D,5,K,C
2ABR_D,6,T,C
2ABR_D,7,K,C
2ABR_D,8,L,C
2ABR_D,9,G,C
2ABR_D,10,V,C
2ABR_D,11,H,C
2ABR_D,12,S,C
2ABR_D,13,E,C
2ABR_D,14,A,C
2ABR_D,15,G,C
2ABR_D,16,K,C
2ABR_D,17,L,E
2ABR_D,18,R,E
2ABR_D,19,K,E
2ABR_D,20,V,E
2ABR_D,21,M,E
2ABR_D,22,V,E
2ABR_D,23,C,E
2ABR_D,24,S,C
2ABR_D,25,P,C
2ABR_D,26,G,C
2ABR_D,27,L,C
2ABR_D,28,A,C
2ABR_D,29,H,C
2ABR_D,30,Q,C
2ABR_D,31,R,C
2ABR_D,32,L,C
2ABR_D,33,T,C
2ABR_D,34,P,H
2ABR_D,35,S,H
2ABR_D,36,N,H
2ABR_D,37,C,H
2ABR_D,38,D,H
2ABR_D,39,E,H
2ABR_D,40,L,H
2ABR_D,41,L,H
2ABR_D,42,F,H
2ABR_D,43,D,H
2ABR_D,44,D,E
2ABR_D,45,V,E
2ABR_D,46,I,E
2ABR_D,47,W,E
2ABR_D,48,V,E
2ABR_D,49,N,H
2ABR_D,50,Q,H
2ABR_D,51,A,H
2ABR_D,52,K,H
2ABR_D,53,R,H
2ABR_D,54,D,H
2ABR_D,55,H,H
2ABR_D,56,F,H
2ABR_D,57,D,H
2ABR_D,58,F,H
2ABR_D,59,V,H
2ABR_D,60,T,H
2ABR_D,61,K,H
2ABR_D,62,M,H
2ABR_D,63,R,H
2ABR_D,64,E,H
2ABR_D,65,R,C
2ABR_D,66,G,C
2ABR_D,67,I,C
2ABR_D,68,D,C
2ABR_D,69,V,H
2ABR_D,70,L,H
2ABR_D,71,E,H
2ABR_D,72,M,H
2ABR_D,73,H,H
2ABR_D,74,N,H
2ABR_D,75,L,H
2ABR_D,76,L,H
2ABR_D,77,T,H
2ABR_D,78,E,H
2ABR_D,79,T,H
2ABR_D,80,I,H
2ABR_D,81,Q,H
2ABR_D,82,N,H
2ABR_D,83,P,H
2ABR_D,84,E,H
2ABR_D,85,A,H
2ABR_D,86,L,H
2ABR_D,87,K,H
2ABR_D,88,W,H
2ABR_D,89,I,H
2ABR_D,90,L,H
2ABR_D,91,D,H
2ABR_D,92,R,C
2ABR_D,93,K,C
2ABR_D,94,I,C
2ABR_D,95,T,C
2ABR_D,96,A,C
2ABR_D,97,D,C
2ABR_D,98,S,C
2ABR_D,99,V,C
2ABR_D,100,G,C
2ABR_D,101,L,C
2ABR_D,102,G,C
2ABR_D,103,L,C
2ABR_D,104,T,C
2ABR_D,105,S,H
2ABR_D,106,E,H
2ABR_D,107,L,H
2ABR_D,108,R,H
2ABR_D,109,S,H
2ABR_D,110,W,H
2ABR_D,111,L,H
2ABR_D,112,E,H
2ABR_D,113,S,H
2ABR_D,114,L,H
2ABR_D,115,E,H
2ABR_D,116,P,H
2ABR_D,117,R,H
2ABR_D,118,K,H
2ABR_D,119,L,H
2ABR_D,120,A,H
2ABR_D,121,E,H
2ABR_D,122,Y,H
2ABR_D,123,L,H
2ABR_D,124,I,H
2ABR_D,125,G,H
2ABR_D,126,G,H
2ABR_D,127,V,C
2ABR_D,128,A,C
2ABR_D,129,A,C
2ABR_D,130,D,C
2ABR_D,131,D,C
2ABR_D,132,L,C
2ABR_D,133,P,C
2ABR_D,134,A,C
2ABR_D,135,S,H
2ABR_D,136,E,H
2ABR_D,137,G,H
2ABR_D,138,A,H
2ABR_D,139,N,H
2ABR_D,140,I,H
2ABR_D,141,L,H
2ABR_D,142,K,H
2ABR_D,143,M,H
2ABR_D,144,Y,H
2ABR_D,145,R,H
2ABR_D,146,E,H
2ABR_D,147,Y,H
2ABR_D,148,L,C
2ABR_D,149,G,C
2ABR_D,150,H,C
2ABR_D,151,S,C
2ABR_D,152,S,C
2ABR_D,153,F,C
2ABR_D,154,L,C
2ABR_D,155,L,C
2ABR_D,156,P,C
2ABR_D,157,P,C
2ABR_D,158,L,C
2ABR_D,159,P,C
2ABR_D,160,N,C
2ABR_D,161,T,C
2ABR_D,162,Q,C
2ABR_D,163,F,C
2ABR_D,164,T,C
2ABR_D,165,R,C
2ABR_D,166,D,C
2ABR_D,167,T,E
2ABR_D,168,T,E
2ABR_D,169,C,E
2ABR_D,170,W,E
2ABR_D,171,I,E
2ABR_D,172,Y,E
2ABR_D,173,G,C
2ABR_D,174,G,C
2ABR_D,175,V,C
2ABR_D,176,T,C
2ABR_D,177,L,C
2ABR_D,178,N,C
2ABR_D,179,P,C
2ABR_D,180,M,C
2ABR_D,181,Y,C
2ABR_D,182,W,C
2ABR_D,183,P,C
2ABR_D,184,A,C
2ABR_D,185,R,H
2ABR_D,186,R,H
2ABR_D,187,Q,H
2ABR_D,188,E,H
2ABR_D,189,T,H
2ABR_D,190,L,H
2ABR_D,191,L,H
2ABR_D,192,T,H
2ABR_D,193,T,H
2ABR_D,194,A,H
2ABR_D,195,I,H
2ABR_D,196,Y,H
2ABR_D,197,K,H
2ABR_D,198,F,H
2ABR_D,199,H,H
2ABR_D,200,P,H
2ABR_D,201,E,C
2ABR_D,202,F,C
2ABR_D,203,A,C
2ABR_D,204,N,C
2ABR_D,205,A,C
2ABR_D,206,E,C
2ABR_D,207,F,E
2ABR_D,208,E,E
2ABR_D,209,I,E
2ABR_D,210,W,E
2ABR_D,211,Y,E
2ABR_D,212,G,C
2ABR_D,213,D,C
2ABR_D,214,P,C
2ABR_D,215,D,C
2ABR_D,216,K,C
2ABR_D,217,D,C
2ABR_D,218,H,C
2ABR_D,219,G,C
2ABR_D,220,S,C
2ABR_D,221,S,C
2ABR_D,222,T,C
2ABR_D,223,L,C
2ABR_D,224,E,C
2ABR_D,225,G,C
2ABR_D,226,G,C
2ABR_D,227,D,C
2ABR_D,228,V,E
2ABR_D,229,M,E
2ABR_D,230,P,E
2ABR_D,231,I,E
2ABR_D,232,G,C
2ABR_D,233,N,C
2ABR_D,234,G,C
2ABR_D,235,V,E
2ABR_D,236,V,E
2ABR_D,237,L,E
2ABR_D,238,I,E
2ABR_D,239,G,E
2ABR_D,240,M,C
2ABR_D,241,G,C
2ABR_D,242,E,C
2ABR_D,243,R,C
2ABR_D,244,S,H
2ABR_D,245,S,H
2ABR_D,246,R,H
2ABR_D,247,Q,H
2ABR_D,248,A,H
2ABR_D,249,I,H
2ABR_D,250,G,H
2ABR_D,251,Q,H
2ABR_D,252,V,H
2ABR_D,253,A,H
2ABR_D,254,Q,H
2ABR_D,255,S,H
2ABR_D,256,L,H
2ABR_D,257,F,H
2ABR_D,258,A,H
2ABR_D,259,K,H
2ABR_D,260,G,H
2ABR_D,261,A,H
2ABR_D,262,A,H
2ABR_D,263,E,E
2ABR_D,264,R,E
2ABR_D,265,V,E
2ABR_D,266,I,E
2ABR_D,267,V,E
2ABR_D,268,A,E
2ABR_D,269,G,C
2ABR_D,270,L,C
2ABR_D,271,P,C
2ABR_D,272,K,H
2ABR_D,273,S,H
2ABR_D,274,R,H
2ABR_D,275,A,H
2ABR_D,276,A,H
2ABR_D,277,M,H
2ABR_D,278,H,H
2ABR_D,279,L,H
2ABR_D,280,A,H
2ABR_D,281,T,H
2ABR_D,282,V,H
2ABR_D,283,F,H
2ABR_D,284,S,H
2ABR_D,285,F,H
2ABR_D,286,C,C
2ABR_D,287,D,C
2ABR_D,288,R,C
2ABR_D,289,D,C
2ABR_D,290,L,C
2ABR_D,291,V,C
2ABR_D,292,T,C
2ABR_D,293,V,C
2ABR_D,294,F,C
2ABR_D,295,P,H
2ABR_D,296,E,H
2ABR_D,297,V,H
2ABR_D,298,V,H
2ABR_D,299,K,H
2ABR_D,300,E,H
2ABR_D,301,I,H
2ABR_D,302,V,C
2ABR_D,303,P,C
2ABR_D,304,F,C
2ABR_D,305,S,C
2ABR_D,306,L,C
2ABR_D,307,R,C
2ABR_D,308,P,C
2ABR_D,309,D,C
2ABR_D,310,P,C
2ABR_D,311,S,C
2ABR_D,312,S,C
2ABR_D,313,P,C
2ABR_D,314,Y,C
2ABR_D,315,G,C
2ABR_D,316,M,C
2ABR_D,317,N,C
2ABR_D,318,I,C
2ABR_D,319,R,C
2ABR_D,320,R,C
2ABR_D,321,E,C
2ABR_D,322,E,H
2ABR_D,323,K,H
2ABR_D,324,T,H
2ABR_D,325,F,H
2ABR_D,326,L,H
2ABR_D,327,E,H
2ABR_D,328,V,H
2ABR_D,329,V,H
2ABR_D,330,A,H
2ABR_D,331,E,H
2ABR_D,332,S,H
2ABR_D,333,L,H
2ABR_D,334,G,C
2ABR_D,335,L,C
2ABR_D,336,K,C
2ABR_D,337,K,E
2ABR_D,338,L,E
2ABR_D,339,R,E
2ABR_D,340,V,E
2ABR_D,341,V,E
2ABR_D,342,E,E
2ABR_D,343,T,C
2ABR_D,344,G,C
2ABR_D,345,G,C
2ABR_D,346,N,C
2ABR_D,347,S,C
2ABR_D,348,F,C
2ABR_D,349,A,C
2ABR_D,350,A,H
2ABR_D,351,E,H
2ABR_D,352,R,H
2ABR_D,353,E,H
2ABR_D,354,Q,C
2ABR_D,355,W,C
2ABR_D,356,D,C
2ABR_D,357,D,C
2ABR_D,358,G,C
2ABR_D,359,N,C
2ABR_D,360,N,C
2ABR_D,361,V,E
2ABR_D,362,V,E
2ABR_D,363,C,E
2ABR_D,364,L,E
2ABR_D,365,E,C
2ABR_D,366,P,C
2ABR_D,367,G,C
2ABR_D,368,V,E
2ABR_D,369,V,E
2ABR_D,370,V,E
2ABR_D,371,G,E
2ABR_D,372,Y,E
2ABR_D,373,D,E
2ABR_D,374,R,E
2ABR_D,375,N,E
2ABR_D,376,T,H
2ABR_D,377,Y,H
2ABR_D,378,T,H
2ABR_D,379,N,H
2ABR_D,380,T,H
2ABR_D,381,L,H
2ABR_D,382,L,H
2ABR_D,383,R,H
2ABR_D,384,K,H
2ABR_D,385,A,C
2ABR_D,386,G,C
2ABR_D,387,V,C
2ABR_D,388,E,C
2ABR_D,389,V,E
2ABR_D,390,I,E
2ABR_D,391,T,E
2ABR_D,392,I,E
2ABR_D,393,S,E
2ABR_D,394,A,C
2ABR_D,395,S,C
2ABR_D,396,E,C
2ABR_D,397,L,C
2ABR_D,398,G,C
2ABR_D,399,R,C
2ABR_D,400,G,C
2ABR_D,401,R,C
2ABR_D,402,G,C
2ABR_D,403,G,C
2ABR_D,404,G,C
2ABR_D,405,H,C
2ABR_D,406,C,C
2ABR_D,407,M,C
2ABR_D,408,T,C
2ABR_D,409,C,C
2ABR_D,410,P,C
2ABR_D,411,I,C
2ABR_D,412,V,C
2ABR_D,413,R,C
2ABR_D,414,D,C
2ABR_D,415,P,C
2ABR_D,416,I,C
2ABR_D,417,D,C
2ABR_D,418,Y,C
3NLZ_A,1,C,C
3NLZ_A,2,P,C
3NLZ_A,3,R,C
3NLZ_A,4,F,C
3NLZ_A,5,L,E
3NLZ_A,6,K,E
3NLZ_A,7,V,E
3NLZ_A,8,K,E
3NLZ_A,9,N,E
3NLZ_A,10,W,C
3NLZ_A,11,E,C
3NLZ_A,12,T,C
3NLZ_A,13,D,C
3NLZ_A,14,V,E
3NLZ_A,15,V,E
3NLZ_A,16,L,E
3NLZ_A,17,T,E
3NLZ_A,18,D,E
3NLZ_A,19,T,E
3NLZ_A,20,L,H
3NLZ_A,21,H,H
3NLZ_A,22,L,H
3NLZ_A,23,K,H
3NLZ_A,24,S,C
3NLZ_A,25,T,C
3NLZ_A,26,L,C
3NLZ_A,27,E,C
3NLZ_A,28,T,C
3NLZ_A,29,G,C
3NLZ_A,30,C,C
3NLZ_A,31,T,C
3NLZ_A,32,E,C
3NLZ_A,33,H,C
3NLZ_A,34,I,E
3NLZ_A,35,C,E
3NLZ_A,36,M,E
3NLZ_A,37,G,C
3NLZ_A,38,S,C
3NLZ_A,39,I,C
3NLZ_A,40,M,C
3NLZ_A,41,L,C
3NLZ_A,42,P,C
3NLZ_A,43,S,C
3NLZ_A,44,Q,C
3NLZ_A,45,H,C
3NLZ_A,46,T,C
3NLZ_A,47,R,C
3NLZ_A,48,K,C
3NLZ_A,49,P,C
3NLZ_A,50,E,C
3NLZ_A,51,D,C
3NLZ_A,52,V,C
3NLZ_A,53,R,C
3NLZ_A,54,T,C
3NLZ_A,55,K,H
3NLZ_A,56,D,H
3NLZ_A,57,Q,H
3NLZ_A,58,L,H
3NLZ_A,59,F,H
3NLZ_A,60,P,H
3NLZ_A,61,L,H
3NLZ_A,62,A,H
3NLZ_A,63,K,H
3NLZ_A,64,E,H
3NLZ_A,65,F,H
3NLZ_A,66,L,H
3NLZ_A,67,D,H
3NLZ_A,68,Q,H
3NLZ_A,69,Y,H
3NLZ_A,70,Y,H
3NLZ_A,71,S,H
3NLZ_A,72,S,H
3NLZ_A,73,I,C
3NLZ_A,74,K,C
3NLZ_A,75,R,C
3NLZ_A,76,F,C
3NLZ_A,77,G,C
3NLZ_A,78,S,C
3NLZ_A,79,K,H
3NLZ_A,80,A,H
3NLZ_A,81,H,H
3NLZ_A,82,M,H
3NLZ_A,83,D,H
3NLZ_A,84,R,H
3NLZ_A,85,L,H
3NLZ_A,86,E,H
3NLZ_A,87,E,H
3NLZ_A,88,V,H
3NLZ_A,89,N,H
3NLZ_A,90,K,H
3NLZ_A,91,E,H
3NLZ_A,92,I,H
3NLZ_A,93,E,H
3NLZ_A,94,S,H
3NLZ_A,95,T,H
3NLZ_A,96,S,H
3NLZ_A,97,T,C
3NLZ_A,98,Y,C
3NLZ_A,99,Q,C
3NLZ_A,100,L,C
3NLZ_A,101,K,C
3NLZ_A,102,D,H
3NLZ_A,103,T,H
3NLZ_A,104,E,H
3NLZ_A,105,L,H
3NLZ_A,106,I,H
3NLZ_A,107,Y,H
3NLZ_A,108,G,H
3NLZ_A,109,A,H
3NLZ_A,110,K,H
3NLZ_A,111,H,H
3NLZ_A,112,A,H
3NLZ_A,113,W,H
3NLZ_A,114,R,H
3NLZ_A,115,N,C
3NLZ_A,116,A,C
3NLZ_A,117,S,C
3NLZ_A,118,R,C
3NLZ_A,119,C,C
3NLZ_A,120,V,C
3NLZ_A,121,G,C
3NLZ_A,122,R,H
3NLZ_A,123,I,H
3NLZ_A,124,Q,H
3NLZ_A,125,W,C
3NLZ_A,126,S,C
3NLZ_A,127,K,C
3NLZ_A,128,L,C
3NLZ_A,129,Q,E
3NLZ_A,130,V,E
3NLZ_A,131,F,E
3NLZ_A,132,D,E
3NLZ_A,133,A,C
3NLZ_A,134,R,C
3NLZ_A,135,D,C
3NLZ_A,136,C,C
3NLZ_A,137,T,C
3NLZ_A,138,T,C
3NLZ_A,139,A,H
3NLZ_A,140,H,H
3NLZ_A,141,G,H
3NLZ_A,142,M,H
3NLZ_A,143,F,H
3NLZ_A,144,N,H
3NLZ_A,145,Y,H
3NLZ_A,146,I,H
3NLZ_A,147,C,H
3NLZ_A,148,N,H
3NLZ_A,149,H,H
3NLZ_A,150,V,H
3NLZ_A,151,K,H
3NLZ_A,152,Y,H
3NLZ_A,153,A,H
3NLZ_A,154,T,H
3NLZ_A,155,N,H
3NLZ_A,156,K,C
3NLZ_A,157,G,C
3NLZ_A,158,N,C
3NLZ_A,159,L,C
3NLZ_A,160,R,C
3NLZ_A,161,S,C
3NLZ_A,162,A,E
3NLZ_A,163,I,E
3NLZ_A,164,T,E
3NLZ_A,165,I,E
3NLZ_A,166,F,C
3NLZ_A,167,P,C
3NLZ_A,168,Q,C
3NLZ_A,169,R,C
3NLZ_A,170,T,C
3NLZ_A,171,D,C
3NLZ_A,172,G,C
3NLZ_A,173,K,C
3NLZ_A,174,H,C
3NLZ_A,175,D,C
3NLZ_A,176,F,C
3NLZ_A,177,R,C
3NLZ_A,178,V,C
3NLZ_A,179,W,C
3NLZ_A,180,N,C
3NLZ_A,181,S,C
3NLZ_A,182,Q,C
3NLZ_A,183,L,C
3NLZ_A,184,I,C
3NLZ_A,185,R,C
3NLZ_A,186,Y,E
3NLZ_A,187,A,E
3NLZ_A,188,G,E
3NLZ_A,189,Y,E
3NLZ_A,190,K,E
3NLZ_A,191,Q,C
3NLZ_A,192,P,C
3NLZ_A,193,D,C
3NLZ_A,194,G,C
3NLZ_A,195,S,C
3NLZ_A,196,T,C
3NLZ_A,197,L,C
3NLZ_A,198,G,C
3NLZ_A,199,D,C
3NLZ_A,200,P,H
3NLZ_A,201,A,H
3NLZ_A,202,N,H
3NLZ_A,203,V,H
3NLZ_A,204,Q,H
3NLZ_A,205,F,H
3NLZ_A,206,T,H
3NLZ_A,207,E,H
3NLZ_A,208,I,H
3NLZ_A,209,C,H
3NLZ_A,210,I,H
3NLZ_A,211,Q,H
3NLZ_A,212,Q,C
3NLZ_A,213,G,C
3NLZ_A,214,W,C
3NLZ_A,215,K,C
3NLZ_A,216,A,C
3NLZ_A,217,P,C
3NLZ_A,218,R,C
3NLZ_A,219,G,C
3NLZ_A,220,R,C
3NLZ_A,221,F,C
3NLZ_A,222,D,C
3NLZ_A,223,V,C
3NLZ_A,224,L,C
3NLZ_A,225,P,E
3NLZ_A,226,L,E
3NLZ_A,227,L,E
3NLZ_A,228,L,E
3NLZ_A,229,Q,E
3NLZ_A,230,A,C
3NLZ_A,231,N,C
3NLZ_A,232,G,C
3NLZ_A,233,N,C
3NLZ_A,234,D,C
3NLZ_A,235,P,C
3NLZ_A,236,E,E
3NLZ_A,237,L,E
3NLZ_A,238,F,E
3NLZ_A,239,Q,C
3NLZ_A,240,I,C
3NLZ_A,241,P,C
3NLZ_A,242,P,H
3NLZ_A,243,E,H
3NLZ_A,244,L,H
3NLZ_A,245,V,H
3NLZ_A,246,L,H
3NLZ_A,247,E,E
3NLZ_A,248,V,E
3NLZ_A,249,P,E
3NLZ_A,250,I,C
3NLZ_A,251,R,C
3NLZ_A,252,H,C
3NLZ_A,253,P,C
3NLZ_A,254,K,C
3NLZ_A,255,F,C
3NLZ_A,256,D,C
3NLZ_A,257,W,H
3NLZ_A,258,F,H
3NLZ_A,259,K,H
3NLZ_A,260,D,H
3NLZ_A,261,L,H
3NLZ_A,262,G,H
3NLZ_A,263,L,H
3NLZ_A,264,K,E
3NLZ_A,265,W,E
3NLZ_A,266,Y,E
3NLZ_A,267,G,E
3NLZ_A,268,L,C
3NLZ_A,269,P,C
3NLZ_A,270,A,C
3NLZ_A,271,V,C
3NLZ_A,272,S,C
3NLZ_A,273,N,C
3NLZ_A,274,M,E
3NLZ_A,275,L,E
3NLZ_A,276,L,E
3NLZ_A,277,E,E
3NLZ_A,278,I,E
3NLZ_A,279,G,E
3NLZ_A,280,G,E
3NLZ_A,281,L,E
3NLZ_A,282,E,E
3NLZ_A,283,F,E
3NLZ_A,284,S,C
3NLZ_A,285,A,C
3NLZ_A,286,C,C
3NLZ_A,287,P,C
3NLZ_A,288,F,C
3NLZ_A,289,S,C
3NLZ_A,290,G,C
3NLZ_A,291,W,C
3NLZ_A,292,Y,C
3NLZ_A,293,M,C
3NLZ_A,294,G,H
3NLZ_A,295,T,H
3NLZ_A,296,E,H
3NLZ_A,297,I,H
3NLZ_A,298,G,H
3NLZ_A,299,V,H
3NLZ_A,300,R,H
3NLZ_A,301,D,H
3NLZ_A,302,Y,H
3NLZ_A,303,C,H
3NLZ_A,304,D,C
3NLZ_A,305,N,C
3NLZ_A,306,S,C
3NLZ_A,307,R,C
3NLZ_A,308,Y,C
3NLZ_A,309,N,C
3NLZ_A,310,I,C
3NLZ_A,311,L,H
3NLZ_A,312,E,H
3NLZ_A,313,E,H
3NLZ_A,314,V,H
3NLZ_A,315,A,H
3NLZ_A,316,K,H
3NLZ_A,317,K,H
3NLZ_A,318,M,C
3NLZ_A,319,D,C
3NLZ_A,320,L,C
3NLZ_A,321,D,C
3NLZ_A,322,M,C
3NLZ_A,323,R,C
3NLZ_A,324,K,C
3NLZ_A,325,T,H
3NLZ_A,326,S,H
3NLZ_A,327,S,H
3NLZ_A,328,L,H
3NLZ_A,329,W,H
3NLZ_A,330,K,H
3NLZ_A,331,D,H
3NLZ_A,332,Q,H
3NLZ_A,333,A,H
3NLZ_A,334,L,H
3NLZ_A,335,V,H
3NLZ_A,336,E,H
3NLZ_A,337,I,H
3NLZ_A,338,N,H
3NLZ_A,339,I,H
3NLZ_A,340,A,H
3NLZ_A,341,V,H
3NLZ_A,342,L,H
3NLZ_A,343,Y,H
3NLZ_A,344,S,H
3NLZ_A,345,F,H
3NLZ_A,346,Q,H
3NLZ_A,347,S,H
3NLZ_A,348,D,C
3NLZ_A,349,K,C
3NLZ_A,350,V,C
3NLZ_A,351,T,E
3NLZ_A,352,I,E
3NLZ_A,353,V,E
3NLZ_A,354,D,E
3NLZ_A,355,H,E
3NLZ_A,356,H,H
3NLZ_A,357,S,H
3NLZ_A,358,A,H
3NLZ_A,359,T,H
3NLZ_A,360,E,H
3NLZ_A,361,S,H
3NLZ_A,362,F,H
3NLZ_A,363,I,H
3NLZ_A,364,K,H
3NLZ_A,365,H,H
3NLZ_A,366,M,H
3NLZ_A,367,E,H
3NLZ_A,368,N,H
3NLZ_A,369,E,H
3NLZ_A,370,Y,H
3NLZ_A,371,R,H
3NLZ_A,372,C,H
3NLZ_A,373,R,H
3NLZ_A,374,G,C
3NLZ_A,375,G,C
3NLZ_A,376,C,C
3NLZ_A,377,P,C
3NLZ_A,378,A,C
3NLZ_A,379,D,C
3NLZ_A,380,W,H
3NLZ_A,381,V,H
3NLZ_A,382,W,H
3NLZ_A,383,I,H
3NLZ_A,384,V,C
3NLZ_A,385,P,C
3NLZ_A,386,P,C
3NLZ_A,387,M,C
3NLZ_A,388,S,C
3NLZ_A,389,G,H
3NLZ_A,390,S,H
3NLZ_A,391,I,H
3NLZ_A,392,T,H
3NLZ_A,393,P,H
3NLZ_A,394,V,H
3NLZ_A,395,F,H
3NLZ_A,396,H,H
3NLZ_A,397,Q,H
3NLZ_A,398,E,C
3NLZ_A,399,M,C
3NLZ_A,400,L,C
3NLZ_A,401,N,C
3NLZ_A,402,Y,C
3NLZ_A,403,R,C
3NLZ_A,404,L,C
3NLZ_A,405,T,C
3NLZ_A,406,P,C
3NLZ_A,407,S,E
3NLZ_A,408,F,E
3NLZ_A,409,E,E
3NLZ_A,410,Y,C
3NLZ_A,411,Q,C
3NLZ_A,412,P,C
3NLZ_A,413,D,C
3NLZ_A,414,P,H
3NLZ_A,415,W,H
3NLZ_A,416,N,H
3NLZ_A,417,T,H
3NLZ_A,418,H,C
3NLZ_A,419,V,C
3NLZ_A,420,W,C
3NLZ_A,421,K,C
3NLZ_A,422,G,C
4A72_D,1,M,C
4A72_D,2,Q,C
4A72_D,3,K,C
4A72_D,4,Q,C
4A72_D,5,R,C
4A72_D,6,T,C
4A72_D,7,T,C
4A72_D,8,S,H
4A72_D,9,Q,H
4A72_D,10,W,H
4A72_D,11,R,H
4A72_D,12,E,H
4A72_D,13,L,H
4A72_D,14,D,H
4A72_D,15,A,H
4A72_D,16,A,H
4A72_D,17,H,C
4A72_D,18,H,C
4A72_D,19,L,C
4A72_D,20,H,C
4A72_D,21,P,C
4A72_D,22,F,C
4A72_D,23,T,C
4A72_D,24,D,C
4A72_D,25,T,C
4A72_D,26,A,C
4A72_D,27,S,C
4A72_D,28,L,H
4A72_D,29,N,H
4A72_D,30,Q,H
4A72_D,31,A,C
4A72_D,32,G,C
4A72_D,33,A,C
4A72_D,34,R,C
4A72_D,35,V,E
4A72_D,36,M,E
4A72_D,37,T,E
4A72_D,38,R,C
4A72_D,39,G,C
4A72_D,40,E,C
4A72_D,41,G,C
4A72_D,42,V,E
4A72_D,43,Y,E
4A72_D,44,L,E
4A72_D,45,W,E
4A72_D,46,D,C
4A72_D,47,S,C
4A72_D,48,E,C
4A72_D,49,G,C
4A72_D,50,N,C
4A72_D,51,K,E
4A72_D,52,I,E
4A72_D,53,I,E
4A72_D,54,D,C
4A72_D,55,G,C
4A72_D,56,M,C
4A72_D,57,A,E
4A72_D,58,G,E
4A72_D,59,L,E
4A72_D,60,W,E
4A72_D,61,C,E
4A72_D,62,V,E
4A72_D,63,N,E
4A72_D,64,V,E
4A72_D,65,G,C
4A72_D,66,Y,C
4A72_D,67,G,C
4A72_D,68,R,C
4A72_D,69,K,H
4A72_D,70,D,H
4A72_D,71,F,H
4A72_D,72,A,H
4A72_D,73,E,H
4A72_D,74,A,H
4A72_D,75,A,H
4A72_D,76,R,H
4A72_D,77,R,H
4A72_D,78,Q,H
4A72_D,79,M,H
4A72_D,80,E,H
4A72_D,81,E,C
4A72_D,82,L,C
4A72_D,83,P,C
4A72_D,84,F,C
4A72_D,85,Y,H
4A72_D,86,N,H
4A72_D,87,T,H
4A72_D,88,F,H
4A72_D,89,F,H
4A72_D,90,K,C
4A72_D,91,T,C
4A72_D,92,T,C
4A72_D,93,H,C
4A72_D,94,P,C
4A72_D,95,A,H
4A72_D,96,V,H
4A72_D,97,V,H
4A72_D,98,E,H
4A72_D,99,L,H
4A72_D,100,S,H
4A72_D,101,S,H
4A72_D,102,L,H
4A72_D,103,L,H
4A72_D,104,A,H
4A72_D,105,E,H
4A72_D,106,V,H
4A72_D,107,T,H
4A72_D,108,P,H
4A72_D,109,A,C
4A72_D,110,G,C
4A72_D,111,F,C
4A72_D,112,D,C
4A72_D,113,R,E
4A72_D,114,V,E
4A72_D,115,F,E
4A72_D,116,Y,E
4A72_D,117,T,E
4A72_D,118,N,C
4A72_D,119,S,C
4A72_D,120,G,C
4A72_D,121,S,C
4A72_D,122,E,C
4A72_D,123,S,H
4A72_D,124,V,H
4A72_D,125,D,H
4A72_D,126,T,H
4A72_D,127,M,H
4A72_D,128,I,H
4A72_D,129,R,H
4A72_D,130,M,H
4A72_D,131,V,H
4A72_D,132,R,H
4A72_D,133,R,H
4A72_D,134,Y,H
4A72_D,135,W,H
4A72_D,136,D,H
4A72_D,137,V,C
4A72_D,138,Q,C
4A72_D,139,G,C
4A72_D,140,K,C
4A72_D,141,P,C
4A72_D,142,E,C
4A72_D,143,K,C
4A72_D,144,K,C
4A72_D,145,T,C
4A72_D,146,L,E
4A72_D,147,I,E
4A72_D,148,G,E
4A72_D,149,R,E
4A72_D,150,W,E
4A72_D,151,N,E
4A72_D,152,G,C
4A72_D,153,Y,C
4A72_D,154,H,C
4A72_D,155,G,C
4A72_D,156,S,C
4A72_D,157,T,C
4A72_D,158,I,C
4A72_D,159,G,C
4A72_D,160,G,C
4A72_D,161,A,C
4A72_D,162,S,C
4A72_D,163,L,H
4A72_D,164,G,H
4A72_D,165,G,H
4A72_D,166,M,H
4A72_D,167,K,H
4A72_D,168,Y,H
4A72_D,169,M,H
4A72_D,170,H,H
4A72_D,171,E,H
4A72_D,172,Q,C
4A72_D,173,G,C
4A72_D,174,D,C
4A72_D,175,L,C
4A72_D,176,P,C
4A72_D,177,I,C
4A72_D,178,P,C
4A72_D,179,G,C
4A72_D,180,M,C
4A72_D,181,A,E
4A72_D,182,H,E
4A72_D,183,I,E
4A72_D,184,E,E
4A72_D,185,Q,E
4A72_D,186,P,H
4A72_D,187,W,H
4A72_D,188,W,H
4A72_D,189,Y,H
4A72_D,190,K,H
4A72_D,191,H,H
4A72_D,192,G,C
4A72_D,193,K,C
4A72_D,194,D,C
4A72_D,195,M,C
4A72_D,196,T,C
4A72_D,197,P,H
4A72_D,198,D,H
4A72_D,199,E,H
4A72_D,200,F,H
4A72_D,201,G,H
4A72_D,202,V,H
4A72_D,203,V,H
4A72_D,204,A,E
4A72_D,205,A,E
4A72_D,206,R,E
4A72_D,207,W,E
4A72_D,208,L,H
4A72_D,209,E,H
4A72_D,210,E,H
4A72_D,211,K,H
4A72_D,212,I,H
4A72_D,213,L,H
4A72_D,214,E,H
4A72_D,215,I,H
4A72_D,216,G,H
4A72_D,217,A,H
4A72_D,218,D,H
4A72_D,219,K,H
4A72_D,220,V,H
4A72_D,221,A,H
4A72_D,222,A,H
4A72_D,223,F,H
4A72_D,224,V,C
4A72_D,225,G,C
4A72_D,226,E,C
4A72_D,227,P,C
4A72_D,228,I,C
4A72_D,229,Q,C
4A72_D,230,G,C
4A72_D,231,A,C
4A72_D,232,G,C
4A72_D,233,G,C
4A72_D,234,V,C
4A72_D,235,I,C
4A72_D,236,V,C
4A72_D,237,P,C
4A72_D,238,P,C
4A72_D,239,A,C
4A72_D,240,T,C
4A72_D,241,Y,C
4A72_D,242,W,H
4A72_D,243,P,H
4A72_D,244,E,H
4A72_D,245,I,H
4A72_D,246,E,H
4A72_D,247,R,H
4A72_D,248,I,H
4A72_D,249,C,H
4A72_D,250,R,H
4A72_D,251,K,C
4A72_D,252,Y,C
4A72_D,253,D,C
4A72_D,254,V,C
4A72_D,255,L,E
4A72_D,256,L,E
4A72_D,257,V,E
4A72_D,258,A,E
4A72_D,259,D,E
4A72_D,260,E,E
4A72_D,261,V,E
4A72_D,262,I,E
4A72_D,263,C,E
4A72_D,264,G,C
4A72_D,265,F,C
4A72_D,266,G,C
4A72_D,267,R,C
4A72_D,268,T,C
4A72_D,269,G,C
4A72_D,270,E,E
4A72_D,271,W,E
4A72_D,272,F,E
4A72_D,273,G,E
4A72_D,274,H,E
4A72_D,275,Q,E
4A72_D,276,H,E
4A72_D,277,F,C
4A72_D,278,G,C
4A72_D,279,F,C
4A72_D,280,Q,C
4A72_D,281,P,H
4A72_D,282,D,H
4A72_D,283,L,H
4A72_D,284,F,H
4A72_D,285,T,H
4A72_D,286,A,H
4A72_D,287,A,H
4A72_D,288,K,H
4A72_D,289,G,C
4A72_D,290,L,C
4A72_D,291,S,C
4A72_D,292,S,C
4A72_D,293,G,C
4A72_D,294,Y,C
4A72_D,295,L,C
4A72_D,296,P,C
4A72_D,297,I,C
4A72_D,298,G,C
4A72_D,299,A,E
4A72_D,300,V,E
4A72_D,301,F,E
4A72_D,302,V,E
4A72_D,303,G,E
4A72_D,304,K,E
4A72_D,305,R,E
4A72_D,306,V,E
4A72_D,307,A,E
4A72_D,308,E,E
4A72_D,309,G,E
4A72_D,310,L,E
4A72_D,311,I,E
4A72_D,312,A,E
4A72_D,313,G,C
4A72_D,314,G,C
4A72_D,315,D,C
4A72_D,316,F,C
4A72_D,317,N,C
4A72_D,318,H,C
4A72_D,319,G,C
4A72_D,320,F,E
4A72_D,321,T,E
4A72_D,322,Y,E
4A72_D,323,S,C
4A72_D,324,G,C
4A72_D,325,H,C
4A72_D,326,P,H
4A72_D,327,V,H
4A72_D,328,C,H
4A72_D,329,A,H
4A72_D,330,A,H
4A72_D,331,V,H
4A72_D,332,A,H
4A72_D,333,H,H
4A72_D,334,A,H
4A72_D,335,N,H
4A72_D,336,V,H
4A72_D,337,A,H
4A72_D,338,A,H
4A72_D,339,L,H
4A72_D,340,R,H
4A72_D,341,D,C
4A72_D,342,E,C
4A72_D,343,G,C
4A72_D,344,I,C
4A72_D,345,V,C
4A72_D,346,Q,C
4A72_D,347,R,H
4A72_D,348,V,H
4A72_D,349,K,H
4A72_D,350,D,C
4A72_D,351,D,C
4A72_D,352,I,C
4A72_D,353,G,C
4A72_D,354,P,H
4A72_D,355,Y,H
4A72_D,356,M,H
4A72_D,357,Q,H
4A72_D,358,K,H
4A72_D,359,R,H
4A72_D,360,W,H
4A72_D,361,R,H
4A72_D,362,E,H
4A72_D,363,T,H
4A72_D,364,F,H
4A72_D,365,S,C
4A72_D,366,R,C
4A72_D,367,F,C
4A72_D,368,E,C
4A72_D,369,H,C
4A72_D,370,V,C
4A72_D,371,D,C
4A72_D,372,D,C
4A72_D,373,V,C
4A72_D,374,R,C
4A72_D,375,G,C
4A72_D,376,V,C
4A72_D,377,G,C
4A72_D,378,M,H
4A72_D,379,V,H
4A72_D,380,Q,H
4A72_D,381,A,H
4A72_D,382,F,H
4A72_D,383,T,H
4A72_D,384,L,H
4A72_D,385,V,H
4A72_D,386,K,H
4A72_D,387,N,H
4A72_D,388,K,H
4A72_D,389,A,H
4A72_D,390,K,H
4A72_D,391,R,H
4A72_D,392,E,H
4A72_D,393,L,H
4A72_D,394,F,C
4A72_D,395,P,C
4A72_D,396,D,C
4A72_D,397,F,H
4A72_D,398,G,H
4A72_D,399,E,H
4A72_D,400,I,H
4A72_D,401,G,H
4A72_D,402,T,H
4A72_D,403,L,H
4A72_D,404,C,H
4A72_D,405,R,H
4A72_D,406,D,H
4A72_D,407,I,H
4A72_D,408,F,H
4A72_D,409,F,C
4A72_D,410,R,C
4A72_D,411,N,C
4A72_D,412,N,E
4A72_D,413,L,E
4A72_D,414,I,E
4A72_D,415,M,E
4A72_D,416,R,E
4A72_D,417,A,E
4A72_D,418,C,C
4A72_D,419,G,C
4A72_D,420,D,C
4A72_D,421,H,E
4A72_D,422,I,E
4A72_D,423,V,E
4A72_D,424,S,E
4A72_D,425,A,C
4A72_D,426,P,C
4A72_D,427,P,C
4A72_D,428,L,C
4A72_D,429,V,C
4A72_D,430,M,C
4A72_D,431,T,C
4A72_D,432,R,H
4A72_D,433,A,H
4A72_D,434,E,H
4A72_D,435,V,H
4A72_D,436,D,H
4A72_D,437,E,H
4A72_D,438,M,H
4A72_D,439,L,H
4A72_D,440,A,H
4A72_D,441,V,H
4A72_D,442,A,H
4A72_D,443,E,H
4A72_D,444,R,H
4A72_D,445,C,H
4A72_D,446,L,H
4A72_D,447,E,H
4A72_D,448,E,H
4A72_D,449,F,H
4A72_D,450,E,H
4A72_D,451,Q,H
4A72_D,452,T,H
4A72_D,453,L,H
4A72_D,454,K,H
4A72_D,455,A,H
4A72_D,456,R,C
4A72_D,457,G,C
4A72_D,458,L,C
4A72_D,459,A,C
3VR6_E,1,G,C
3VR6_E,2,S,C
3VR6_E,3,S,C
3VR6_E,4,G,C
3VR6_E,5,S,C
3VR6_E,6,S,C
3VR6_E,7,G,C
3VR6_E,8,M,C
3VR6_E,9,I,C
3VR6_E,10,K,C
3VR6_E,11,E,C
3VR6_E,12,Y,C
3VR6_E,13,R,H
3VR6_E,14,T,H
3VR6_E,15,I,H
3VR6_E,16,K,H
3VR6_E,17,E,H
3VR6_E,18,V,H
3VR6_E,19,V,H
3VR6_E,20,G,H
3VR6_E,21,P,H
3VR6_E,22,L,E
3VR6_E,23,M,E
3VR6_E,24,A,E
3VR6_E,25,V,E
3VR6_E,26,E,E
3VR6_E,27,K,C
3VR6_E,28,V,C
3VR6_E,29,S,C
3VR6_E,30,G,C
3VR6_E,31,V,C
3VR6_E,32,K,C
3VR6_E,33,Y,H
3VR6_E,34,E,H
3VR6_E,35,E,H
3VR6_E,36,L,H
3VR6_E,37,I,E
3VR6_E,38,E,E
3VR6_E,39,V,E
3VR6_E,40,R,E
3VR6_E,41,M,E
3VR6_E,42,Q,E
3VR6_E,43,N,E
3VR6_E,44,G,E
3VR6_E,45,E,E
3VR6_E,46,I,E
3VR6_E,47,R,E
3VR6_E,48,R,E
3VR6_E,49,G,E
3VR6_E,50,Q,E
3VR6_E,51,V,E
3VR6_E,52,L,E
3VR6_E,53,E,E
3VR6_E,54,V,E
3VR6_E,55,Q,E
3VR6_E,56,E,C
3VR6_E,57,D,C
3VR6_E,58,K,C
3VR6_E,59,A,E
3VR6_E,60,M,E
3VR6_E,61,V,E
3VR6_E,62,Q,H
3VR6_E,63,I,H
3VR6_E,64,F,H
3VR6_E,65,E,H
3VR6_E,66,G,C
3VR6_E,67,T,C
3VR6_E,68,S,C
3VR6_E,69,G,C
3VR6_E,70,I,C
3VR6_E,71,N,C
3VR6_E,72,L,C
3VR6_E,73,K,C
3VR6_E,74,N,C
3VR6_E,75,S,C
3VR6_E,76,S,E
3VR6_E,77,V,E
3VR6_E,78,R,E
3VR6_E,79,F,E
3VR6_E,80,L,C
3VR6_E,81,G,C
3VR6_E,82,H,C
3VR6_E,83,P,C
3VR6_E,84,L,E
3VR6_E,85,Q,E
3VR6_E,86,L,E
3VR6_E,87,G,E
3VR6_E,88,V,C
3VR6_E,89,S,C
3VR6_E,90,E,C
3VR6_E,91,D,H
3VR6_E,92,M,H
3VR6_E,93,I,H
3VR6_E,94,G,H
3VR6_E,95,R,H
3VR6_E,96,V,H
3VR6_E,97,F,H
3VR6_E,98,D,H
3VR6_E,99,G,C
3VR6_E,100,L,C
3VR6_E,101,G,C
3VR6_E,102,R,C
3VR6_E,103,P,C
3VR6_E,104,K,C
3VR6_E,105,D,C
3VR6_E,106,N,C
3VR6_E,107,G,C
3VR6_E,108,P,C
3VR6_E,109,E,C
3VR6_E,110,I,C
3VR6_E,111,L,C
3VR6_E,112,P,C
3VR6_E,113,E,C
3VR6_E,114,K,E
3VR6_E,115,Y,E
3VR6_E,116,L,E
3VR6_E,117,D,E
3VR6_E,118,I,C
3VR6_E,119,N,C
3VR6_E,120,G,C
3VR6_E,121,E,C
3VR6_E,122,V,E
3VR6_E,123,I,E
3VR6_E,124,N,E
3VR6_E,125,P,H
3VR6_E,126,I,H
3VR6_E,127,A,H
3VR6_E,128,R,H
3VR6_E,129,D,C
3VR6_E,130,Y,C
3VR6_E,131,P,C
3VR6_E,132,D,C
3VR6_E,133,E,C
3VR6_E,134,F,C
3VR6_E,135,I,C
3VR6_E,136,Q,C
3VR6_E,137,T,C
3VR6_E,138,G,H
3VR6_E,139,I,H
3VR6_E,140,S,H
3VR6_E,141,A,H
3VR6_E,142,I,H
3VR6_E,143,D,H
3VR6_E,144,H,H
3VR6_E,145,L,H
3VR6_E,146,N,H
3VR6_E,147,T,H
3VR6_E,148,L,H
3VR6_E,149,V,C
3VR6_E,150,R,C
3VR6_E,151,G,C
3VR6_E,152,Q,C
3VR6_E,153,K,C
3VR6_E,154,L,C
3VR6_E,155,P,C
3VR6_E,156,V,C
3VR6_E,157,F,C
3VR6_E,158,S,C
3VR6_E,159,G,C
3VR6_E,160,S,C
3VR6_E,161,G,C
3VR6_E,162,L,C
3VR6_E,163,P,C
3VR6_E,164,H,H
3VR6_E,165,K,H
3VR6_E,166,E,H
3VR6_E,167,L,H
3VR6_E,168,A,H
3VR6_E,169,A,H
3VR6_E,170,Q,H
3VR6_E,171,I,H
3VR6_E,172,A,H
3VR6_E,173,R,H
3VR6_E,174,Q,H
3VR6_E,175,A,C
3VR6_E,176,T,C
3VR6_E,177,V,C
3VR6_E,178,L,C
3VR6_E,179,D,C
3VR6_E,180,S,C
3VR6_E,181,S,C
3VR6_E,182,D,C
3VR6_E,183,D,C
3VR6_E,184,F,E
3VR6_E,185,A,E
3VR6_E,186,V,E
3VR6_E,187,V,E
3VR6_E,188,F,E
3VR6_E,189,A,E
3VR6_E,190,A,E
3VR6_E,191,I,E
3VR6_E,192,G,C
3VR6_E,193,I,C
3VR6_E,194,T,C
3VR6_E,195,F,H
3VR6_E,196,E,H
3VR6_E,197,E,H
3VR6_E,198,A,H
3VR6_E,199,E,H
3VR6_E,200,F,H
3VR6_E,201,F,H
3VR6_E,202,M,H
3VR6_E,203,E,H
3VR6_E,204,D,H
3VR6_E,205,F,H
3VR6_E,206,R,H
3VR6_E,207,Q,H
3VR6_E,208,T,C
3VR6_E,209,G,C
3VR6_E,210,A,C
3VR6_E,211,I,H
3VR6_E,212,D,H
3VR6_E,213,R,H
3VR6_E,214,S,H
3VR6_E,215,V,E
3VR6_E,216,M,E
3VR6_E,217,F,E
3VR6_E,218,M,C
3VR6_E,219,N,C
3VR6_E,220,L,C
3VR6_E,221,A,C
3VR6_E,222,N,C
3VR6_E,223,D,C
3VR6_E,224,P,C
3VR6_E,225,A,H
3VR6_E,226,I,H
3VR6_E,227,E,H
3VR6_E,228,R,H
3VR6_E,229,I,C
3VR6_E,230,A,C
3VR6_E,231,T,C
3VR6_E,232,P,C
3VR6_E,233,R,C
3VR6_E,234,M,H
3VR6_E,235,A,H
3VR6_E,236,L,H
3VR6_E,237,T,H
3VR6_E,238,A,H
3VR6_E,239,A,H
3VR6_E,240,E,H
3VR6_E,241,Y,H
3VR6_E,242,L,H
3VR6_E,243,A,H
3VR6_E,244,Y,H
3VR6_E,245,E,H
3VR6_E,246,K,C
3VR6_E,247,G,C
3VR6_E,248,M,C
3VR6_E,249,H,E
3VR6_E,250,V,E
3VR6_E,251,L,E
3VR6_E,252,V,E
3VR6_E,253,I,E
3VR6_E,254,M,E
3VR6_E,255,T,E
3VR6_E,256,D,E
3VR6_E,257,M,H
3VR6_E,258,T,H
3VR6_E,259,N,H
3VR6_E,260,Y,H
3VR6_E,261,A,H
3VR6_E,262,E,H
3VR6_E,263,A,H
3VR6_E,264,L,H
3VR6_E,265,R,H
3VR6_E,266,E,H
3VR6_E,267,I,H
3VR6_E,268,S,H
3VR6_E,269,A,H
3VR6_E,270,A,H
3VR6_E,271,R,C
3VR6_E,272,R,C
3VR6_E,273,E,C
3VR6_E,274,V,C
3VR6_E,275,P,C
3VR6_E,276,G,C
3VR6_E,277,R,C
3VR6_E,278,R,C
3VR6_E,279,G,C
3VR6_E,280,Y,C
3VR6_E,281,P,C
3VR6_E,282,G,C
3VR6_E,283,Y,C
3VR6_E,284,L,H
3VR6_E,285,Y,H
3VR6_E,286,T,H
3VR6_E,287,N,H
3VR6_E,288,L,H
3VR6_E,289,A,H
3VR6_E,290,T,H
3VR6_E,291,L,H
3VR6_E,292,F,H
3VR6_E,293,E,H
3VR6_E,294,R,H
3VR6_E,295,A,C
3VR6_E,296,G,C
3VR6_E,297,R,C
3VR6_E,298,I,C
3VR6_E,299,R,C
3VR6_E,300,G,C
3VR6_E,301,L,C
3VR6_E,302,K,C
3VR6_E,303,G,C
3VR6_E,304,S,C
3VR6_E,305,V,E
3VR6_E,306,T,E
3VR6_E,307,Q,E
3VR6_E,308,I,E
3VR6_E,309,P,E
3VR6_E,310,I,E
3VR6_E,311,L,E
3VR6_E,312,T,E
3VR6_E,313,M,C
3VR6_E,314,P,C
3VR6_E,315,E,C
3VR6_E,316,D,C
3VR6_E,317,D,C
3VR6_E,318,K,C
3VR6_E,319,T,C
3VR6_E,320,H,C
3VR6_E,321,P,C
3VR6_E,322,I,C
3VR6_E,323,P,H
3VR6_E,324,D,H
3VR6_E,325,L,H
3VR6_E,326,T,H
3VR6_E,327,G,H
3VR6_E,328,Y,H
3VR6_E,329,I,H
3VR6_E,330,T,C
3VR6_E,331,E,C
3VR6_E,332,G,C
3VR6_E,333,Q,E
3VR6_E,334,I,E
3VR6_E,335,I,E
3VR6_E,336,L,E
3VR6_E,337,T,H
3VR6_E,338,R,H
3VR6_E,339,E,H
3VR6_E,340,L,H
3VR6_E,341,Y,H
3VR6_E,342,K,H
3VR6_E,343,S,C
3VR6_E,344,G,C
3VR6_E,345,I,C
3VR6_E,346,Q,C
3VR6_E,347,P,C
3VR6_E,348,P,C
3VR6_E,349,I,C
3VR6_E,350,D,C
3VR6_E,351,V,H
3VR6_E,352,L,H
3VR6_E,353,P,H
3VR6_E,354,S,H
3VR6_E,355,L,H
3VR6_E,356,S,H
3VR6_E,357,R,H
3VR6_E,358,L,H
3VR6_E,359,K,C
3VR6_E,360,D,C
3VR6_E,361,K,C
3VR6_E,362,G,C
3VR6_E,363,T,C
3VR6_E,364,G,C
3VR6_E,365,A,C
3VR6_E,366,G,C
3VR6_E,367,K,C
3VR6_E,368,T,C
3VR6_E,369,R,C
3VR6_E,370,E,C
3VR6_E,371,D,C
3VR6_E,372,H,C
3VR6_E,373,A,H
3VR6_E,374,A,H
3VR6_E,375,T,H
3VR6_E,376,M,H
3VR6_E,377,N,H
3VR6_E,378,Q,H
3VR6_E,379,L,H
3VR6_E,380,F,H
3VR6_E,381,A,H
3VR6_E,382,A,H
3VR6_E,383,Y,H
3VR6_E,384,A,H
3VR6_E,385,Q,H
3VR6_E,386,G,H
3VR6_E,387,K,H
3VR6_E,388,Q,H
3VR6_E,389,A,H
3VR6_E,390,K,H
3VR6_E,391,E,H
3VR6_E,392,L,H
3VR6_E,393,A,H
3VR6_E,394,V,H
3VR6_E,395,V,H
3VR6_E,396,L,H
3VR6_E,397,G,C
3VR6_E,398,E,C
3VR6_E,399,S,C
3VR6_E,400,A,C
3VR6_E,401,L,C
3VR6_E,402,S,C
3VR6_E,403,D,H
3VR6_E,404,I,H
3VR6_E,405,D,H
3VR6_E,406,K,H
3VR6_E,407,I,H
3VR6_E,408,Y,H
3VR6_E,409,A,H
3VR6_E,410,K,H
3VR6_E,411,F,H
3VR6_E,412,A,H
3VR6_E,413,E,H
3VR6_E,414,R,H
3VR6_E,415,F,H
3VR6_E,416,E,C
3VR6_E,417,N,C
3VR6_E,418,E,C
3VR6_E,419,Y,C
3VR6_E,420,V,C
3VR6_E,421,N,C
3VR6_E,422,Q,C
3VR6_E,423,G,C
3VR6_E,424,F,C
3VR6_E,425,Y,C
3VR6_E,426,T,C
3VR6_E,427,N,C
3VR6_E,428,R,H
3VR6_E,429,T,H
3VR6_E,430,I,H
3VR6_E,431,T,H
3VR6_E,432,E,H
3VR6_E,433,T,H
3VR6_E,434,L,H
3VR6_E,435,D,H
3VR6_E,436,L,H
3VR6_E,437,G,H
3VR6_E,438,W,H
3VR6_E,439,E,H
3VR6_E,440,L,H
3VR6_E,441,L,H
3VR6_E,442,A,H
3VR6_E,443,M,H
3VR6_E,444,L,C
3VR6_E,445,P,C
3VR6_E,446,R,C
3VR6_E,447,T,H
3VR6_E,448,E,H
3VR6_E,449,L,H
3VR6_E,450,K,H
3VR6_E,451,R,H
3VR6_E,452,I,H
3VR6_E,453,K,H
3VR6_E,454,D,H
3VR6_E,455,D,H
3VR6_E,456,L,H
3VR6_E,457,L,C
3VR6_E,458,D,C
3VR6_E,459,K,C
3VR6_E,460,Y,C
3VR6_E,461,L,C
3VR6_E,462,P,C
3VR6_E,463,E,C
3VR6_E,464,G,C
3VR6_E,465,K,C
2DGM_F,1,M,C
2DGM_F,2,D,C
2DGM_F,3,K,C
2DGM_F,4,K,C
2DGM_F,5,Q,C
2DGM_F,6,V,C
2DGM_F,7,T,C
2DGM_F,8,D,C
2DGM_F,9,L,C
2DGM_F,10,R,C
2DGM_F,11,S,H
2DGM_F,12,E,H
2DGM_F,13,L,H
2DGM_F,14,L,H
2DGM_F,15,D,C
2DGM_F,16,S,C
2DGM_F,17,R,C
2DGM_F,18,F,C
2DGM_F,19,G,C
2DGM_F,20,A,C
2DGM_F,21,K,E
2DGM_F,22,S,E
2DGM_F,23,I,E
2DGM_F,24,S,E
2DGM_F,25,T,E
2DGM_F,26,I,H
2DGM_F,27,A,H
2DGM_F,28,E,H
2DGM_F,29,S,C
2DGM_F,30,K,C
2DGM_F,31,R,C
2DGM_F,32,F,C
2DGM_F,33,P,C
2DGM_F,34,L,C
2DGM_F,35,H,C
2DGM_F,36,E,C
2DGM_F,37,M,C
2DGM_F,38,R,C
2DGM_F,39,D,C
2DGM_F,40,D,H
2DGM_F,41,V,H
2DGM_F,42,A,H
2DGM_F,43,F,H
2DGM_F,44,Q,H
2DGM_F,45,I,H
2DGM_F,46,I,H
2DGM_F,47,N,H
2DGM_F,48,D,H
2DGM_F,49,E,H
2DGM_F,50,L,H
2DGM_F,51,Y,C
2DGM_F,52,L,C
2DGM_F,53,D,C
2DGM_F,54,G,C
2DGM_F,55,N,C
2DGM_F,56,A,C
2DGM_F,57,R,C
2DGM_F,58,Q,C
2DGM_F,59,N,C
2DGM_F,60,L,C
2DGM_F,61,A,C
2DGM_F,62,T,C
2DGM_F,63,F,C
2DGM_F,64,C,C
2DGM_F,65,Q,C
2DGM_F,66,T,C
2DGM_F,67,W,C
2DGM_F,68,D,C
2DGM_F,69,D,C
2DGM_F,70,E,H
2DGM_F,71,N,H
2DGM_F,72,V,H
2DGM_F,73,H,H
2DGM_F,74,K,H
2DGM_F,75,L,H
2DGM_F,76,M,H
2DGM_F,77,D,H
2DGM_F,78,L,H
2DGM_F,79,S,H
2DGM_F,80,I,C
2DGM_F,81,N,C
2DGM_F,82,K,C
2DGM_F,83,N,C
2DGM_F,84,W,C
2DGM_F,85,I,C
2DGM_F,86,D,C
2DGM_F,87,K,C
2DGM_F,88,E,C
2DGM_F,89,E,C
2DGM_F,90,Y,C
2DGM_F,91,P,C
2DGM_F,92,Q,H
2DGM_F,93,S,H
2DGM_F,94,A,H
2DGM_F,95,A,H
2DGM_F,96,I,H
2DGM_F,97,D,H
2DGM_F,98,L,H
2DGM_F,99,R,H
2DGM_F,100,C,H
2DGM_F,101,V,H
2DGM_F,102,N,H
2DGM_F,103,M,H
2DGM_F,104,V,H
2DGM_F,105,A,H
2DGM_F,106,D,H
2DGM_F,107,L,H
2DGM_F,108,W,C
2DGM_F,109,H,C
2DGM_F,110,A,C
2DGM_F,111,P,C
2DGM_F,112,A,C
2DGM_F,113,P,C
2DGM_F,114,K,C
2DGM_F,115,N,C
2DGM_F,116,G,C
2DGM_F,117,Q,C
2DGM_F,118,A,E
2DGM_F,119,V,E
2DGM_F,120,G,E
2DGM_F,121,T,E
2DGM_F,122,N,C
2DGM_F,123,T,C
2DGM_F,124,I,C
2DGM_F,125,G,C
2DGM_F,126,S,H
2DGM_F,127,S,H
2DGM_F,128,E,H
2DGM_F,129,A,H
2DGM_F,130,C,H
2DGM_F,131,M,H
2DGM_F,132,L,H
2DGM_F,133,G,H
2DGM_F,134,G,H
2DGM_F,135,M,H
2DGM_F,136,A,H
2DGM_F,137,M,H
2DGM_F,138,K,H
2DGM_F,139,W,H
2DGM_F,140,R,H
2DGM_F,141,W,H
2DGM_F,142,R,H
2DGM_F,143,K,H
2DGM_F,144,R,H
2DGM_F,145,M,H
2DGM_F,146,E,H
2DGM_F,147,A,H
2DGM_F,148,A,C
2DGM_F,149,G,C
2DGM_F,150,K,C
2DGM_F,151,P,C
2DGM_F,152,T,C
2DGM_F,153,D,C
2DGM_F,154,K,C
2DGM_F,155,P,C
2DGM_F,156,N,C
2DGM_F,157,L,E
2DGM_F,158,V,E
2DGM_F,159,C,E
2DGM_F,160,G,E
2DGM_F,161,P,E
2DGM_F,162,V,H
2DGM_F,163,Q,H
2DGM_F,164,I,H
2DGM_F,165,C,H
2DGM_F,166,W,H
2DGM_F,167,H,H
2DGM_F,168,K,H
2DGM_F,169,F,H
2DGM_F,170,A,H
2DGM_F,171,R,H
2DGM_F,172,Y,H
2DGM_F,173,W,H
2DGM_F,174,D,H
2DGM_F,175,V,E
2DGM_F,176,E,E
2DGM_F,177,L,E
2DGM_F,178,R,E
2DGM_F,179,E,C
2DGM_F,180,I,C
2DGM_F,181,P,C
2DGM_F,182,M,C
2DGM_F,183,R,C
2DGM_F,184,P,C
2DGM_F,185,G,C
2DGM_F,186,Q,C
2DGM_F,187,L,C
2DGM_F,188,F,C
2DGM_F,189,M,C
2DGM_F,190,D,C
2DGM_F,191,P,H
2DGM_F,192,K,H
2DGM_F,193,R,H
2DGM_F,194,M,H
2DGM_F,195,I,H
2DGM_F,196,E,H
2DGM_F,197,A,H
2DGM_F,198,C,C
2DGM_F,199,D,C
2DGM_F,200,E,C
2DGM_F,201,N,C
2DGM_F,202,T,C
2DGM_F,203,I,E
2DGM_F,204,G,E
2DGM_F,205,V,E
2DGM_F,206,V,E
2DGM_F,207,P,E
2DGM_F,208,T,E
2DGM_F,209,F,E
2DGM_F,210,G,C
2DGM_F,211,V,C
2DGM_F,212,T,C
2DGM_F,213,Y,C
2DGM_F,214,T,C
2DGM_F,215,G,C
2DGM_F,216,N,C
2DGM_F,217,Y,C
2DGM_F,218,E,C
2DGM_F,219,F,C
2DGM_F,220,P,C
2DGM_F,221,Q,H
2DGM_F,222,P,H
2DGM_F,223,L,H
2DGM_F,224,H,H
2DGM_F,225,D,H
2DGM_F,226,A,H
2DGM_F,227,L,H
2DGM_F,228,D,H
2DGM_F,229,K,H
2DGM_F,230,F,H
2DGM_F,231,Q,H
2DGM_F,232,A,H
2DGM_F,233,D,H
2DGM_F,234,T,H
2DGM_F,235,G,C
2DGM_F,236,I,C
2DGM_F,237,D,C
2DGM_F,238,I,C
2DGM_F,239,D,C
2DGM_F,240,M,E
2DGM_F,241,H,E
2DGM_F,242,I,E
2DGM_F,243,D,E
2DGM_F,244,A,C
2DGM_F,245,A,C
2DGM_F,246,S,C
2DGM_F,247,G,C
2DGM_F,248,G,C
2DGM_F,249,F,H
2DGM_F,250,L,H
2DGM_F,251,A,H
2DGM_F,252,P,H
2DGM_F,253,F,H
2DGM_F,254,V,C
2DGM_F,255,A,C
2DGM_F,256,P,C
2DGM_F,257,D,C
2DGM_F,258,I,C
2DGM_F,259,V,C
2DGM_F,260,W,C
2DGM_F,261,D,C
2DGM_F,262,F,C
2DGM_F,263,R,C
2DGM_F,264,L,C
2DGM_F,265,P,C
2DGM_F,266,R,E
2DGM_F,267,V,E
2DGM_F,268,K,E
2DGM_F,269,S,E
2DGM_F,270,I,E
2DGM_F,271,S,E
2DGM_F,272,A,E
2DGM_F,273,S,E
2DGM_F,274,G,C
2DGM_F,275,H,C
2DGM_F,276,K,C
2DGM_F,277,F,C
2DGM_F,278,G,C
2DGM_F,279,L,C
2DGM_F,280,A,C
2DGM_F,281,P,C
2DGM_F,282,L,C
2DGM_F,283,G,C
2DGM_F,284,C,C
2DGM_F,285,G,C
2DGM_F,286,W,E
2DGM_F,287,V,E
2DGM_F,288,I,E
2DGM_F,289,W,E
2DGM_F,290,R,E
2DGM_F,291,D,C
2DGM_F,292,E,C
2DGM_F,293,E,C
2DGM_F,294,A,C
2DGM_F,295,L,C
2DGM_F,296,P,C
2DGM_F,297,Q,C
2DGM_F,298,E,C
2DGM_F,299,L,E
2DGM_F,300,V,E
2DGM_F,301,F,E
2DGM_F,302,N,E
2DGM_F,303,V,E
2DGM_F,304,D,E
2DGM_F,305,Y,E
2DGM_F,306,L,E
2DGM_F,307,G,E
2DGM_F,308,G,E
2DGM_F,309,Q,E
2DGM_F,310,I,E
2DGM_F,311,G,E
2DGM_F,312,T,E
2DGM_F,313,F,E
2DGM_F,314,A,E
2DGM_F,315,I,E
2DGM_F,316,N,E
2DGM_F,317,F,C
2DGM_F,318,S,C
2DGM_F,319,R,C
2DGM_F,320,P,C
2DGM_F,321,A,C
2DGM_F,322,G,H
2DGM_F,323,Q,H
2DGM_F,324,V,H
2DGM_F,325,I,H
2DGM_F,326,A,H
2DGM_F,327,Q,H
2DGM_F,328,Y,H
2DGM_F,329,Y,H
2DGM_F,330,E,H
2DGM_F,331,F,H
2DGM_F,332,L,H
2DGM_F,333,R,H
2DGM_F,334,L,H
2DGM_F,335,G,H
2DGM_F,336,R,H
2DGM_F,337,E,H
2DGM_F,338,G,H
2DGM_F,339,Y,H
2DGM_F,340,T,H
2DGM_F,341,K,H
2DGM_F,342,V,H
2DGM_F,343,Q,H
2DGM_F,344,N,H
2DGM_F,345,A,H
2DGM_F,346,S,H
2DGM_F,347,Y,H
2DGM_F,348,Q,H
2DGM_F,349,V,H
2DGM_F,350,A,H
2DGM_F,351,A,H
2DGM_F,352,Y,H
2DGM_F,353,L,H
2DGM_F,354,A,H
2DGM_F,355,D,H
2DGM_F,356,E,H
2DGM_F,357,I,H
2DGM_F,358,A,H
2DGM_F,359,K,H
2DGM_F,360,L,C
2DGM_F,361,G,C
2DGM_F,362,P,C
2DGM_F,363,Y,C
2DGM_F,364,E,E
2DGM_F,365,F,E
2DGM_F,366,I,E
2DGM_F,367,C,E
2DGM_F,368,T,E
2DGM_F,369,G,C
2DGM_F,370,R,C
2DGM_F,371,P,C
2DGM_F,372,D,C
2DGM_F,373,E,C
2DGM_F,374,G,C
2DGM_F,375,I,C
2DGM_F,376,P,C
2DGM_F,377,A,E
2DGM_F,378,V,E
2DGM_F,379,C,E
2DGM_F,380,F,E
2DGM_F,381,K,E
2DGM_F,382,L,E
2DGM_F,383,K,C
2DGM_F,384,D,C
2DGM_F,385,G,C
2DGM_F,386,E,C
2DGM_F,387,D,C
2DGM_F,388,P,C
2DGM_F,389,G,C
2DGM_F,390,Y,C
2DGM_F,391,T,C
2DGM_F,392,L,H
2DGM_F,393,Y,H
2DGM_F,394,D,H
2DGM_F,395,L,H
2DGM_F,396,S,H
2DGM_F,397,E,H
2DGM_F,398,R,H
2DGM_F,399,L,H
2DGM_F,400,R,H
2DGM_F,401,L,H
2DGM_F,402,R,C
2DGM_F,403,G,C
2DGM_F,404,W,C
2DGM_F,405,Q,C
2DGM_F,406,V,C
2DGM_F,407,P,C
2DGM_F,408,A,E
2DGM_F,409,F,E
2DGM_F,410,T,E
2DGM_F,411,L,E
2DGM_F,412,G,C
2DGM_F,413,G,C
2DGM_F,414,E,C
2DGM_F,415,A,C
2DGM_F,416,T,C
2DGM_F,417,D,C
2DGM_F,418,I,E
2DGM_F,419,V,E
2DGM_F,420,V,E
2DGM_F,421,M,E
2DGM_F,422,R,E
2DGM_F,423,I,E
2DGM_F,424,M,E
2DGM_F,425,C,C
2DGM_F,426,R,C
2DGM_F,427,R,C
2DGM_F,428,G,C
2DGM_F,429,F,C
2DGM_F,430,E,C
2DGM_F,431,M,C
2DGM_F,432,D,C
2DGM_F,433,F,H
2DGM_F,434,A,H
2DGM_F,435,E,H
2DGM_F,436,L,H
2DGM_F,437,L,H
2DGM_F,438,L,H
2DGM_F,439,E,H
2DGM_F,440,D,H
2DGM_F,441,Y,H
2DGM_F,442,K,H
2DGM_F,443,A,H
2DGM_F,444,S,H
2DGM_F,445,L,H
2DGM_F,446,K,H
2DGM_F,447,Y,H
2DGM_F,448,L,H
2DGM_F,449,S,H
2DGM_F,450,D,H
2DGM_F,451,H,H
2DGM_F,452,P,H
2DGM_F,453,K,H
2DGM_F,454,L,H
2DGM_F,455,Q,H
2DGM_F,456,G,H
2DGM_F,457,I,C
2DGM_F,458,A,C
2DGM_F,459,Q,C
2DGM_F,460,Q,C
2DGM_F,461,N,C
2DGM_F,462,S,C
2DGM_F,463,F,C
2DGM_F,464,K,C
2DGM_F,465,H,C
2DGM_F,466,T,C
